{"Strategy Metrics": {"Daily Swing Trade Return": 256.7480549999999, "Buy & Hold Return": -6.804230999999999}, "Model Metrics": {"loss": 420.6208801269531, "mean_squared_error": 420.6208801269531, "mean_absolute_error": 19.300167083740234, "accuracy": 0.0421094074845314, "cosine_similarity": 0.9994749426841736}, "Class Metrics": {"f1_monark": 0.9603206412825651, "accuracy": 0.9612372748629601, "precision": 0.9530628480509149, "recall": 0.9676898222940227, "roc auc": 0.9614284977731511}}