{"Strategy Metrics": {"Daily Swing Trade Return": 56.74999599999999, "Buy & Hold Return": -3.499999999999999, "Auto13($22000) Return": 12175.82891300002}, "Model Metrics": {"loss": 145.16732788085938, "mean_squared_error": 145.16732788085938, "mean_absolute_error": 11.663691520690918, "accuracy": 0.15090543031692505, "cosine_proximity": 0.9995266795158386}, "Class Metrics": {"f1_monark": 0.6451612903225806, "accuracy": 0.6359077231695085, "precision": 0.632183908045977, "recall": 0.6586826347305389, "roc auc": 0.6357929302684953}}