{"Strategy Metrics": {"Daily Swing Trade Return": 108.43806799999993, "Buy & Hold Return": -6.669615000000001, "Auto13($22000) Return": 16219.478938999913}, "Model Metrics": {"loss": 420.7763977050781, "mean_squared_error": 420.7763977050781, "mean_absolute_error": 19.303945541381836, "accuracy": 0.13094769418239594, "cosine_similarity": 0.9994864463806152}, "Class Metrics": {"f1_monark": 0.618705035971223, "accuracy": 0.6267605633802817, "precision": 0.6128266033254157, "recall": 0.6246973365617433, "roc auc": 0.6266994655473864}}