{
    "accuracy":[
        0.21132726967334747,
        0.21932852268218994,
        0.2208973914384842,
        0.21179792284965515,
        0.21728898584842682,
        0.22262315452098846,
        0.217132106423378,
        0.22183871269226074,
        0.2234075963497162,
        0.21320991218090057,
        0.22011296451091766,
        0.2204267382621765,
        0.21870097517967224,
        0.22717289626598358,
        0.22419202327728271,
        0.2246626913547516,
        0.23642924427986145,
        0.2234075963497162,
        0.2254471331834793,
        0.2197991907596588,
        0.23062440752983093,
        0.22168183326721191,
        0.21995607018470764,
        0.22513335943222046
    ],
    "cosine_similarity":[
        0.595119059085846,
        0.5938951373100281,
        0.5877654552459717,
        0.589508593082428,
        0.5946027040481567,
        0.5890437364578247,
        0.631041407585144,
        0.6069821715354919,
        0.6137878894805908,
        0.637226939201355,
        0.6443126797676086,
        0.6492853760719299,
        0.6381450295448303,
        0.6403701901435852,
        0.645901620388031,
        0.6639136075973511,
        0.6755453944206238,
        0.6585445404052734,
        0.6395729780197144,
        0.6712989807128906,
        0.6662970185279846,
        0.6513795256614685,
        0.6723495125770569,
        0.6766917109489441
    ],
    "loss":[
        7.810371607774869e-05,
        4.569204611470923e-05,
        4.427782550919801e-05,
        3.627871046774089e-05,
        3.547831147443503e-05,
        3.445936818025075e-05,
        2.796690387185663e-05,
        3.0138702641124837e-05,
        2.9147000532248057e-05,
        2.884053174057044e-05,
        2.3240476366481744e-05,
        2.2702175556332804e-05,
        2.409009903203696e-05,
        2.2710681150783785e-05,
        1.9127059204038233e-05,
        1.898968366731424e-05,
        2.0717508959933184e-05,
        1.9062557839788496e-05,
        2.364622378081549e-05,
        1.8663813534658402e-05,
        1.9708169929799624e-05,
        2.2336382244247943e-05,
        1.9293247532914393e-05,
        1.7541391571285203e-05
    ],
    "mean_absolute_error":[
        0.004964991472661495,
        0.00406330730766058,
        0.004060232080519199,
        0.0037909033708274364,
        0.0037620423827320337,
        0.00368492235429585,
        0.003283084137365222,
        0.003398994682356715,
        0.0034399654250591993,
        0.0032375927548855543,
        0.0029872406739741564,
        0.0029273969121277332,
        0.0030511619988828897,
        0.0030116497073322535,
        0.002747038146480918,
        0.0027613386046141386,
        0.002872660756111145,
        0.0027852850034832954,
        0.0030045679304748774,
        0.0026041206438094378,
        0.002752056112512946,
        0.0027959421277046204,
        0.00270845671184361,
        0.0025461132172495127
    ],
    "mean_squared_error":[
        7.810371607774869e-05,
        4.569204611470923e-05,
        4.427782550919801e-05,
        3.627871046774089e-05,
        3.547831147443503e-05,
        3.445936818025075e-05,
        2.796690387185663e-05,
        3.0138702641124837e-05,
        2.9147000532248057e-05,
        2.8840528102591634e-05,
        2.3240476366481744e-05,
        2.2702175556332804e-05,
        2.409009903203696e-05,
        2.2710682969773188e-05,
        1.9127059204038233e-05,
        1.898968366731424e-05,
        2.0717508959933184e-05,
        1.9062557839788496e-05,
        2.364622378081549e-05,
        1.8663811715669e-05,
        1.970816811081022e-05,
        2.2336382244247943e-05,
        1.9293247532914393e-05,
        1.7541391571285203e-05
    ],
    "val_accuracy":[
        0.24905897676944733,
        0.2691342532634735,
        0.2829360067844391,
        0.14993727207183838,
        0.2559598386287689,
        0.2603513300418854,
        0.2659974992275238,
        0.23462985455989838,
        0.16122961044311523,
        0.18695107102394104,
        0.16185696423053741,
        0.2685069143772125,
        0.14366373419761658,
        0.18946047127246857,
        0.240276038646698,
        0.18005019426345825,
        0.26725220680236816,
        0.27164366841316223,
        0.17126725614070892,
        0.24529485404491425,
        0.2271016240119934,
        0.23964868485927582,
        0.18381430208683014,
        0.14680050313472748
    ],
    "val_cosine_similarity":[
        0.9441482424736023,
        -0.08332746475934982,
        0.690914511680603,
        0.9905505180358887,
        0.648195743560791,
        0.9982237219810486,
        0.9958986043930054,
        0.9987487196922302,
        0.4559127688407898,
        0.919517993927002,
        -0.2730450928211212,
        -0.27747729420661926,
        0.593582272529602,
        0.9238576292991638,
        0.9975739121437073,
        0.9987967610359192,
        0.7224155068397522,
        0.9943329691886902,
        0.5525290369987488,
        0.9970095157623291,
        0.9988377094268799,
        0.8045297265052795,
        0.2162032127380371,
        0.9985589981079102
    ],
    "val_loss":[
        5.518545094673755e-06,
        2.255750041513238e-05,
        1.1319942132104188e-05,
        3.186014509992674e-05,
        1.4594703316106461e-05,
        2.442775985400658e-05,
        1.083979987015482e-05,
        4.548297965811798e-06,
        4.227155841363128e-06,
        3.4488482469896553e-06,
        2.021333420998417e-05,
        1.3733456398767885e-05,
        4.831062142329756e-06,
        2.3428076474374393e-06,
        2.765724275377579e-06,
        1.5724330296507105e-05,
        4.0178369999921415e-06,
        5.11727648699889e-06,
        1.6852602129802108e-05,
        4.054013970744563e-06,
        4.6180703066056594e-06,
        4.309846644900972e-06,
        9.24491359910462e-06,
        6.849420515209204e-06
    ],
    "val_mean_absolute_error":[
        0.001249316381290555,
        0.0037076864391565323,
        0.0017434773035347462,
        0.0025372165255248547,
        0.002075084252282977,
        0.0043382346630096436,
        0.002562229987233877,
        0.0016621006652712822,
        0.0016839820891618729,
        0.0008259671158157289,
        0.0037083278875797987,
        0.003275172784924507,
        0.0014361521461978555,
        0.0006858384003862739,
        0.0010355906561017036,
        0.003680095076560974,
        0.0012046173214912415,
        0.0010444147046655416,
        0.0024711790028959513,
        0.0016731187934055924,
        0.0010574143379926682,
        0.0011678257724270225,
        0.0025381729938089848,
        0.0015306636923924088
    ],
    "val_mean_squared_error":[
        5.518544185179053e-06,
        2.255750041513238e-05,
        1.1319942132104188e-05,
        3.186014509992674e-05,
        1.4594701497117057e-05,
        2.4427756216027774e-05,
        1.0839801689144224e-05,
        4.548297965811798e-06,
        4.227155841363128e-06,
        3.4488482469896553e-06,
        2.0213332390994765e-05,
        1.3733456398767885e-05,
        4.831062142329756e-06,
        2.3428076474374393e-06,
        2.765724275377579e-06,
        1.572433211549651e-05,
        4.0178369999921415e-06,
        5.11727648699889e-06,
        1.6852602129802108e-05,
        4.054013970744563e-06,
        4.61807076135301e-06,
        4.309846644900972e-06,
        9.24491359910462e-06,
        6.849420515209204e-06
    ]
}