{"Strategy Metrics": {"Daily Swing Trade Return": 90.09999999999994, "Buy & Hold Return": -0.07000000000000206, "Auto13($22000) Return": 38989.07000000004}, "Model Metrics": {"loss": 135.36183166503906, "mean_squared_error": 135.36183166503906, "mean_absolute_error": 11.478665351867676, "accuracy": 0.12800875306129456, "cosine_similarity": 0.9991305470466614}, "Class Metrics": {"f1_monark": 0.8480492813141685, "accuracy": 0.8403451995685005, "precision": 0.8360323886639676, "recall": 0.8604166666666667, "roc auc": 0.8396043064876957}}