{
    "accuracy":[
        0.1090909093618393,
        0.20000000298023224,
        0.20000000298023224,
        0.16363635659217834,
        0.20000000298023224,
        0.1818181872367859,
        0.20000000298023224,
        0.2181818187236786,
        0.1818181872367859,
        0.2181818187236786,
        0.23636363446712494,
        0.2545454502105713,
        0.23636363446712494
    ],
    "cosine_similarity":[
        0.9166057109832764,
        0.967900276184082,
        0.9698588252067566,
        0.9716750383377075,
        0.9742499589920044,
        0.9706149697303772,
        0.9734015464782715,
        0.9735323190689087,
        0.9739120602607727,
        0.9757674932479858,
        0.9734786748886108,
        0.9724107384681702,
        0.9747287631034851
    ],
    "loss":[
        0.004426719155162573,
        0.0030386378057301044,
        0.0029920360539108515,
        0.0029818513430655003,
        0.0029243258759379387,
        0.0030310102738440037,
        0.002842523856088519,
        0.002739890944212675,
        0.0029243340250104666,
        0.0027860167901962996,
        0.0026820104103535414,
        0.002725491998717189,
        0.0025106333196163177
    ],
    "mean_absolute_error":[
        0.03900039568543434,
        0.028483284637331963,
        0.02899632230401039,
        0.027432937175035477,
        0.027073053643107414,
        0.02942698448896408,
        0.026542004197835922,
        0.027319850400090218,
        0.02760867215692997,
        0.025335682556033134,
        0.026066338643431664,
        0.02569538541138172,
        0.02589190937578678
    ],
    "mean_squared_error":[
        0.004426719155162573,
        0.0030386378057301044,
        0.0029920360539108515,
        0.0029818513430655003,
        0.0029243258759379387,
        0.0030310102738440037,
        0.002842523856088519,
        0.002739890944212675,
        0.0029243340250104666,
        0.0027860167901962996,
        0.0026820104103535414,
        0.002725491998717189,
        0.0025106333196163177
    ],
    "val_accuracy":[
        0.1428571492433548,
        0.1428571492433548,
        0.1428571492433548,
        0.1428571492433548,
        0.1428571492433548,
        0.1428571492433548,
        0.1428571492433548,
        0.1428571492433548,
        0.1428571492433548,
        0.1428571492433548,
        0.1428571492433548,
        0.1428571492433548,
        0.1428571492433548
    ],
    "val_cosine_similarity":[
        0.9684629440307617,
        0.9665724039077759,
        0.9815605282783508,
        0.9811300039291382,
        0.9733878374099731,
        0.9789034128189087,
        0.9819936752319336,
        0.9722954630851746,
        0.9740533828735352,
        0.976952850818634,
        0.9617475271224976,
        0.9743543863296509,
        0.9667463302612305
    ],
    "val_loss":[
        0.002218532608821988,
        0.0011912195477634668,
        0.0008660276071168482,
        0.001039982307702303,
        0.001479643164202571,
        0.0009608796099200845,
        0.0010135568445548415,
        0.0011973932851105928,
        0.0012287076096981764,
        0.0008812780724838376,
        0.0013327881461009383,
        0.0012393184006214142,
        0.0015951761743053794
    ],
    "val_mean_absolute_error":[
        0.0367870070040226,
        0.026320302858948708,
        0.021118834614753723,
        0.024329161271452904,
        0.029305769130587578,
        0.022262170910835266,
        0.02408926747739315,
        0.02586698904633522,
        0.02614310383796692,
        0.022014886140823364,
        0.027969731017947197,
        0.02602429874241352,
        0.028475675731897354
    ],
    "val_mean_squared_error":[
        0.002218532608821988,
        0.0011912195477634668,
        0.0008660276071168482,
        0.001039982307702303,
        0.001479643164202571,
        0.0009608796099200845,
        0.0010135568445548415,
        0.0011973932851105928,
        0.0012287076096981764,
        0.0008812780724838376,
        0.0013327881461009383,
        0.0012393184006214142,
        0.0015951761743053794
    ]
}