{
    "accuracy":[
        0.25139665603637695,
        0.18994413316249847,
        0.16201117634773254,
        0.23463687300682068,
        0.34078213572502136,
        0.29050278663635254,
        0.2402234673500061,
        0.29608938097953796,
        0.2793295979499817,
        0.2849161922931671,
        0.31843575835227966,
        0.31843575835227966,
        0.29608938097953796,
        0.29608938097953796,
        0.3631284832954407,
        0.37988826632499695,
        0.33519554138183594,
        0.35754188895225525,
        0.31843575835227966,
        0.3296089470386505,
        0.3519552946090698,
        0.31843575835227966,
        0.33519554138183594,
        0.3519552946090698,
        0.2849161922931671,
        0.29608938097953796,
        0.3687150776386261
    ],
    "cosine_similarity":[
        0.7263233661651611,
        0.8598278164863586,
        0.8685780167579651,
        0.7924878597259521,
        0.8473336100578308,
        0.8630808591842651,
        0.8479954600334167,
        0.869940996170044,
        0.8703438639640808,
        0.8728732466697693,
        0.882405698299408,
        0.8958554267883301,
        0.8917558789253235,
        0.8908060789108276,
        0.9055429697036743,
        0.8880196809768677,
        0.9071793556213379,
        0.895682156085968,
        0.8978320360183716,
        0.9033496379852295,
        0.8776276707649231,
        0.8995405435562134,
        0.9054014682769775,
        0.9069656133651733,
        0.9059224724769592,
        0.9012546539306641,
        0.9061655402183533
    ],
    "loss":[
        0.20490659773349762,
        0.155013769865036,
        0.1208115890622139,
        0.05864611268043518,
        0.04580510035157204,
        0.04714762791991234,
        0.04462045431137085,
        0.04173148050904274,
        0.039840035140514374,
        0.036265499889850616,
        0.0356677882373333,
        0.034647051244974136,
        0.03462529182434082,
        0.035300884395837784,
        0.03300900757312775,
        0.031583648175001144,
        0.03066760115325451,
        0.0298595167696476,
        0.03102562576532364,
        0.03179917111992836,
        0.03263076767325401,
        0.030399441719055176,
        0.030647505074739456,
        0.030449699610471725,
        0.028781795874238014,
        0.0299967173486948,
        0.02734503149986267
    ],
    "mean_absolute_error":[
        0.37344735860824585,
        0.34572088718414307,
        0.2977043092250824,
        0.18792906403541565,
        0.1679484099149704,
        0.16557157039642334,
        0.16308920085430145,
        0.15474331378936768,
        0.15257638692855835,
        0.14563289284706116,
        0.1446487307548523,
        0.14357219636440277,
        0.14148573577404022,
        0.1428036242723465,
        0.14038996398448944,
        0.1347491294145584,
        0.13198603689670563,
        0.13190443813800812,
        0.1327734887599945,
        0.13626739382743835,
        0.13795088231563568,
        0.13042233884334564,
        0.13276101648807526,
        0.13057978451251984,
        0.1286804974079132,
        0.1316971331834793,
        0.12824517488479614
    ],
    "mean_squared_error":[
        0.20490659773349762,
        0.155013769865036,
        0.1208115890622139,
        0.05864611268043518,
        0.04580510035157204,
        0.04714762791991234,
        0.04462045431137085,
        0.04173148050904274,
        0.039840035140514374,
        0.036265499889850616,
        0.0356677882373333,
        0.034647051244974136,
        0.03462529182434082,
        0.035300884395837784,
        0.03300900757312775,
        0.031583644449710846,
        0.03066760115325451,
        0.0298595167696476,
        0.03102562576532364,
        0.03179917111992836,
        0.03263076767325401,
        0.030399441719055176,
        0.030647505074739456,
        0.030449699610471725,
        0.028781795874238014,
        0.0299967173486948,
        0.02734503149986267
    ],
    "val_accuracy":[
        0.20000000298023224,
        0.3777777850627899,
        0.2888889014720917,
        0.24444444477558136,
        0.2666666805744171,
        0.31111112236976624,
        0.35555556416511536,
        0.3333333432674408,
        0.31111112236976624,
        0.2888889014720917,
        0.31111112236976624,
        0.3777777850627899,
        0.3777777850627899,
        0.2888889014720917,
        0.31111112236976624,
        0.31111112236976624,
        0.31111112236976624,
        0.3333333432674408,
        0.2888889014720917,
        0.35555556416511536,
        0.35555556416511536,
        0.3333333432674408,
        0.3777777850627899,
        0.35555556416511536,
        0.3333333432674408,
        0.35555556416511536,
        0.31111112236976624
    ],
    "val_cosine_similarity":[
        0.8971794843673706,
        0.9084892272949219,
        0.9075092077255249,
        0.917116105556488,
        0.9179962873458862,
        0.9124599695205688,
        0.8966295719146729,
        0.9068472981452942,
        0.912284255027771,
        0.9177737832069397,
        0.9184355139732361,
        0.9179912209510803,
        0.9079938530921936,
        0.919785737991333,
        0.9136967062950134,
        0.9169255495071411,
        0.9127159118652344,
        0.9128330945968628,
        0.9141060709953308,
        0.9178263545036316,
        0.9187765121459961,
        0.9179369807243347,
        0.9159600138664246,
        0.915044903755188,
        0.9190763831138611,
        0.9181296229362488,
        0.9071711897850037
    ],
    "val_loss":[
        0.12115509063005447,
        0.10282794386148453,
        0.04523630812764168,
        0.03117327392101288,
        0.03134365379810333,
        0.029063746333122253,
        0.03271496668457985,
        0.027156265452504158,
        0.035679589956998825,
        0.03191692382097244,
        0.026477601379156113,
        0.025463785976171494,
        0.03143688663840294,
        0.025640316307544708,
        0.026521749794483185,
        0.02761841006577015,
        0.027051560580730438,
        0.025923507288098335,
        0.03177419304847717,
        0.029573749750852585,
        0.025846276432275772,
        0.027524542063474655,
        0.027915222570300102,
        0.030456190928816795,
        0.028289180248975754,
        0.026141779497265816,
        0.027050865814089775
    ],
    "val_mean_absolute_error":[
        0.31218409538269043,
        0.28777971863746643,
        0.16637589037418365,
        0.13193202018737793,
        0.13460010290145874,
        0.1274040788412094,
        0.13987840712070465,
        0.12108440697193146,
        0.14094720780849457,
        0.12844091653823853,
        0.11774197965860367,
        0.11399015784263611,
        0.13233812153339386,
        0.1141284853219986,
        0.11400311440229416,
        0.12326642125844955,
        0.11983831226825714,
        0.11662217974662781,
        0.12760674953460693,
        0.12916643917560577,
        0.11469974368810654,
        0.12314603477716446,
        0.12049886584281921,
        0.13098007440567017,
        0.12578724324703217,
        0.11415714770555496,
        0.11546654254198074
    ],