{"Strategy Metrics": {"Daily Swing Trade Return": 37208.08837500001, "Buy & Hold Return": 1499.8193360000005, "Auto13($22000) Return": 74416.17675000004}, "Model Metrics": {"loss": 85401760.0, "mean_squared_error": 85401760.0, "mean_absolute_error": 9117.2548828125, "accuracy": 0.1658986210823059, "cosine_proximity": 0.9994579553604126}, "Class Metrics": {"f1_monark": 0.8454545454545455, "accuracy": 0.8443935926773455, "precision": 0.8493150684931506, "recall": 0.8416289592760181, "roc auc": 0.8444255907491202}}