{"Strategy Metrics": {"Daily Swing Trade Return": 37.47000200000002, "Buy & Hold Return": -26.409998999999992, "Auto13($22000) Return": 11745.27027999999}, "Model Metrics": {"loss": 211.24990844726562, "mean_squared_error": 211.24990844726562, "mean_absolute_error": 13.044697761535645, "accuracy": 0.2764706015586853, "cosine_proximity": 0.995948076248169}, "Class Metrics": {"f1_monark": 0.751592356687898, "accuracy": 0.7745664739884393, "precision": 0.7564102564102564, "recall": 0.7468354430379747, "roc auc": 0.7723538917317532}}