{"Strategy Metrics": {"Daily Swing Trade Return": 59.80000800000002, "Buy & Hold Return": -25.909999000000006, "Auto13($22000) Return": 11633.510780000004}, "Model Metrics": {"loss": 615.0621948242188, "mean_squared_error": 615.0621948242188, "mean_absolute_error": 20.948532104492188, "accuracy": 0.1487603336572647, "cosine_proximity": 0.9723904728889465}, "Class Metrics": {"f1_monark": 0.7647058823529412, "accuracy": 0.7723577235772358, "precision": 0.7459016393442623, "recall": 0.7844827586206896, "roc auc": 0.7730106100795755}}