{"Strategy Metrics": {"Daily Swing Trade Return": 4.325000000000003, "Buy & Hold Return": 0.2550000000000008, "Auto13($22000) Return": 1139.9099999999926}, "Model Metrics": {"loss": 131.12081909179688, "mean_squared_error": 131.12081909179688, "mean_absolute_error": 11.312202453613281, "accuracy": 0.2380952388048172, "cosine_similarity": 0.9953892827033997}, "Class Metrics": {"f1_monark": 0.5416666666666667, "accuracy": 0.5217391304347826, "precision": 0.5, "recall": 0.5909090909090909, "roc auc": 0.5246212121212122}}