{"Strategy Metrics": {"Daily Swing Trade Return": 41.540000000000006, "Buy & Hold Return": -25.770000000000003, "Auto13($22000) Return": 14567.580000000002}, "Model Metrics": {"loss": 188.74221801757812, "mean_squared_error": 188.74221801757812, "mean_absolute_error": 12.595952987670898, "accuracy": 0.2934131622314453, "cosine_proximity": 0.994540274143219}, "Class Metrics": {"f1_monark": 0.794701986754967, "accuracy": 0.8176470588235294, "precision": 0.8108108108108109, "recall": 0.7792207792207793, "roc auc": 0.8143415724060885}}