{"Strategy Metrics": {"Daily Swing Trade Return": 1332.2560790000014, "Buy & Hold Return": 370.56400299999996, "Auto13($22000) Return": 63489.93043200005}, "Model Metrics": {"loss": 26785.650390625, "mean_squared_error": 26785.650390625, "mean_absolute_error": 121.9695816040039, "accuracy": 0.06237424537539482, "cosine_similarity": 0.9960210919380188}, "Class Metrics": {"f1_monark": 0.9727767695099819, "accuracy": 0.9705882352941176, "precision": 0.9781021897810219, "recall": 0.9675090252707581, "roc auc": 0.9708789761546924}}