{"Strategy Metrics": {"Daily Swing Trade Return": 258.58729999999963, "Buy & Hold Return": -6.804230999999999, "Auto13($22000) Return": 245814.84209700004}, "Model Metrics": {"loss": 421.1002197265625, "mean_squared_error": 421.1002197265625, "mean_absolute_error": 19.310245513916016, "accuracy": 0.11570248007774353, "cosine_similarity": 0.999487042427063}, "Class Metrics": {"f1_monark": 0.9887550200803213, "accuracy": 0.9890368050117463, "precision": 0.9832268370607029, "recall": 0.994345718901454, "roc auc": 0.9891941360464717}}