{
    "accuracy":[
        0.06567201018333435,
        0.07557784020900726,
        0.07839060574769974,
        0.084383025765419,
        0.07484407722949982,
        0.08328237384557724,
        0.08132567256689072,
        0.08805185556411743,
        0.0842607319355011,
        0.08328237384557724,
        0.08536137640476227,
        0.08817414939403534,
        0.08523908257484436,
        0.08695120364427567,
        0.08805185556411743,
        0.08695120364427567,
        0.08976396918296814,
        0.08768496662378311,
        0.08633973449468613,
        0.08670661598443985
    ],
    "cosine_similarity":[
        0.9384281039237976,
        0.9558313488960266,
        0.9537365436553955,
        0.9534470438957214,
        0.9526262879371643,
        0.9563397169113159,
        0.9613186120986938,
        0.9569696187973022,
        0.9562017917633057,
        0.9556751251220703,
        0.9535830616950989,
        0.9541671276092529,
        0.9564581513404846,
        0.9570657014846802,
        0.9496198296546936,
        0.9537414908409119,
        0.9563714861869812,
        0.9579837918281555,
        0.9572156071662903,
        0.9508671164512634
    ],
    "loss":[
        0.0011349320411682129,
        0.0005065427394583821,
        0.000423918419983238,
        0.00039617528091184795,
        0.0003789491893257946,
        0.0003758893581107259,
        0.0003567323728930205,
        0.0003454539109952748,
        0.00034598683123476803,
        0.0003424180904403329,
        0.00033661717316135764,
        0.00033445862936787307,
        0.00032990178442560136,
        0.0003293304471299052,
        0.000328013178659603,
        0.00032741084578447044,
        0.00032716686837375164,
        0.0003297344665043056,
        0.00032358974567614496,
        0.0003219074569642544
    ],
    "mean_absolute_error":[
        0.01739935576915741,
        0.01249474287033081,
        0.011503868736326694,
        0.011093106120824814,
        0.010759874247014523,
        0.010697871446609497,
        0.010356839746236801,
        0.01025791373103857,
        0.010265756398439407,
        0.010173757560551167,
        0.010033263824880123,
        0.010049493052065372,
        0.009971605613827705,
        0.009914692491292953,
        0.009952142834663391,
        0.009863016195595264,
        0.009907099418342113,
        0.009858877398073673,
        0.009728247299790382,
        0.009822014719247818
    ],
    "mean_squared_error":[
        0.0011349320411682129,
        0.0005065427394583821,
        0.000423918419983238,
        0.00039617528091184795,
        0.0003789491893257946,
        0.0003758893581107259,
        0.0003567323728930205,
        0.0003454539109952748,
        0.00034598683123476803,
        0.0003424180904403329,
        0.00033661717316135764,
        0.00033445862936787307,
        0.00032990178442560136,
        0.0003293304471299052,
        0.000328013178659603,
        0.00032741084578447044,
        0.00032716686837375164,
        0.0003297344665043056,
        0.00032358974567614496,
        0.0003219074569642544
    ],
    "val_accuracy":[
        0.06063569709658623,
        0.13545233011245728,
        0.07041564583778381,
        0.0914425402879715,
        0.08850855380296707,
        0.11100244522094727,
        0.10464547574520111,
        0.07726161181926727,
        0.07823961228132248,
        0.07872860878705978,
        0.05281173437833786,
        0.06014670059084892,
        0.05378973111510277,
        0.14572127163410187,
        0.05525672435760498,
        0.05672371760010719,
        0.059168703854084015,
        0.0572127141058445,
        0.07286063581705093,
        0.0577017106115818
    ],
    "val_cosine_similarity":[
        0.6499119997024536,
        0.9972839951515198,
        0.9942119121551514,
        0.9953076839447021,
        0.99660724401474,
        0.9957530498504639,
        0.9961047172546387,
        0.8950695991516113,
        0.9924649596214294,
        0.9973552227020264,
        0.9969213008880615,
        0.9764544367790222,
        0.9931975603103638,
        0.9978856444358826,
        0.9201326966285706,
        0.9941410422325134,
        0.9948069453239441,
        0.938886821269989,
        0.9966354966163635,
        0.9896772503852844
    ],
    "val_loss":[
        0.00032879310310818255,
        0.0002799770445562899,
        0.00024468835908919573,
        0.0003246008709538728,
        0.00026167090982198715,
        0.00031568814301863313,
        0.00036097606061957777,
        0.0003319810493849218,
        0.00041125062853097916,
        0.00023510331811849028,
        0.00023985272855497897,
        0.0002557969419285655,
        0.00023572634381707758,
        0.0002430557069601491,
        0.000252500525675714,
        0.0002497785026207566,
        0.0002698327589314431,
        0.0002527971810195595,
        0.00026081406394951046,
        0.0002517523826099932
    ],
    "val_mean_absolute_error":[
        0.012731499969959259,
        0.009793710894882679,
        0.007830547168850899,
        0.010666916146874428,
        0.008385666646063328,
        0.00992253702133894,
        0.01044826116412878,
        0.010733175091445446,
        0.011037318035960197,
        0.00794046837836504,
        0.0076347473077476025,
        0.00811498798429966,
        0.007489040028303862,
        0.008483846671879292,
        0.009575600735843182,
        0.007973895408213139,
        0.00836163479834795,
        0.008623364381492138,
        0.010264657437801361,
        0.008124011568725109
    ],
    "val_mean_squared_error":[
        0.00032879310310818255,
        0.0002799770445562899,
        0.00024468835908919573,
        0.0003246008709538728,
        0.00026167090982198715,
        0.00031568814301863313,
        0.00036097606061957777,
        0.0003319810493849218,
        0.00041125062853097916,
        0.00023510331811849028,
        0.00023985272855497897,
        0.0002557969419285655,
        0.00023572634381707758,
        0.0002430557069601491,
        0.000252500525675714,
        0.0002497785026207566,
        0.0002698327589314431,
        0.0002527971810195595,
        0.00026081406394951046,
        0.0002517523826099932
    ]
}