{"Strategy Metrics": {"Daily Swing Trade Return": 1259.704048000001, "Buy & Hold Return": 369.38000099999994, "Auto13($22000) Return": 34363.97474599999}, "Model Metrics": {"loss": 26742.525390625, "mean_squared_error": 26742.525390625, "mean_absolute_error": 121.8446044921875, "accuracy": 0.08433734625577927, "cosine_similarity": 0.9969083666801453}, "Class Metrics": {"f1_monark": 0.8379310344827587, "accuracy": 0.8160469667318982, "precision": 0.801980198019802, "recall": 0.8772563176895307, "roc auc": 0.8104230306396372}}