{"Strategy Metrics": {"Daily Swing Trade Return": 37619.54101199999, "Buy & Hold Return": 1499.8193360000005, "Auto13($22000) Return": 75239.082024}, "Model Metrics": {"loss": 84535888.0, "mean_squared_error": 84535888.0, "mean_absolute_error": 9072.03125, "accuracy": 0.049528300762176514, "cosine_similarity": 0.9984080195426941}, "Class Metrics": {"f1_monark": 0.856492027334852, "accuracy": 0.8558352402745996, "precision": 0.8623853211009175, "recall": 0.8506787330316742, "roc auc": 0.8558949220713927}}