{
    "accuracy":[
        0.15595975518226624,
        0.1594427227973938,
        0.1571207493543625,
        0.16524767875671387,
        0.17298761010169983,
        0.1722136288881302,
        0.15828172862529755,
        0.1594427227973938,
        0.16756965219974518,
        0.15982972085475922,
        0.1787925660610199,
        0.14551083743572235,
        0.16331268846988678,
        0.15982972085475922,
        0.15982972085475922,
        0.16911764442920685,
        0.15479876101016998,
        0.16989164054393768,
        0.17492260038852692,
        0.17376160621643066,
        0.1722136288881302,
        0.18072755634784698,
        0.18459752202033997,
        0.19040247797966003,
        0.1726006120443344,
        0.19001547992229462,
        0.1915634721517563,
        0.17840556800365448,
        0.1811145544052124,
        0.19311144948005676,
        0.17763157188892365,
        0.19001547992229462,
        0.18924148380756378,
        0.18382352590560913,
        0.18498452007770538,
        0.19969040155410767,
        0.1876934915781021,
        0.19582043588161469,
        0.16408668458461761,
        0.18846748769283295,
        0.18266253173351288,
        0.18498452007770538,
        0.20007739961147308,
        0.18072755634784698,
        0.17801856994628906
    ],
    "cosine_similarity":[
        0.968250572681427,
        0.9535641670227051,
        0.9385905861854553,
        0.9335029721260071,
        0.9274246692657471,
        0.9304967522621155,
        0.9317231178283691,
        0.9301784038543701,
        0.9201424717903137,
        0.9225457310676575,
        0.9198144674301147,
        0.9280329346656799,
        0.9281457662582397,
        0.9190216660499573,
        0.9217211604118347,
        0.918572187423706,
        0.9225473999977112,
        0.9232957363128662,
        0.9192159175872803,
        0.9238107204437256,
        0.9197129607200623,
        0.9261898994445801,
        0.9251339435577393,
        0.9275888800621033,
        0.9256695508956909,
        0.9310176372528076,
        0.925214946269989,
        0.9223886132240295,
        0.9279215335845947,
        0.9195126891136169,
        0.9282261729240417,
        0.9205052852630615,
        0.9227419495582581,
        0.9232257008552551,
        0.9255558252334595,
        0.929390549659729,
        0.9253531694412231,
        0.9263314008712769,
        0.9284899234771729,
        0.9277781248092651,
        0.9283193945884705,
        0.9324759244918823,
        0.9354820847511292,
        0.9222036004066467,
        0.9368121027946472
    ],
    "loss":[
        0.015321232378482819,
        0.005646204575896263,
        0.003664289368316531,
        0.003036809852346778,
        0.0025295764207839966,
        0.0023523494601249695,
        0.0022240043617784977,
        0.0021391066256910563,
        0.0020988648757338524,
        0.0019387556239962578,
        0.0020197934936732054,
        0.0018591581610962749,
        0.0018465269822627306,
        0.001720053143799305,
        0.0018879083218052983,
        0.0016818941803649068,
        0.001945778727531433,
        0.0016776121919974685,
        0.0017940032994374633,
        0.0018178089521825314,
        0.0016927217366173863,
        0.0017936724470928311,
        0.0017963522113859653,
        0.0016096716281026602,
        0.0016690045595169067,
        0.001702307490631938,
        0.001809163368307054,
        0.0017017096979543567,
        0.0017861921805888414,
        0.0017670488450676203,
        0.0016880315961316228,
        0.0016867667436599731,
        0.0016290207859128714,
        0.0016296450048685074,
        0.0016673421487212181,
        0.001606459729373455,
        0.001639632391743362,
        0.0015389525797218084,
        0.0016126197297126055,
        0.0016131261363625526,
        0.0016630288446322083,
        0.0015182794304564595,
        0.0016451040282845497,
        0.001599816489033401,
        0.0016706576570868492
    ],
    "mean_absolute_error":[
        0.0779891088604927,
        0.05041913688182831,
        0.041346773505210876,
        0.03808140754699707,
        0.03529011458158493,
        0.03436889126896858,
        0.03403935208916664,
        0.033552560955286026,
        0.033128220587968826,
        0.0322134792804718,
        0.03328653797507286,
        0.031717363744974136,
        0.03169722855091095,
        0.030516570433974266,
        0.032194655388593674,
        0.030376316979527473,
        0.03274979442358017,
        0.03024362213909626,
        0.03135446831583977,
        0.0317121222615242,
        0.03054625540971756,
        0.03106025420129299,
        0.03107793629169464,
        0.02982083521783352,
        0.030325857922434807,
        0.030340982601046562,
        0.03094649873673916,
        0.03041444532573223,
        0.030971592292189598,
        0.03087574988603592,
        0.030373496934771538,
        0.030366459861397743,
        0.03002154268324375,
        0.029793180525302887,
        0.029898563399910927,
        0.029522648081183434,
        0.02985592558979988,
        0.02916904166340828,
        0.029819518327713013,
        0.029550207778811455,
        0.02945038489997387,
        0.028979582712054253,
        0.030005253851413727,
        0.029286352917551994,
        0.029921697452664375
    ],
    "mean_squared_error":[
        0.015321232378482819,
        0.005646204575896263,
        0.003664289368316531,
        0.003036809852346778,
        0.0025295764207839966,
        0.0023523494601249695,
        0.0022240043617784977,
        0.0021391066256910563,
        0.0020988648757338524,
        0.0019387556239962578,
        0.0020197934936732054,
        0.0018591581610962749,
        0.0018465269822627306,
        0.001720053143799305,
        0.0018879083218052983,
        0.0016818941803649068,
        0.001945778727531433,
        0.0016776121919974685,
        0.0017940032994374633,
        0.0018178089521825314,
        0.0016927217366173863,
        0.0017936724470928311,
        0.0017963522113859653,
        0.0016096716281026602,
        0.0016690045595169067,
        0.0017023073742166162,
        0.001809163368307054,
        0.0017017096979543567,
        0.0017861921805888414,
        0.0017670488450676203,
        0.0016880315961316228,
        0.0016867667436599731,
        0.0016290207859128714,
        0.0016296450048685074,
        0.0016673421487212181,
        0.001606459729373455,
        0.0016396322753280401,
        0.0015389525797218084,
        0.0016126197297126055,
        0.0016131261363625526,
        0.0016630288446322083,
        0.0015182794304564595,
        0.0016451040282845497,
        0.001599816489033401,
        0.0016706576570868492
    ],