{
    "accuracy":[
        0.20590747892856598,
        0.20798242092132568,
        0.20920297503471375,
        0.1946783810853958,
        0.19516660273075104,
        0.1963871568441391,
        0.18784327805042267,
        0.19553276896476746,
        0.20871475338935852,
        0.20761625468730927,
        0.21078969538211823,
        0.2160380780696869,
        0.21506163477897644,
        0.21713657677173615,
        0.22934211790561676,
        0.20541925728321075,
        0.21701452136039734,
        0.21750274300575256,
        0.2261686772108078,
        0.22067618370056152,
        0.21689246594905853,
        0.22116440534591675,
        0.21713657677173615,
        0.21127791702747345,
        0.21457341313362122
    ],
    "cosine_similarity":[
        0.8395674228668213,
        0.7490524053573608,
        0.741692841053009,
        0.7464227676391602,
        0.744350790977478,
        0.7641998529434204,
        0.7559075951576233,
        0.7611852288246155,
        0.7609438300132751,
        0.7496469616889954,
        0.761259138584137,
        0.7506913542747498,
        0.7578393816947937,
        0.7626237273216248,
        0.7547739148139954,
        0.7604039907455444,
        0.7592108249664307,
        0.7602611780166626,
        0.7503594756126404,
        0.7693818211555481,
        0.763156533241272,
        0.751442015171051,
        0.7678552269935608,
        0.7547524571418762,
        0.7633821964263916
    ],
    "loss":[
        0.008435329422354698,
        0.003084977390244603,
        0.0025266408920288086,
        0.002037001308053732,
        0.001985464245080948,
        0.001916501671075821,
        0.001866955659352243,
        0.00200094492174685,
        0.0019769654609262943,
        0.0019060535123571754,
        0.0019244576105847955,
        0.0019747719634324312,
        0.0018843179568648338,
        0.0019823224283754826,
        0.00189029925968498,
        0.0018473860109224916,
        0.0018442210275679827,
        0.0018438572296872735,
        0.0018988437950611115,
        0.0019136052578687668,
        0.0019268967444077134,
        0.0018699883949011564,
        0.0018352759070694447,
        0.0018744897097349167,
        0.0019386636558920145
    ],
    "mean_absolute_error":[
        0.050568804144859314,
        0.03671545535326004,
        0.033776164054870605,
        0.0313485786318779,
        0.030701937153935432,
        0.03024730272591114,
        0.029993325471878052,
        0.03093365766108036,
        0.03043484129011631,
        0.03031940571963787,
        0.030543353408575058,
        0.0307757705450058,
        0.029869787395000458,
        0.030390819534659386,
        0.030115291476249695,
        0.029971783980727196,
        0.029808416962623596,
        0.029669487848877907,
        0.030042197555303574,
        0.030018026009202003,
        0.03033088520169258,
        0.029883384704589844,
        0.029175367206335068,
        0.030019350349903107,
        0.030679909512400627
    ],
    "mean_squared_error":[
        0.008435329422354698,
        0.003084977390244603,
        0.0025266408920288086,
        0.002037001308053732,
        0.001985464245080948,
        0.001916501671075821,
        0.001866955659352243,
        0.00200094492174685,
        0.0019769652280956507,
        0.0019060535123571754,
        0.0019244576105847955,
        0.0019747719634324312,
        0.0018843179568648338,
        0.0019823224283754826,
        0.00189029925968498,
        0.0018473860109224916,
        0.001844220794737339,
        0.0018438572296872735,
        0.0018988437950611115,
        0.0019136052578687668,
        0.0019268967444077134,
        0.0018699883949011564,
        0.0018352759070694447,
        0.0018744897097349167,
        0.0019386636558920145
    ],
    "val_accuracy":[
        0.2806246876716614,
        0.1547096073627472,
        0.13616397976875305,
        0.239141047000885,
        0.1849682778120041,
        0.277696430683136,
        0.14543679356575012,
        0.22059541940689087,
        0.25622254610061646,
        0.28843337297439575,
        0.23670083284378052,
        0.15080526471138,
        0.2654953598976135,
        0.17227916419506073,
        0.19912151992321014,
        0.16837482154369354,
        0.14494875073432922,
        0.1542215645313263,
        0.22693997621536255,
        0.26354318857192993,
        0.19619326293468475,
        0.2772083878517151,
        0.2162030190229416,
        0.22742801904678345,
        0.23767691850662231
    ],
    "val_cosine_similarity":[
        0.9893083572387695,
        0.9944780468940735,
        0.9988972544670105,
        0.9990524053573608,
        0.9990218281745911,
        0.9990763664245605,
        0.9988997578620911,
        0.9991037845611572,
        0.999017059803009,
        0.9990800023078918,
        0.9987900257110596,
        0.999048113822937,
        0.9797788262367249,
        0.999083399772644,
        0.9990713596343994,
        0.9421283006668091,
        0.9990587830543518,
        0.9989256858825684,
        0.999041736125946,
        0.999010443687439,
        0.6301090121269226,
        0.9990493655204773,
        0.9990507364273071,
        0.9990857243537903,
        0.9990872740745544
    ],
    "val_loss":[
        0.0012882552109658718,
        0.00028128441772423685,
        0.00038293024408631027,
        0.0004953643074259162,
        0.00034442252945154905,
        0.000493343104608357,
        0.00019574107136577368,
        0.0002281000924995169,
        0.00016404289635829628,
        0.00015643442748114467,
        0.00035532331094145775,
        0.00041125595453195274,
        0.00029529022867791355,
        0.0003904556797351688,
        0.00024244736414402723,
        0.00020647075143642724,
        0.0003012765955645591,
        0.00016533679445274174,
        0.00022359754075296223,
        0.0002144835307262838,
        0.00030653327121399343,
        0.0008478176896460354,
        0.0005000930395908654,
        0.00047103784163482487,
        0.00028601320809684694
    ],
    "val_mean_absolute_error":[
        0.02332904562354088,
        0.010576841421425343,
        0.016705181449651718,
        0.01976558193564415,
        0.014948802068829536,
        0.017216406762599945,
        0.00864358339458704,
        0.01055524405092001,
        0.00755665497854352,
        0.006930418312549591,
        0.01000242494046688,
        0.012472370639443398,
        0.011446472257375717,
        0.012257511727511883,
        0.010262385942041874,
        0.009350564330816269,
        0.009171062149107456,
        0.006721148733049631,
        0.012108590453863144,
        0.008474433794617653,
        0.01268137339502573,
        0.019351720809936523,
        0.014102896675467491,
        0.018072541803121567,
        0.011371332220733166
    ],
    "val_mean_squared_error":[
        0.0012882552109658718,
        0.00028128441772423685,
        0.00038293024408631027,
        0.0004953643074259162,
        0.00034442252945154905,
        0.000493343104608357,
        0.00019574107136577368,
        0.0002281000924995169,
        0.00016404289635829628,
        0.00015643442748114467,
        0.00035532331094145775,
        0.00041125595453195274,
        0.00029529022867791355,
        0.0003904556797351688,
        0.00024244736414402723,
        0.000206470736884512,
        0.0003012765955645591,
        0.00016533679445274174,
        0.00022359754075296223,
        0.0002144835307262838,
        0.00030653327121399343,
        0.0008478176896460354,
        0.0005000930395908654,
        0.00047103784163482487,
        0.00028601320809684694
    ]
}