{"Strategy Metrics": {"Daily Swing Trade Return": 643.4100939999994, "Buy & Hold Return": 77.78999400000004, "Auto13($22000) Return": 12440.94101100001}, "Model Metrics": {"loss": 44035.375, "mean_squared_error": 44035.375, "mean_absolute_error": 207.4408416748047, "accuracy": 0.09859155118465424, "cosine_similarity": 0.9990217089653015}, "Class Metrics": {"f1_monark": 0.8960396039603962, "accuracy": 0.8858695652173914, "precision": 0.900497512437811, "recall": 0.8916256157635468, "roc auc": 0.8852067472757127}}