{
    "accuracy":[
        0.22277580201625824,
        0.21708184480667114,
        0.2199288308620453,
        0.2334519624710083,
        0.21281138062477112,
        0.22064056992530823,
        0.22846974432468414,
        0.22277580201625824,
        0.22064056992530823,
        0.23487544059753418,
        0.21921707689762115,
        0.2256227731704712,
        0.2241992950439453,
        0.20711743831634521,
        0.23843416571617126,
        0.2142348736524582,
        0.22633451223373413,
        0.2277580052614212,
        0.21352313458919525,
        0.2199288308620453,
        0.23202846944332123,
        0.2241992950439453,
        0.21779359877109528,
        0.23985764384269714,
        0.21850533783435822,
        0.2142348736524582,
        0.23416370153427124,
        0.2370106726884842,
        0.2334519624710083,
        0.21352313458919525,
        0.24412810802459717,
        0.22348754107952118,
        0.22277580201625824,
        0.24626334011554718,
        0.20355871319770813,
        0.23629893362522125,
        0.21209964156150818,
        0.23416370153427124,
        0.2220640629529953,
        0.2049822062253952,
        0.21565836668014526,
        0.2448398619890213,
        0.23772242665290833,
        0.21779359877109528,
        0.20355871319770813,
        0.22277580201625824,
        0.22135230898857117,
        0.21708184480667114,
        0.2355871945619583,
        0.24341636896133423,
        0.2220640629529953,
        0.2355871945619583,
        0.22989323735237122,
        0.21138790249824524,
        0.22348754107952118,
        0.21281138062477112,
        0.21850533783435822,
        0.23772242665290833,
        0.2241992950439453,
        0.22348754107952118,
        0.23843416571617126,
        0.22846974432468414,
        0.24056939780712128,
        0.2355871945619583,
        0.2256227731704712
    ],
    "cosine_similarity":[
        0.9392129182815552,
        0.9139334559440613,
        0.8608295321464539,
        0.846659779548645,
        0.8547334671020508,
        0.8769537210464478,
        0.8946652412414551,
        0.892685055732727,
        0.8687108755111694,
        0.8707349896430969,
        0.8872518539428711,
        0.8937758207321167,
        0.8688259124755859,
        0.8621029257774353,
        0.8660839200019836,
        0.8783946633338928,
        0.8662293553352356,
        0.8583993911743164,
        0.8679632544517517,
        0.875678300857544,
        0.8711137175559998,
        0.8547616004943848,
        0.8712546825408936,
        0.8794604539871216,
        0.876063346862793,
        0.859935998916626,
        0.8956281542778015,
        0.8537023067474365,
        0.8831098079681396,
        0.880130410194397,
        0.8792714476585388,
        0.8737242817878723,
        0.8511243462562561,
        0.8675878643989563,
        0.8697590827941895,
        0.8683851957321167,
        0.8944440484046936,
        0.8813260197639465,
        0.8820409774780273,
        0.8675462603569031,
        0.8834993839263916,
        0.8989294171333313,
        0.8890734314918518,
        0.8510363101959229,
        0.8662375211715698,
        0.8638785481452942,
        0.8560578227043152,
        0.8900740146636963,
        0.8663427233695984,
        0.8542448282241821,
        0.8624125719070435,
        0.8792358636856079,
        0.8623473644256592,
        0.8762493133544922,
        0.8632749319076538,
        0.8781290650367737,
        0.8866239786148071,
        0.8719543814659119,
        0.8722478151321411,
        0.8804552555084229,
        0.8734263777732849,
        0.8660224676132202,
        0.8723992705345154,
        0.8634213805198669,
        0.8812572360038757
    ],
    "loss":[
        0.005062041338533163,
        0.001963899238035083,
        0.0016442727064713836,
        0.0016622066032141447,
        0.0013650845503434539,
        0.0012350231409072876,
        0.0012283817632123828,
        0.0011755219893530011,
        0.0011896205833181739,
        0.0012027746997773647,
        0.0010617556981742382,
        0.0010778680443763733,
        0.0011256046127527952,
        0.0010887106182053685,
        0.001061565475538373,
        0.0010351138189435005,
        0.0010163155384361744,
        0.0010316846892237663,
        0.0009836466051638126,
        0.001036664005368948,
        0.0009257319034077227,
        0.0009996982989832759,
        0.0009172272402793169,
        0.0009523933986201882,
        0.0008647176437079906,
        0.0009260011138394475,
        0.0008673539850860834,
        0.0008724094950594008,
        0.0009214690653607249,
        0.0008920264081098139,
        0.0008673639968037605,
        0.0009033028618432581,
        0.0008651306852698326,
        0.0007921498036012053,
        0.0008441495010629296,
        0.0007428356911987066,
        0.0007745497860014439,
        0.0007902481593191624,
        0.0007611219771206379,
        0.0008132550865411758,
        0.0007433379651047289,
        0.0007531692390330136,
        0.0008064418216235936,
        0.0008156429976224899,
        0.0007853033603169024,
        0.0007281441939994693,
        0.0007240372360683978,
        0.0007499174098484218,
        0.0007130008307285607,
        0.0006792385247536004,
        0.0006609775591641665,
        0.0007108518038876355,
        0.0006752273766323924,
        0.0006448727217502892,
        0.0006390043417923152,
        0.000650332891382277,
        0.0006404458545148373,
        0.0006694752373732626,
        0.0006756397779099643,
        0.000700243457686156,
        0.0006064492044970393,
        0.000601217383518815,
        0.0006314552738331258,
        0.0006613849545828998,
        0.0006446763291023672
    ],
    "mean_absolute_error":[
        0.035610079765319824,
        0.023899102583527565,
        0.023120030760765076,
        0.023577570915222168,
        0.020536521449685097,
        0.019849075004458427,
        0.019229622557759285,
        0.01896078698337078,
        0.019603611901402473,
        0.019405853003263474,
        0.01783902570605278,
        0.018377015367150307,
        0.01914335787296295,
        0.019009269773960114,
        0.018452081829309464,
        0.018116621300578117,
        0.018436051905155182,
        0.018159378319978714,
        0.0179718267172575,
        0.01803971454501152,
        0.01680585741996765,
        0.017324695363640785,
        0.016343342140316963,
        0.01694358140230179,
        0.016189387068152428,
        0.01721738837659359,
        0.01602260023355484,
        0.01629779115319252,
        0.01611270383000374,
        0.01662379689514637,
        0.01589236408472061,
        0.016731413081288338,
        0.017258865758776665,
        0.015578191727399826,
        0.01601584069430828,
        0.01570877805352211,
        0.01575678400695324,
        0.015507100149989128,
        0.015994107350707054,
        0.01625533029437065,
        0.015226956456899643,
        0.01544559933245182,
        0.015573983080685139,
        0.016600022092461586,
        0.016332678496837616,
        0.015349285677075386,
        0.01554388552904129,
        0.0154206408187747,
        0.015523531474173069,
        0.014668216928839684,
        0.014687464572489262,
        0.015065227635204792,
        0.015102582052350044,
        0.014800770208239555,
        0.014542924240231514,
        0.014856839552521706,
        0.014734937809407711,
        0.014662506990134716,
        0.015194115228950977,
        0.0151627566665411,
        0.014177600853145123,
        0.01471457164734602,
        0.014676033519208431,
        0.014852887950837612,
        0.014897815883159637
    ],