{"Strategy Metrics": {"Daily Swing Trade Return": 6807.789301999994, "Buy & Hold Return": 1296.0100099999997, "Auto13($22000) Return": 16388.319082000016}, "Model Metrics": {"loss": 5184604.0, "mean_squared_error": 5184604.0, "mean_absolute_error": 2213.25, "accuracy": 0.10422535240650177, "cosine_similarity": 0.9989435076713562}, "Class Metrics": {"f1_monark": 0.9552238805970149, "accuracy": 0.9510869565217391, "precision": 0.9504950495049505, "recall": 0.96, "roc auc": 0.9502380952380952}}