{"Strategy Metrics": {"Daily Swing Trade Return": 26.17, "Buy & Hold Return": -25.770000000000003, "Auto13($22000) Return": 8837.299986000002}, "Model Metrics": {"loss": 160.79067993164062, "mean_squared_error": 160.79067993164062, "mean_absolute_error": 11.878847122192383, "accuracy": 0.14012739062309265, "cosine_similarity": 0.9836822152137756}, "Class Metrics": {"f1_monark": 0.6835443037974684, "accuracy": 0.7058823529411765, "precision": 0.6666666666666666, "recall": 0.7012987012987013, "roc auc": 0.70548806032677}}