{"Strategy Metrics": {"Daily Swing Trade Return": 916.1200090000007, "Buy & Hold Return": 359.80000299999995, "Auto13($22000) Return": 18620.87207200002}, "Model Metrics": {"loss": 28088.89453125, "mean_squared_error": 28088.89453125, "mean_absolute_error": 123.91523742675781, "accuracy": 0.42635658383369446, "cosine_similarity": 0.999538004398346}, "Class Metrics": {"f1_monark": 0.7445742904841401, "accuracy": 0.7040618955512572, "precision": 0.6947040498442367, "recall": 0.802158273381295, "roc auc": 0.6960582161885553}}