{"Strategy Metrics": {"Daily Swing Trade Return": 39106.52440499999, "Buy & Hold Return": 990.9072269999997, "Auto13($22000) Return": 78213.04881000004}, "Model Metrics": {"loss": 84608208.0, "mean_squared_error": 84608208.0, "mean_absolute_error": 9075.91796875, "accuracy": 0.08235294371843338, "cosine_similarity": 0.9982730150222778}, "Class Metrics": {"f1_monark": 0.861111111111111, "accuracy": 0.863013698630137, "precision": 0.8815165876777251, "recall": 0.8416289592760181, "roc auc": 0.8632107930020644}}