{"Strategy Metrics": {"Daily Swing Trade Return": 827.1140140000002, "Buy & Hold Return": 366.62200099999995, "Auto13($22000) Return": 15002.674127999984}, "Model Metrics": {"loss": 26977.935546875, "mean_squared_error": 26977.935546875, "mean_absolute_error": 122.49081420898438, "accuracy": 0.0649087205529213, "cosine_proximity": 0.9970222115516663}, "Class Metrics": {"f1_monark": 0.7071057192374351, "accuracy": 0.66600790513834, "precision": 0.6732673267326733, "recall": 0.7445255474452555, "roc auc": 0.6589007047571105}}