{"Strategy Metrics": {"Daily Swing Trade Return": 104.27999400000002, "Buy & Hold Return": -4.539999999999998, "Auto13($22000) Return": 43908.286828999946}, "Model Metrics": {"loss": 145.11073303222656, "mean_squared_error": 145.11073303222656, "mean_absolute_error": 11.666043281555176, "accuracy": 0.2756218910217285, "cosine_similarity": 0.9995149374008179}, "Class Metrics": {"f1_monark": 0.8338249754178958, "accuracy": 0.8323412698412699, "precision": 0.828125, "recall": 0.8396039603960396, "roc auc": 0.8323268310926519}}