{"Strategy Metrics": {"Daily Swing Trade Return": 44.39400000000006, "Buy & Hold Return": -27.79000000000002, "Auto13($22000) Return": 224.00399999999354}, "Model Metrics": {"loss": 189057.5625, "mean_squared_error": 189057.5625, "mean_absolute_error": 434.6970520019531, "accuracy": 0.3888888955116272, "cosine_similarity": 0.9168428182601929}, "Class Metrics": {"f1_monark": 0.46341463414634154, "accuracy": 0.5319148936170213, "precision": 0.4418604651162791, "recall": 0.48717948717948717, "roc auc": 0.5254079254079255}}