{"Strategy Metrics": {"Daily Swing Trade Return": 320.56999800000006, "Buy & Hold Return": -20.269995999999992, "Auto13($22000) Return": 10769.240063000034}, "Model Metrics": {"loss": 17194.033203125, "mean_squared_error": 17194.033203125, "mean_absolute_error": 130.6726837158203, "accuracy": 0.14084507524967194, "cosine_similarity": 0.9978885054588318}, "Class Metrics": {"f1_monark": 0.9448818897637795, "accuracy": 0.9429347826086957, "precision": 0.9523809523809523, "recall": 0.9375, "roc auc": 0.9431818181818181}}