{"Strategy Metrics": {"Daily Swing Trade Return": 58.09000000000006, "Buy & Hold Return": 1.5299999999999976, "Auto13($22000) Return": 13722.620000000017}, "Model Metrics": {"loss": 135.22732543945312, "mean_squared_error": 135.22732543945312, "mean_absolute_error": 11.475165367126465, "accuracy": 0.3819742500782013, "cosine_similarity": 0.9998281598091125}, "Class Metrics": {"f1_monark": 0.6735966735966735, "accuracy": 0.6634512325830654, "precision": 0.6792452830188679, "recall": 0.668041237113402, "roc auc": 0.6632616899852724}}