{"Strategy Metrics": {"Daily Swing Trade Return": 19.319999999999986, "Buy & Hold Return": -6.3899999999999935, "Auto13($22000) Return": 12197.18}, "Model Metrics": {"loss": 30.717119216918945, "mean_squared_error": 30.717119216918945, "mean_absolute_error": 5.313976287841797, "accuracy": 0.28333333134651184, "cosine_similarity": 0.9991641640663147}, "Class Metrics": {"f1_monark": 0.7129094412331407, "accuracy": 0.7261029411764706, "precision": 0.7429718875502008, "recall": 0.6851851851851852, "roc auc": 0.7258042714247094}}