{
    "accuracy":[
        0.18972454965114594,
        0.20117610692977905,
        0.20148560404777527,
        0.1912720501422882,
        0.19591458141803741,
        0.19684308767318726,
        0.199938103556633,
        0.1866295337677002,
        0.199938103556633,
        0.2042711228132248,
        0.2067471444606781,
        0.19870010018348694,
        0.21293717622756958,
        0.21231816709041595,
        0.22253172099590302,
        0.21912720799446106,
        0.22376972436904907,
        0.22036521136760712,
        0.2246982306241989,
        0.2110801637172699,
        0.2222222238779068,
        0.23862580955028534,
        0.23305478692054749,
        0.21603219211101532,
        0.2398638129234314,
        0.23150727152824402,
        0.23150727152824402,
        0.2200557142496109,
        0.2132466733455658,
        0.22779324650764465,
        0.23522129654884338,
        0.21231816709041595,
        0.21819870173931122,
        0.23398329317569733,
        0.20953264832496643,
        0.22160321474075317,
        0.2132466733455658,
        0.23274527490139008,
        0.22253172099590302,
        0.22191272675991058,
        0.21510368585586548,
        0.21015165746212006,
        0.22376972436904907,
        0.21417517960071564,
        0.22346022725105286,
        0.22036521136760712,
        0.24110183119773865
    ],
    "cosine_similarity":[
        0.9692649841308594,
        0.9556965231895447,
        0.9453433156013489,
        0.9388341307640076,
        0.9415321946144104,
        0.9488524198532104,
        0.9402753710746765,
        0.9357039928436279,
        0.9455193877220154,
        0.9481624960899353,
        0.9488710165023804,
        0.9437336921691895,
        0.9543428421020508,
        0.9523626565933228,
        0.9500582218170166,
        0.9453712701797485,
        0.9464819431304932,
        0.9481138586997986,
        0.9529646039009094,
        0.9528476595878601,
        0.9543762803077698,
        0.953475832939148,
        0.9502457976341248,
        0.9516249299049377,
        0.9547255635261536,
        0.9552045464515686,
        0.9543476104736328,
        0.9498603343963623,
        0.9503095149993896,
        0.9594946503639221,
        0.9569705724716187,
        0.9527499079704285,
        0.9492127299308777,
        0.9564814567565918,
        0.9581238627433777,
        0.9537861943244934,
        0.9593081474304199,
        0.9517515897750854,
        0.956375777721405,
        0.9586275219917297,
        0.9598880410194397,
        0.957918107509613,
        0.9602161049842834,
        0.9566078186035156,
        0.954780101776123,
        0.9561154246330261,
        0.9604243040084839
    ],
    "loss":[
        0.005639131646603346,
        0.0020372862927615643,
        0.0017162716249004006,
        0.0015770146856084466,
        0.0015370232285931706,
        0.0013550580479204655,
        0.0014668788062408566,
        0.0013651824556291103,
        0.00128354097250849,
        0.0012131667463108897,
        0.0012731405440717936,
        0.0012088734656572342,
        0.0012122009648010135,
        0.0012754731578752398,
        0.0013046221574768424,
        0.0012660862412303686,
        0.0012209037085995078,
        0.0012601932976394892,
        0.001124719507060945,
        0.001152361393906176,
        0.0011810642899945378,
        0.0011698671150952578,
        0.0011932653142139316,
        0.0011667211074382067,
        0.0011714340653270483,
        0.001147439586929977,
        0.001186913694255054,
        0.0010666714515537024,
        0.0011805773247033358,
        0.0011259157909080386,
        0.0011525736190378666,
        0.0010874971048906446,
        0.0011122286086902022,
        0.001136252423748374,
        0.0011404757387936115,
        0.0011358377523720264,
        0.001089724712073803,
        0.0011453315382823348,
        0.0012017717817798257,
        0.0012011945946142077,
        0.0010778829455375671,
        0.0011465296847745776,
        0.001041934359818697,
        0.00108125782571733,
        0.0010937618790194392,
        0.0010742897866293788,
        0.0011548991315066814
    ],
    "mean_absolute_error":[
        0.04396321251988411,
        0.030785102397203445,
        0.02873011864721775,
        0.027281593531370163,
        0.02729809656739235,
        0.025506487116217613,
        0.02646365575492382,
        0.02580426074564457,
        0.025092432275414467,
        0.024703847244381905,
        0.024936141446232796,
        0.024325711652636528,
        0.024488436058163643,
        0.02494536153972149,
        0.024990160018205643,
        0.024452203884720802,
        0.02452966570854187,
        0.024854544550180435,
        0.023556053638458252,
        0.02388523332774639,
        0.02371407486498356,
        0.023793520405888557,
        0.023846028372645378,
        0.023902900516986847,
        0.02390415221452713,
        0.02356700785458088,
        0.023750172927975655,
        0.02281438745558262,
        0.023547692224383354,
        0.02343268133699894,
        0.023400966078042984,
        0.022663172334432602,
        0.02307722344994545,
        0.023181168362498283,
        0.023312872275710106,
        0.02336782030761242,
        0.022914884611964226,
        0.02333657816052437,
        0.02381310984492302,
        0.02369423769414425,
        0.023153124377131462,
        0.023294461891055107,
        0.0224714707583189,
        0.023229457437992096,
        0.022763650864362717,
        0.022703304886817932,
        0.023078732192516327
    ],
    "mean_squared_error":[
        0.005639131646603346,
        0.0020372862927615643,
        0.0017162716249004006,
        0.0015770146856084466,
        0.0015370232285931706,
        0.0013550580479204655,
        0.0014668788062408566,
        0.0013651824556291103,
        0.00128354097250849,
        0.0012131667463108897,
        0.0012731405440717936,
        0.0012088734656572342,
        0.0012122009648010135,
        0.0012754731578752398,
        0.0013046221574768424,
        0.0012660862412303686,
        0.0012209037085995078,
        0.0012601932976394892,
        0.001124719507060945,
        0.001152361393906176,
        0.0011810642899945378,
        0.0011698671150952578,
        0.0011932653142139316,
        0.0011667211074382067,
        0.0011714340653270483,
        0.001147439586929977,
        0.001186913694255054,
        0.0010666714515537024,
        0.0011805773247033358,
        0.0011259157909080386,
        0.0011525736190378666,
        0.0010874971048906446,
        0.0011122286086902022,
        0.001136252423748374,
        0.0011404757387936115,
        0.0011358377523720264,
        0.001089724712073803,
        0.0011453315382823348,
        0.0012017717817798257,
        0.0012011945946142077,
        0.0010778829455375671,
        0.0011465296847745776,
        0.001041934359818697,
        0.00108125782571733,
        0.0010937618790194392,
        0.0010742897866293788,
        0.0011548991315066814
    ],