{
    "accuracy":[
        0.20598118007183075,
        0.2177419364452362,
        0.2046370953321457,
        0.21438172459602356,
        0.21135753393173218,
        0.2073252648115158,
        0.22782258689403534,
        0.20900537073612213,
        0.20766128599643707,
        0.21135753393173218,
        0.21841397881507874,
        0.20766128599643707,
        0.22311827540397644,
        0.21337366104125977,
        0.2254704236984253,
        0.20799730718135834,
        0.2073252648115158,
        0.22009408473968506,
        0.20866934955120087,
        0.21538978815078735,
        0.22412633895874023,
        0.22278225421905518,
        0.21639785170555115,
        0.22278225421905518,
        0.21337366104125977,
        0.22143816947937012,
        0.2150537669658661,
        0.22983871400356293,
        0.2130376398563385,
        0.22580644488334656,
        0.21169355511665344,
        0.22143816947937012,
        0.22614246606826782,
        0.2130376398563385,
        0.2073252648115158,
        0.2224462330341339,
        0.2224462330341339,
        0.23420698940753937,
        0.23756720125675201,
        0.21706989407539368,
        0.20866934955120087,
        0.21875,
        0.21438172459602356,
        0.2254704236984253,
        0.2197580635547638,
        0.22278225421905518,
        0.22278225421905518,
        0.2254704236984253,
        0.21841397881507874
    ],
    "cosine_similarity":[
        0.9857516288757324,
        0.9950568675994873,
        0.9946292638778687,
        0.9896719455718994,
        0.9884505867958069,
        0.9913038611412048,
        0.9870633482933044,
        0.9867130517959595,
        0.9860726594924927,
        0.987127959728241,
        0.9826292395591736,
        0.9808153510093689,
        0.9812667965888977,
        0.9793452024459839,
        0.9821299910545349,
        0.9736853837966919,
        0.976921021938324,
        0.9767498970031738,
        0.9791336059570312,
        0.9787761569023132,
        0.9742596745491028,
        0.9754393100738525,
        0.9804326295852661,
        0.979407548904419,
        0.9779931902885437,
        0.983083963394165,
        0.9873879551887512,
        0.9804887771606445,
        0.97889244556427,
        0.9781233072280884,
        0.9813995361328125,
        0.9752026796340942,
        0.9751608371734619,
        0.9766917824745178,
        0.9793727993965149,
        0.9811606407165527,
        0.9759318828582764,
        0.9821605086326599,
        0.9827834367752075,
        0.9811574220657349,
        0.9831893444061279,
        0.9838066697120667,
        0.9806197881698608,
        0.9843095541000366,
        0.9815215468406677,
        0.9810128211975098,
        0.9855817556381226,
        0.9838090538978577,
        0.9820849299430847
    ],
    "loss":[
        0.0036530783399939537,
        0.0012438977137207985,
        0.0009680128423497081,
        0.0010824562050402164,
        0.0008872449980117381,
        0.0008284179493784904,
        0.0008438493241555989,
        0.0007762110908515751,
        0.0007625837461091578,
        0.0007704357267357409,
        0.0007555267075076699,
        0.0006966578075662255,
        0.0006258228677324951,
        0.0006580498302355409,
        0.0006683010724373162,
        0.0006256100023165345,
        0.0006162439822219312,
        0.0005989686469547451,
        0.0006301521207205951,
        0.0005838156794197857,
        0.0006062706233933568,
        0.0005876162904314697,
        0.0005860068486072123,
        0.0005656449357047677,
        0.0005773456650786102,
        0.0005307895480655134,
        0.0005704570794478059,
        0.0005590939545072615,
        0.0005317676695995033,
        0.000579347659368068,
        0.0005830561276525259,
        0.0005688933888450265,
        0.0005530655034817755,
        0.000574376666918397,
        0.0005442214314825833,
        0.0005416070343926549,
        0.0005640980089083314,
        0.0005489733885042369,
        0.0005444619455374777,
        0.000524228613357991,
        0.0005447661969810724,
        0.000522793154232204,
        0.0005172771634534001,
        0.0005248649977147579,
        0.0005239273305051029,
        0.0005269789835438132,
        0.0005291446577757597,
        0.0005311028799042106,
        0.0005492218188010156
    ],
    "mean_absolute_error":[
        0.03469690680503845,
        0.024148574098944664,
        0.021302342414855957,
        0.022336140275001526,
        0.0202634260058403,
        0.019515348598361015,
        0.019998520612716675,
        0.019243430346250534,
        0.018682388588786125,
        0.01896953210234642,
        0.018636105582118034,
        0.01818927936255932,
        0.017098432406783104,
        0.017597245052456856,
        0.017718954011797905,
        0.017398884519934654,
        0.01696435920894146,
        0.016773410141468048,
        0.017484772950410843,
        0.016815008595585823,
        0.017043279483914375,
        0.017032012343406677,
        0.01685675047338009,
        0.01650064066052437,
        0.016564272344112396,
        0.016096509993076324,
        0.01638176292181015,
        0.016457824036478996,
        0.01606888324022293,
        0.016759494319558144,
        0.016829341650009155,
        0.016593284904956818,
        0.01636342518031597,
        0.016558444127440453,
        0.016040248796343803,
        0.016092101112008095,
        0.016658402979373932,
        0.01638083904981613,
        0.016196031123399734,
        0.015822729095816612,
        0.01615968905389309,
        0.015655992552638054,
        0.015634851530194283,
        0.01581171341240406,
        0.015680812299251556,
        0.015793368220329285,
        0.01588728278875351,
        0.016031455248594284,
        0.016340704634785652
    ],
    "mean_squared_error":[
        0.0036530783399939537,
        0.0012438977137207985,
        0.0009680128423497081,
        0.0010824562050402164,
        0.0008872449980117381,
        0.0008284179493784904,
        0.0008438493241555989,
        0.0007762110908515751,
        0.0007625837461091578,
        0.0007704357267357409,
        0.0007555267075076699,
        0.0006966578075662255,
        0.0006258228677324951,
        0.0006580498302355409,
        0.0006683010724373162,
        0.0006256100023165345,
        0.0006162439822219312,
        0.0005989686469547451,
        0.0006301521207205951,
        0.0005838156794197857,
        0.0006062706233933568,
        0.0005876162904314697,
        0.0005860068486072123,
        0.0005656449357047677,
        0.0005773456650786102,
        0.0005307895480655134,
        0.0005704570794478059,
        0.0005590939545072615,
        0.0005317676113918424,
        0.000579347659368068,
        0.0005830561276525259,
        0.0005688933888450265,
        0.0005530655034817755,
        0.000574376666918397,
        0.0005442214314825833,
        0.0005416070343926549,
        0.0005640980089083314,
        0.0005489733885042369,
        0.0005444619455374777,
        0.000524228613357991,
        0.0005447661969810724,
        0.000522793154232204,
        0.0005172771634534001,
        0.0005248649977147579,
        0.0005239273305051029,
        0.0005269789835438132,
        0.0005291446577757597,
        0.0005311028799042106,
        0.0005492218188010156
    ],