{"Strategy Metrics": {"Daily Swing Trade Return": 62.930000000000064, "Buy & Hold Return": 0.3999999999999986, "Auto13($22000) Return": 16295.589999999975}, "Model Metrics": {"loss": 135.5237579345703, "mean_squared_error": 135.5237579345703, "mean_absolute_error": 11.486133575439453, "accuracy": 0.2735229730606079, "cosine_proximity": 0.9997216463088989}, "Class Metrics": {"f1_monark": 0.7111111111111111, "accuracy": 0.7022900763358778, "precision": 0.7164179104477612, "recall": 0.7058823529411765, "roc auc": 0.7021475256769374}}