{"Strategy Metrics": {"Daily Swing Trade Return": 257.4699979999998, "Buy & Hold Return": -6.804230999999999, "Auto13($22000) Return": 219157.16375199996}, "Model Metrics": {"loss": 421.1553649902344, "mean_squared_error": 421.1553649902344, "mean_absolute_error": 19.31147003173828, "accuracy": 0.05706414952874184, "cosine_similarity": 0.9994771480560303}, "Class Metrics": {"f1_monark": 0.9658771577679646, "accuracy": 0.966718872357087, "precision": 0.960095770151636, "recall": 0.9717285945072698, "roc auc": 0.9668673367673127}}