{
    "accuracy":[
        0.10999329388141632,
        0.09859155118465424,
        0.1059691458940506,
        0.10395707935094833,
        0.1167002022266388,
        0.11167001724243164,
        0.09959758818149567,
        0.10529845952987671,
        0.10697518289089203,
        0.1113346740603447,
        0.10898725688457489,
        0.10663983970880508,
        0.1029510423541069,
        0.10328638553619385,
        0.10462776571512222,
        0.1006036251783371,
        0.12105969339609146,
        0.11066398024559021,
        0.12307176738977432,
        0.12173037976026535
    ],
    "cosine_similarity":[
        0.9388853311538696,
        0.9332220554351807,
        0.9285160303115845,
        0.923778235912323,
        0.9081785678863525,
        0.9181576371192932,
        0.9146891236305237,
        0.9121230244636536,
        0.9187973141670227,
        0.9154234528541565,
        0.9107198715209961,
        0.9136714935302734,
        0.913637101650238,
        0.9169163107872009,
        0.9158390164375305,
        0.9130831360816956,
        0.9204436540603638,
        0.9127475023269653,
        0.9092050790786743,
        0.922400951385498
    ],
    "loss":[
        0.016966789960861206,
        0.005549594759941101,
        0.004022948909550905,
        0.003370012156665325,
        0.0030830216128379107,
        0.0027704036328941584,
        0.0026717684231698513,
        0.0025888201780617237,
        0.002383749233558774,
        0.002408395055681467,
        0.0023939856328070164,
        0.0024535490665584803,
        0.002361506689339876,
        0.002258009510114789,
        0.002130264649167657,
        0.0023162555880844593,
        0.002186789410188794,
        0.002310128416866064,
        0.002145332982763648,
        0.0021075711119920015
    ],
    "mean_absolute_error":[
        0.07823352515697479,
        0.04936997964978218,
        0.04273630306124687,
        0.04021986946463585,
        0.0390833243727684,
        0.03751106560230255,
        0.03716253489255905,
        0.036606937646865845,
        0.03563283756375313,
        0.03584495186805725,
        0.035406939685344696,
        0.03600553423166275,
        0.03542270138859749,
        0.0342811718583107,
        0.03389737755060196,
        0.03520346060395241,
        0.0344306044280529,
        0.03513334318995476,
        0.034026771783828735,
        0.03349427506327629
    ],
    "mean_squared_error":[
        0.016966789960861206,
        0.005549594759941101,
        0.004022948909550905,
        0.003370012156665325,
        0.0030830216128379107,
        0.0027704036328941584,
        0.0026717684231698513,
        0.0025888201780617237,
        0.002383749233558774,
        0.002408395055681467,
        0.0023939856328070164,
        0.0024535490665584803,
        0.002361506689339876,
        0.002258009510114789,
        0.002130264649167657,
        0.0023162555880844593,
        0.002186789410188794,
        0.002310128416866064,
        0.002145332982763648,
        0.0021075711119920015
    ],
    "val_accuracy":[
        0.16487935185432434,
        0.07372654229402542,
        0.15415549278259277,
        0.07640750706195831,
        0.15951742231845856,
        0.12868632376194,
        0.09919571131467819,
        0.1260053664445877,
        0.15683646500110626,
        0.08310992270708084,
        0.07372654229402542,
        0.08445040136575699,
        0.12466488033533096,
        0.1581769436597824,
        0.1957104504108429,
        0.15415549278259277,
        0.11662198603153229,
        0.13538874685764313,
        0.12734584510326385,
        0.10053618997335434
    ],
    "val_cosine_similarity":[
        0.9921253323554993,
        0.9892444014549255,
        0.9508166313171387,
        0.9832392334938049,
        0.9962400197982788,
        0.9973416924476624,
        0.9956709146499634,
        0.9969155192375183,
        0.9968798160552979,
        0.9966524839401245,
        0.9280245900154114,
        0.9973623156547546,
        0.9973217248916626,
        0.9971225261688232,
        0.9973320960998535,
        0.9971895217895508,
        0.880649745464325,
        0.9971339702606201,
        0.9970792531967163,
        0.9973841905593872
    ],
    "val_loss":[
        0.001529767643660307,
        0.0012031950755044818,
        0.00115441984962672,
        0.0021808191668242216,
        0.0011293828720226884,
        0.0017006213311105967,
        0.001032077125273645,
        0.0010331260273233056,
        0.0012351288460195065,
        0.0013314381940290332,
        0.0011159678688272834,
        0.0010611106408759952,
        0.000977757852524519,
        0.0009254064643755555,
        0.001209198497235775,
        0.0009482920868322253,
        0.0011681726900860667,
        0.0010774919064715505,
        0.0013327156193554401,
        0.0009674341999925673
    ],
    "val_mean_absolute_error":[
        0.026311060413718224,
        0.022964976727962494,
        0.02306259609758854,
        0.03184276446700096,
        0.022259574383497238,
        0.028718989342451096,
        0.021629074588418007,
        0.02126425877213478,
        0.023198390379548073,
        0.024447213858366013,
        0.022731656208634377,
        0.022494859993457794,
        0.021207356825470924,
        0.019530685618519783,
        0.022777466103434563,
        0.020438550040125847,
        0.024770766496658325,
        0.02313118614256382,
        0.02422264963388443,
        0.02207767590880394
    ],
    "val_mean_squared_error":[
        0.001529767643660307,
        0.0012031950755044818,
        0.00115441984962672,
        0.0021808191668242216,
        0.0011293829884380102,
        0.0017006213311105967,
        0.001032077125273645,
        0.0010331260273233056,
        0.0012351288460195065,
        0.0013314381940290332,
        0.0011159678688272834,
        0.0010611106408759952,
        0.000977757852524519,
        0.0009254064643755555,
        0.001209198497235775,
        0.0009482920868322253,
        0.0011681728065013885,
        0.0010774919064715505,
        0.0013327156193554401,
        0.0009674341999925673
    ]
}