{"Strategy Metrics": {"Daily Swing Trade Return": 141.40999300000004, "Buy & Hold Return": -4.090000000000002, "Auto13($22000) Return": 95419.77392899996}, "Model Metrics": {"loss": 113.8944091796875, "mean_squared_error": 113.8944091796875, "mean_absolute_error": 10.06106185913086, "accuracy": 0.16410940885543823, "cosine_similarity": 0.999152421951294}, "Class Metrics": {"f1_monark": 0.7907590759075908, "accuracy": 0.7890884896872921, "precision": 0.7923280423280423, "recall": 0.7891963109354414, "roc auc": 0.7890874027795486}}