{"Strategy Metrics": {"Daily Swing Trade Return": 425.02819299999976, "Buy & Hold Return": 96.248573, "Auto13($22000) Return": 27725.57606899993}, "Model Metrics": {"loss": 1937.406005859375, "mean_squared_error": 1937.406005859375, "mean_absolute_error": 38.37821578979492, "accuracy": 0.400997519493103, "cosine_similarity": 0.9999213814735413}, "Class Metrics": {"f1_monark": 0.7316193053676139, "accuracy": 0.7033898305084746, "precision": 0.697934595524957, "recall": 0.7687203791469195, "roc auc": 0.6998176028226711}}