{
    "accuracy":[
        0.0821450725197792,
        0.0840049609541893,
        0.0880347192287445,
        0.07749535143375397,
        0.09299442172050476,
        0.08493490517139435,
        0.08865468204021454,
        0.09051457047462463,
        0.0821450725197792,
        0.09454432874917984,
        0.0917544960975647,
        0.0898946076631546,
        0.08927464485168457,
        0.09361438453197479,
        0.10043397545814514,
        0.09423434734344482,
        0.08834470063447952,
        0.0995040312409401
    ],
    "cosine_similarity":[
        0.9911505579948425,
        0.9934238195419312,
        0.9919326901435852,
        0.9931315779685974,
        0.993060827255249,
        0.9905096292495728,
        0.9922341108322144,
        0.9922329783439636,
        0.992729127407074,
        0.9919551014900208,
        0.9914394021034241,
        0.9907004833221436,
        0.9908703565597534,
        0.9910614490509033,
        0.9926907420158386,
        0.990491509437561,
        0.9911934733390808,
        0.9916441440582275
    ],
    "loss":[
        0.002104639308527112,
        0.001319693517871201,
        0.0011171865044161677,
        0.0010604039998725057,
        0.0010155225172638893,
        0.0010195999639108777,
        0.0009859469719231129,
        0.000950296176597476,
        0.0009362039272673428,
        0.0009527848451398313,
        0.0009204978705383837,
        0.0009254836477339268,
        0.0009298185468651354,
        0.0009153680293820798,
        0.0008849961450323462,
        0.0009038111311383545,
        0.0008721108315512538,
        0.0008630741504020989
    ],
    "mean_absolute_error":[
        0.02845725603401661,
        0.023080695420503616,
        0.021187791600823402,
        0.020461244508624077,
        0.020011618733406067,
        0.01995548978447914,
        0.019686466082930565,
        0.019181231036782265,
        0.018990732729434967,
        0.019208215177059174,
        0.018929893150925636,
        0.01906079426407814,
        0.019051117822527885,
        0.018832501024007797,
        0.01837620884180069,
        0.018646450713276863,
        0.018409429118037224,
        0.018214503303170204
    ],
    "mean_squared_error":[
        0.002104639308527112,
        0.001319693517871201,
        0.0011171865044161677,
        0.0010604039998725057,
        0.0010155225172638893,
        0.0010195999639108777,
        0.0009859469719231129,
        0.000950296176597476,
        0.0009362039272673428,
        0.0009527848451398313,
        0.0009204978705383837,
        0.0009254836477339268,
        0.0009298185468651354,
        0.0009153680293820798,
        0.0008849961450323462,
        0.0009038111311383545,
        0.0008721108315512538,
        0.0008630741504020989
    ],
    "val_accuracy":[
        0.09541511535644531,
        0.05700124055147171,
        0.12515489757061005,
        0.07806691527366638,
        0.06319702416658401,
        0.06939281523227692,
        0.044609665870666504,
        0.08178438991308212,
        0.09045848995447159,
        0.0768277570605278,
        0.09665427356958389,
        0.12391573935747147,
        0.11771994829177856,
        0.13258983194828033,
        0.10532837361097336,
        0.08674101531505585,
        0.12019826471805573,
        0.08921933174133301
    ],
    "val_cosine_similarity":[
        0.9947529435157776,
        0.9934045076370239,
        0.9942534565925598,
        0.9813504219055176,
        0.9954395294189453,
        0.996064305305481,
        0.994916558265686,
        0.9949276447296143,
        0.9947219491004944,
        0.9960684776306152,
        0.988910436630249,
        0.991869330406189,
        0.9963468313217163,
        0.9775755405426025,
        0.9960931539535522,
        0.9803114533424377,
        0.9962256550788879,
        0.9878705143928528
    ],
    "val_loss":[
        0.0011989506892859936,
        0.0012878761626780033,
        0.0009553064592182636,
        0.0009599082986824214,
        0.001280194497667253,
        0.001219361205585301,
        0.001492469571530819,
        0.0008897383231669664,
        0.0013591507449746132,
        0.0010697378311306238,
        0.0009330235770903528,
        0.0010263302829116583,
        0.0008955622906796634,
        0.000922475359402597,
        0.0009240966173820198,
        0.0009583688224665821,
        0.0009621002245694399,
        0.000981186400167644
    ],
    "val_mean_absolute_error":[
        0.0220162533223629,
        0.023321185261011124,
        0.01850908063352108,
        0.01923065260052681,
        0.021812286227941513,
        0.02073470875620842,
        0.0232829786837101,
        0.017359206452965736,
        0.02082635462284088,
        0.019182585179805756,
        0.017610028386116028,
        0.018488803878426552,
        0.01709318533539772,
        0.017949296161532402,
        0.017561811953783035,
        0.01855848729610443,
        0.018312711268663406,
        0.018434124067425728
    ],
    "val_mean_squared_error":[
        0.0011989506892859936,
        0.0012878761626780033,
        0.0009553064592182636,
        0.0009599082986824214,
        0.001280194497667253,
        0.001219361205585301,
        0.001492469571530819,
        0.0008897383231669664,
        0.0013591507449746132,
        0.0010697378311306238,
        0.0009330235770903528,
        0.0010263302829116583,
        0.0008955622906796634,
        0.000922475359402597,
        0.0009240966173820198,
        0.0009583688224665821,
        0.0009621002245694399,
        0.000981186400167644
    ]
}