{"Strategy Metrics": {"Daily Swing Trade Return": 273.472476, "Buy & Hold Return": 66.79500200000001, "Auto13($22000) Return": 14453.005659000031}, "Model Metrics": {"loss": 5842.626953125, "mean_squared_error": 5842.626953125, "mean_absolute_error": 73.29855346679688, "accuracy": 0.04507042095065117, "cosine_similarity": 0.9980592727661133}, "Class Metrics": {"f1_monark": 0.9433962264150944, "accuracy": 0.9347826086956522, "precision": 0.9049773755656109, "recall": 0.9852216748768473, "roc auc": 0.9289744738020601}}