{
    "accuracy":[
        0.07542373239994049,
        0.08559322357177734,
        0.09322033822536469,
        0.08983051031827927,
        0.08220338821411133,
        0.08305084705352783,
        0.09067796915769577,
        0.10000000149011612,
        0.09322033822536469,
        0.10593220591545105,
        0.09406779706478119,
        0.09491525590419769,
        0.09237287938594818,
        0.09745762497186661,
        0.0957627147436142,
        0.08644067496061325,
        0.09745762497186661,
        0.10000000149011612,
        0.10593220591545105,
        0.0966101661324501,
        0.11779660731554031,
        0.10254237055778503
    ],
    "cosine_similarity":[
        0.9921666979789734,
        0.9982180595397949,
        0.998272716999054,
        0.9982858300209045,
        0.9982626438140869,
        0.998281717300415,
        0.9983014464378357,
        0.9982935786247253,
        0.9983264207839966,
        0.9983291029930115,
        0.9983505010604858,
        0.9983474016189575,
        0.9983527660369873,
        0.9983541965484619,
        0.9983602166175842,
        0.9983608722686768,
        0.9983614683151245,
        0.9983630180358887,
        0.9983694553375244,
        0.9983817338943481,
        0.9983597993850708,
        0.9983857870101929
    ],
    "loss":[
        0.00917597021907568,
        0.0036088787019252777,
        0.003094240790233016,
        0.0028991117142140865,
        0.0028309521730989218,
        0.0025922784116119146,
        0.0026984207797795534,
        0.002514620777219534,
        0.0024086730554699898,
        0.0024539728183299303,
        0.0024174717254936695,
        0.002367214532569051,
        0.0023768318351358175,
        0.002369445515796542,
        0.002342789201065898,
        0.00231850054115057,
        0.0023248817306011915,
        0.002282131463289261,
        0.002306947484612465,
        0.002318864455446601,
        0.0022595131304115057,
        0.0022694484796375036
    ],
    "mean_absolute_error":[
        0.062138430774211884,
        0.04616173729300499,
        0.04222670570015907,
        0.04074462130665779,
        0.04058782756328583,
        0.038718223571777344,
        0.03921156004071236,
        0.03793179616332054,
        0.036191489547491074,
        0.037184156477451324,
        0.03663136810064316,
        0.03625423461198807,
        0.03608761355280876,
        0.036433156579732895,
        0.036087337881326675,
        0.03586387261748314,
        0.03575950860977173,
        0.035442888736724854,
        0.03572050482034683,
        0.03594179451465607,
        0.03526312857866287,
        0.035392388701438904
    ],
    "mean_squared_error":[
        0.00917597021907568,
        0.0036088787019252777,
        0.003094240790233016,
        0.0028991117142140865,
        0.0028309521730989218,
        0.0025922784116119146,
        0.0026984207797795534,
        0.002514620777219534,
        0.0024086730554699898,
        0.0024539728183299303,
        0.0024174717254936695,
        0.002367214532569051,
        0.0023768318351358175,
        0.002369445515796542,
        0.002342789201065898,
        0.00231850054115057,
        0.0023248817306011915,
        0.002282131463289261,
        0.002306947484612465,
        0.002318864455446601,
        0.0022595131304115057,
        0.0022694484796375036
    ],
    "val_accuracy":[
        0.11824323982000351,
        0.05067567527294159,
        0.07094594836235046,
        0.04729729890823364,
        0.08445946127176285,
        0.07770270109176636,
        0.06756756454706192,
        0.06756756454706192,
        0.09121621400117874,
        0.1621621549129486,
        0.0810810774564743,
        0.07432432472705841,
        0.07094594836235046,
        0.08445946127176285,
        0.06756756454706192,
        0.10472972691059113,
        0.07432432472705841,
        0.09459459781646729,
        0.04054053872823715,
        0.10135135054588318,
        0.14527027308940887,
        0.10135135054588318
    ],
    "val_cosine_similarity":[
        0.997941792011261,
        0.9979000687599182,
        0.9979310035705566,
        0.9979493618011475,
        0.9980288147926331,
        0.9980446100234985,
        0.9980214834213257,
        0.9979413151741028,
        0.9980665445327759,
        0.9980732798576355,
        0.9979902505874634,
        0.9980840682983398,
        0.9980757236480713,
        0.9979277849197388,
        0.9980373978614807,
        0.9980897903442383,
        0.9980587363243103,
        0.9980579018592834,
        0.9979362487792969,
        0.9980727434158325,
        0.9981077909469604,
        0.9980355501174927
    ],
    "val_loss":[
        0.0030419027898460627,
        0.0027072634547948837,
        0.0024616243317723274,
        0.0025079061742872,
        0.0032671873923391104,
        0.0024359901435673237,
        0.0037292949855327606,
        0.002380301244556904,
        0.0021797348745167255,
        0.002238606568425894,
        0.0021942725870758295,
        0.0021032982040196657,
        0.003497699974104762,
        0.002386360429227352,
        0.0022383825853466988,
        0.0024194931611418724,
        0.0021238692570477724,
        0.002459293231368065,
        0.00215606065467,
        0.0022085586097091436,
        0.0021153788547962904,
        0.002170924097299576
    ],
    "val_mean_absolute_error":[
        0.040555089712142944,
        0.03805190324783325,
        0.03629197180271149,
        0.03783807530999184,
        0.04326608031988144,
        0.03552590310573578,
        0.05093776062130928,
        0.03693301975727081,
        0.03384176641702652,
        0.034342169761657715,
        0.03338136896491051,
        0.032932158559560776,
        0.0465150885283947,
        0.03618883714079857,
        0.03382420912384987,
        0.03659834712743759,
        0.033016204833984375,
        0.03683282062411308,
        0.03327992558479309,
        0.033607758581638336,
        0.03308553248643875,
        0.03338214382529259
    ],
    "val_mean_squared_error":[
        0.0030419027898460627,
        0.0027072634547948837,
        0.0024616243317723274,
        0.0025079061742872,
        0.0032671873923391104,
        0.0024359901435673237,
        0.0037292949855327606,
        0.002380301244556904,
        0.0021797348745167255,
        0.002238606568425894,
        0.0021942725870758295,
        0.0021032982040196657,
        0.003497699974104762,
        0.002386360429227352,
        0.0022383825853466988,
        0.0024194931611418724,
        0.0021238692570477724,
        0.002459293231368065,
        0.00215606065467,
        0.0022085586097091436,
        0.0021153788547962904,
        0.002170924097299576
    ]
}