{
    "accuracy":[
        0.07067974656820297,
        0.06493066996335983,
        0.058843422681093216,
        0.06425431370735168,
        0.06019614636898041,
        0.07203246653079987,
        0.06323976814746857,
        0.06831248104572296,
        0.06695975363254547,
        0.06898883730173111,
        0.06865066289901733,
        0.06729793548583984,
        0.0716942846775055,
        0.06560703366994858,
        0.07338518649339676,
        0.07642881572246552,
        0.0929996594786644,
        0.08758877217769623,
        0.08386878669261932,
        0.0828542411327362,
        0.07372336834669113,
        0.07676699012517929,
        0.08961785584688187,
        0.09097057580947876,
        0.07778153568506241,
        0.08995603770017624,
        0.08894149214029312,
        0.07845789939165115,
        0.09266147762537003,
        0.08860331773757935,
        0.10077781230211258,
        0.09469056129455566
    ],
    "cosine_similarity":[
        0.9529998898506165,
        0.9491171836853027,
        0.9553861021995544,
        0.9450098872184753,
        0.9371575117111206,
        0.9396951794624329,
        0.9449700117111206,
        0.9380398988723755,
        0.9375619888305664,
        0.9423944354057312,
        0.9386523962020874,
        0.9338128566741943,
        0.9426034092903137,
        0.9480443596839905,
        0.951517641544342,
        0.9485604166984558,
        0.9433159232139587,
        0.9524909853935242,
        0.9453982710838318,
        0.9600198864936829,
        0.952386200428009,
        0.9477963447570801,
        0.9521570801734924,
        0.9468174576759338,
        0.9567333459854126,
        0.9519452452659607,
        0.9498717188835144,
        0.9548429846763611,
        0.9474890232086182,
        0.9551764726638794,
        0.958082377910614,
        0.9472741484642029
    ],
    "loss":[
        0.007870958186686039,
        0.0032906613778322935,
        0.0028114484157413244,
        0.002390379784628749,
        0.002356007695198059,
        0.002142047742381692,
        0.0021234778687357903,
        0.0020278734154999256,
        0.002011151984333992,
        0.0019882607739418745,
        0.0019437422743067145,
        0.0018689529970288277,
        0.0017416572663933039,
        0.0018256738549098372,
        0.0017424487741664052,
        0.001753573422320187,
        0.0018802547128871083,
        0.0016466683009639382,
        0.001653011073358357,
        0.0016238163225352764,
        0.0017546664457768202,
        0.0016930768033489585,
        0.0017045752611011267,
        0.0016463210340589285,
        0.0016216826625168324,
        0.0016526136314496398,
        0.0016769604990258813,
        0.001566581311635673,
        0.001603235024958849,
        0.0016827969811856747,
        0.0015931919915601611,
        0.0016308214981108904
    ],
    "mean_absolute_error":[
        0.05466698855161667,
        0.03858797997236252,
        0.03588196262717247,
        0.03373424708843231,
        0.03383291885256767,
        0.03244901821017265,
        0.03257008269429207,
        0.03150962293148041,
        0.03202806040644646,
        0.031898535788059235,
        0.0316239595413208,
        0.030881507322192192,
        0.030217628926038742,
        0.03063705563545227,
        0.029596878215670586,
        0.030112938955426216,
        0.03100552223622799,
        0.029282402247190475,
        0.029237670823931694,
        0.028931349515914917,
        0.029828200116753578,
        0.029626309871673584,
        0.029366910457611084,
        0.0292450450360775,
        0.02898717112839222,
        0.02898496761918068,
        0.02909780852496624,
        0.028394918888807297,
        0.02870180830359459,
        0.0292481891810894,
        0.028737947344779968,
        0.029055317863821983
    ],
    "mean_squared_error":[
        0.007870958186686039,
        0.0032906613778322935,
        0.0028114484157413244,
        0.002390379784628749,
        0.002356007695198059,
        0.002142047742381692,
        0.0021234778687357903,
        0.002027873881161213,
        0.002011151984333992,
        0.0019882607739418745,
        0.0019437422743067145,
        0.0018689529970288277,
        0.0017416572663933039,
        0.0018256738549098372,
        0.0017424487741664052,
        0.001753573422320187,
        0.0018802547128871083,
        0.0016466683009639382,
        0.001653011073358357,
        0.0016238163225352764,
        0.0017546664457768202,
        0.0016930768033489585,
        0.0017045752611011267,
        0.0016463210340589285,
        0.0016216825461015105,
        0.0016526136314496398,
        0.0016769606154412031,
        0.001566581311635673,
        0.001603235024958849,
        0.0016827969811856747,
        0.0015931919915601611,
        0.0016308214981108904
    ],
    "val_accuracy":[
        0.05810810625553131,
        0.05270270258188248,
        0.07432432472705841,
        0.13243243098258972,
        0.0972972959280014,
        0.11081080883741379,
        0.0810810774564743,
        0.09864864498376846,
        0.09459459781646729,
        0.10270269960165024,
        0.06891892105340958,
        0.07702703028917313,
        0.1135135143995285,
        0.0716216191649437,
        0.10945945978164673,
        0.054054055362939835,
        0.10270269960165024,
        0.12162162363529205,
        0.06756756454706192,
        0.05675675719976425,
        0.10810811072587967,
        0.11486486345529556,
        0.13783784210681915,
        0.07837837934494019,
        0.0972972959280014,
        0.07432432472705841,
        0.14189189672470093,
        0.10675675421953201,
        0.06891892105340958,
        0.13108107447624207,
        0.11216216534376144,
        0.07432432472705841
    ],
    "val_cosine_similarity":[
        0.9927946329116821,
        0.9951659440994263,
        0.9807793498039246,
        0.9961439967155457,
        0.9952554106712341,
        0.9958987832069397,
        0.9958077073097229,
        0.9957168102264404,
        0.909323513507843,
        0.9289748668670654,
        0.9952238202095032,
        0.9955227971076965,
        0.996114194393158,
        0.9942800998687744,
        0.9962126612663269,
        0.988942563533783,
        0.9959299564361572,
        0.9959733486175537,
        0.9956531524658203,
        0.9355846643447876,
        0.9927738308906555,
        0.9959847927093506,
        0.9962513446807861,
        0.996070921421051,
        0.9930093288421631,
        0.9698939919471741,
        0.8524541258811951,
        0.9961957931518555,
        0.9961803555488586,
        0.9959259629249573,
        0.9628589749336243,
        0.9960861802101135
    ],
    "val_loss":[
        0.002181114163249731,
        0.0015078370925039053,
        0.0013668402098119259,
        0.002038598759099841,
        0.001380518777295947,
        0.0022539442870765924,
        0.001246415195055306,
        0.0013903804356232285,
        0.0011972225038334727,
        0.002028506714850664,
        0.0012862884905189276,
        0.0010801599128171802,
        0.0012033054372295737,
        0.002006873954087496,
        0.00186070310883224,
        0.0010759368306025863,
        0.0013895290903747082,
        0.0012693401658907533,
        0.0011126648169010878,
        0.0011485298164188862,
        0.0012763133272528648,
        0.0010478441836312413,
        0.0011225435882806778,
        0.001313104759901762,
        0.0015596324810758233,
        0.001270622480660677,
        0.001236395793966949,
        0.0012091215467080474,
        0.0011431379243731499,
        0.0010492396540939808,
        0.0011236085556447506,
        0.001175401732325554
    ],