{"Strategy Metrics": {"Daily Swing Trade Return": 94.38999299999996, "Buy & Hold Return": -3.429999999999999, "Auto13($22000) Return": 30943.836988999923}, "Model Metrics": {"loss": 145.06137084960938, "mean_squared_error": 145.06137084960938, "mean_absolute_error": 11.665249824523926, "accuracy": 0.18929633498191833, "cosine_similarity": 0.9995282888412476}, "Class Metrics": {"f1_monark": 0.7836257309941521, "accuracy": 0.7806324110671937, "precision": 0.7775628626692457, "recall": 0.7897838899803536, "roc auc": 0.7805778296820257}}