{"Strategy Metrics": {"Daily Swing Trade Return": 156.4665359999998, "Buy & Hold Return": -7.111923000000009, "Auto13($22000) Return": 28590.561441999955}, "Model Metrics": {"loss": 419.913330078125, "mean_squared_error": 419.913330078125, "mean_absolute_error": 19.274871826171875, "accuracy": 0.20696400105953217, "cosine_similarity": 0.9998441934585571}, "Class Metrics": {"f1_monark": 0.6940711462450593, "accuracy": 0.6975381008206331, "precision": 0.6800929512006196, "recall": 0.70863599677159, "roc auc": 0.697878604446401}}