{
    "accuracy":[
        0.07785382866859436,
        0.07406502217054367,
        0.083720363676548,
        0.08469811826944351,
        0.08628696948289871,
        0.08824248611927032,
        0.08408702164888382,
        0.08262038975954056,
        0.08249816298484802,
        0.08298704773187637,
        0.07980933785438538,
        0.08213150501251221,
        0.08787582814693451,
        0.08555365353822708,
        0.08604253083467484,
        0.08323148638010025,
        0.08555365353822708,
        0.0843314602971077,
        0.08567587286233902,
        0.08653140813112259,
        0.0827426090836525,
        0.08677584677934647,
        0.08824248611927032,
        0.08506477624177933,
        0.08653140813112259
    ],
    "cosine_similarity":[
        0.7925534248352051,
        0.7700856328010559,
        0.7679471969604492,
        0.7754208445549011,
        0.783708930015564,
        0.7924673557281494,
        0.7867112755775452,
        0.7861959338188171,
        0.7914969325065613,
        0.7944933176040649,
        0.792296290397644,
        0.8029975295066833,
        0.7890402674674988,
        0.7961158156394958,
        0.8021263480186462,
        0.7958043813705444,
        0.7992922067642212,
        0.7977853417396545,
        0.7942789793014526,
        0.8016093373298645,
        0.7995635867118835,
        0.7927483320236206,
        0.8011676669120789,
        0.8026092052459717,
        0.8025476336479187
    ],
    "loss":[
        0.0028679706156253815,
        0.0014778365148231387,
        0.0013774657854810357,
        0.0012905208859592676,
        0.0012267722049728036,
        0.0012312375474721193,
        0.0011934142094105482,
        0.0011850502341985703,
        0.0011522406712174416,
        0.0011157779954373837,
        0.0011129450285807252,
        0.0011168611235916615,
        0.001125487731769681,
        0.001052216743119061,
        0.0010632751509547234,
        0.0010602503316476941,
        0.0010891265701502562,
        0.0010461562778800726,
        0.001033745240420103,
        0.0010281915310770273,
        0.0010781032033264637,
        0.0010091941803693771,
        0.0010068779811263084,
        0.001004077261313796,
        0.0009925351478159428
    ],
    "mean_absolute_error":[
        0.032218143343925476,
        0.02665429376065731,
        0.026250382885336876,
        0.02517600916326046,
        0.024335550144314766,
        0.0243210531771183,
        0.024057989940047264,
        0.02385573647916317,
        0.0237395241856575,
        0.023332934826612473,
        0.02321045473217964,
        0.023100104182958603,
        0.023216506466269493,
        0.022491203621029854,
        0.02249479480087757,
        0.02257038839161396,
        0.022624116390943527,
        0.022610386833548546,
        0.022231450304389,
        0.02213801071047783,
        0.02264915406703949,
        0.022126859053969383,
        0.0219582486897707,
        0.022071441635489464,
        0.021816512569785118
    ],
    "mean_squared_error":[
        0.0028679706156253815,
        0.0014778365148231387,
        0.0013774657854810357,
        0.0012905208859592676,
        0.0012267722049728036,
        0.0012312375474721193,
        0.0011934142094105482,
        0.0011850502341985703,
        0.0011522406712174416,
        0.0011157779954373837,
        0.0011129450285807252,
        0.0011168611235916615,
        0.001125487731769681,
        0.001052216743119061,
        0.0010632751509547234,
        0.0010602503316476941,
        0.0010891265701502562,
        0.0010461562778800726,
        0.001033745240420103,
        0.0010281915310770273,
        0.0010781032033264637,
        0.0010091941803693771,
        0.0010068779811263084,
        0.001004077261313796,
        0.0009925351478159428
    ],
    "val_accuracy":[
        0.05376344174146652,
        0.06304985284805298,
        0.04496578872203827,
        0.1358748823404312,
        0.055718474090099335,
        0.054252199828624725,
        0.09628543257713318,
        0.0679374411702156,
        0.08895405381917953,
        0.05474095791578293,
        0.07966764271259308,
        0.14125122129917145,
        0.10557185113430023,
        0.07478006184101105,
        0.11290322244167328,
        0.08504398912191391,
        0.07135874778032303,
        0.08553274720907211,
        0.09824047237634659,
        0.08162267506122589,
        0.05376344174146652,
        0.06891495734453201,
        0.08064515888690948,
        0.06989247351884842,
        0.08993157744407654
    ],
    "val_cosine_similarity":[
        0.8939077854156494,
        0.9979223608970642,
        0.7358161211013794,
        0.8473791480064392,
        0.9964670538902283,
        0.9703564643859863,
        0.9982037544250488,
        0.998364269733429,
        0.9982954859733582,
        0.9982184171676636,
        0.9975444078445435,
        0.9983853101730347,
        0.9983579516410828,
        0.9983580708503723,
        0.9814778566360474,
        0.9981015920639038,
        0.9983376860618591,
        0.9690208435058594,
        0.9976654648780823,
        0.9981551766395569,
        0.9977218508720398,
        0.9979364275932312,
        0.9975684285163879,
        0.9983791708946228,
        0.9977408647537231
    ],
    "val_loss":[
        0.0005083376890979707,
        0.00030776753555983305,
        0.0003235459153074771,
        0.00041230072383768857,
        0.0008584287716075778,
        0.0002782769443001598,
        0.0003262163663748652,
        0.0005859168595634401,
        0.0008537838002666831,
        0.0007681715651415288,
        0.00037915684515610337,
        0.00038411704008467495,
        0.0003910474188160151,
        0.0008391852607019246,
        0.00026782791246660054,
        0.0005335742025636137,
        0.000599166436586529,
        0.0003227039414923638,
        0.0002929661131929606,
        0.0003986653173342347,
        0.0003276612260378897,
        0.0004169604799244553,
        0.0002865333226509392,
        0.00034360564313828945,
        0.00029988185269758105
    ],
    "val_mean_absolute_error":[
        0.013793336227536201,
        0.01113911159336567,
        0.01258847489953041,
        0.013436391949653625,
        0.015129842795431614,
        0.009451489895582199,
        0.012012076564133167,
        0.02025599218904972,
        0.02052183635532856,
        0.016139689832925797,
        0.01206316240131855,
        0.014202558435499668,
        0.011004599742591381,
        0.020843755453824997,
        0.00812569074332714,
        0.014583849348127842,
        0.018482301384210587,
        0.009215299971401691,
        0.00879689957946539,
        0.010055087506771088,
        0.00894318986684084,
        0.013205081224441528,
        0.010988172143697739,
        0.013922087848186493,
        0.009181939996778965
    ],
    "val_mean_squared_error":[
        0.0005083376890979707,
        0.00030776753555983305,
        0.0003235459153074771,
        0.00041230072383768857,
        0.0008584287716075778,
        0.0002782769443001598,
        0.0003262163663748652,
        0.0005859168595634401,
        0.0008537838002666831,
        0.0007681715651415288,
        0.00037915684515610337,
        0.00038411704008467495,
        0.0003910474188160151,
        0.0008391852607019246,
        0.00026782791246660054,
        0.0005335742025636137,
        0.000599166436586529,
        0.0003227039414923638,
        0.0002929661131929606,
        0.0003986653173342347,
        0.0003276612260378897,
        0.0004169604799244553,
        0.0002865333226509392,
        0.00034360564313828945,
        0.00029988185269758105
    ]
}