{"Strategy Metrics": {"Daily Swing Trade Return": 79.89999499999989, "Buy & Hold Return": -4.539999999999998, "Auto13($22000) Return": 23396.947996000046}, "Model Metrics": {"loss": 145.41934204101562, "mean_squared_error": 145.41934204101562, "mean_absolute_error": 11.678094863891602, "accuracy": 0.08341708779335022, "cosine_similarity": 0.9983549118041992}, "Class Metrics": {"f1_monark": 0.7286973555337903, "accuracy": 0.7251984126984127, "precision": 0.7209302325581395, "recall": 0.7366336633663366, "roc auc": 0.7251756786016573}}