{"Strategy Metrics": {"Daily Swing Trade Return": 102.05999999999999, "Buy & Hold Return": -0.07000000000000206, "Auto13($22000) Return": 60258.56999999999}, "Model Metrics": {"loss": 135.39366149902344, "mean_squared_error": 135.39366149902344, "mean_absolute_error": 11.480012893676758, "accuracy": 0.07658643275499344, "cosine_similarity": 0.9992066025733948}, "Class Metrics": {"f1_monark": 0.9241952232606438, "accuracy": 0.9212513484358145, "precision": 0.9213250517598344, "recall": 0.9270833333333334, "roc auc": 0.9210360738255035}}