{"Strategy Metrics": {"Daily Swing Trade Return": 101.26191199999987, "Buy & Hold Return": -6.6023070000000015, "Auto13($22000) Return": 14942.780144000062}, "Model Metrics": {"loss": 420.71533203125, "mean_squared_error": 420.71533203125, "mean_absolute_error": 19.301223754882812, "accuracy": 0.12903225421905518, "cosine_proximity": 0.9994939565658569}, "Class Metrics": {"f1_monark": 0.6122448979591836, "accuracy": 0.6207436399217221, "precision": 0.6071428571428571, "recall": 0.6174334140435835, "roc auc": 0.6206467982072021}}