{
    "accuracy":[
        0.1710084080696106,
        0.1644257754087448,
        0.1698879599571228,
        0.1693277359008789,
        0.16960784792900085,
        0.16582633554935455,
        0.1655462235212326,
        0.16862745583057404,
        0.16596639156341553,
        0.1693277359008789,
        0.16792717576026917,
        0.17170868813991547,
        0.19173669815063477,
        0.19005602598190308,
        0.1861344575881958,
        0.185014009475708,
        0.18039216101169586,
        0.18599440157413483,
        0.19397759437561035,
        0.1893557459115982,
        0.18543417751789093,
        0.17941176891326904,
        0.19453781843185425,
        0.18459384143352509,
        0.19117647409439087,
        0.18543417751789093
    ],
    "cosine_similarity":[
        0.8052704334259033,
        0.7516157031059265,
        0.7412655353546143,
        0.7445763349533081,
        0.7519835829734802,
        0.7506313323974609,
        0.752821683883667,
        0.752015233039856,
        0.763805627822876,
        0.7553181052207947,
        0.7582746744155884,
        0.7539597749710083,
        0.7585595846176147,
        0.7633459568023682,
        0.7620857357978821,
        0.7671371102333069,
        0.7693602442741394,
        0.7649384140968323,
        0.7729063630104065,
        0.7617255449295044,
        0.7730761170387268,
        0.7765086889266968,
        0.7658964991569519,
        0.7637462019920349,
        0.7683160305023193,
        0.7738180160522461
    ],
    "loss":[
        0.004901913460344076,
        0.001984186237677932,
        0.001617475994862616,
        0.0014762283535674214,
        0.0013931342400610447,
        0.0014190907822921872,
        0.0013348241336643696,
        0.0012874648673459888,
        0.0012129757087677717,
        0.0012207748368382454,
        0.0012313799234107137,
        0.0013215735089033842,
        0.0012385114096105099,
        0.0011715992586687207,
        0.0011886003194376826,
        0.0012056769337505102,
        0.0011767044197767973,
        0.0011619484284892678,
        0.001197661622427404,
        0.0011968002654612064,
        0.0011562913423404098,
        0.0011584482854232192,
        0.001213193405419588,
        0.0011459981324151158,
        0.0011243553599342704,
        0.0011683618649840355
    ],
    "mean_absolute_error":[
        0.0361548475921154,
        0.027705077081918716,
        0.025831161066889763,
        0.025282887741923332,
        0.024650339037179947,
        0.02456999011337757,
        0.024052679538726807,
        0.023555723950266838,
        0.023129481822252274,
        0.02340039238333702,
        0.02278212644159794,
        0.023642029613256454,
        0.022957004606723785,
        0.022431576624512672,
        0.02270960435271263,
        0.02260197140276432,
        0.022395707666873932,
        0.022447947412729263,
        0.022269420325756073,
        0.022689655423164368,
        0.022563699632883072,
        0.022137193009257317,
        0.022497009485960007,
        0.022053448483347893,
        0.0220047440379858,
        0.022000504657626152
    ],
    "mean_squared_error":[
        0.004901913460344076,
        0.001984186237677932,
        0.0016174761112779379,
        0.0014762283535674214,
        0.0013931342400610447,
        0.0014190907822921872,
        0.0013348241336643696,
        0.0012874648673459888,
        0.0012129757087677717,
        0.0012207748368382454,
        0.0012313799234107137,
        0.0013215735089033842,
        0.0012385114096105099,
        0.0011715992586687207,
        0.0011886003194376826,
        0.0012056769337505102,
        0.0011767044197767973,
        0.0011619484284892678,
        0.001197661506012082,
        0.0011968002654612064,
        0.0011562913423404098,
        0.0011584482854232192,
        0.001213193405419588,
        0.0011459981324151158,
        0.0011243553599342704,
        0.0011683618649840355
    ],
    "val_accuracy":[
        0.18701007962226868,
        0.20436729490756989,
        0.1270996630191803,
        0.1270996630191803,
        0.24020156264305115,
        0.15341545641422272,
        0.16517357528209686,
        0.15565510094165802,
        0.1898096352815628,
        0.13661813735961914,
        0.21948488056659698,
        0.2435610294342041,
        0.17861142754554749,
        0.17637178301811218,
        0.1937289983034134,
        0.15789473056793213,
        0.11814109981060028,
        0.13717804849147797,
        0.23348264396190643,
        0.24020156264305115,
        0.17805151641368866,
        0.2351623773574829,
        0.23796193301677704,
        0.16293393075466156,
        0.22508399188518524,
        0.23628219962120056
    ],
    "val_cosine_similarity":[
        0.9954493641853333,
        0.9927532076835632,
        0.998086154460907,
        0.9986501336097717,
        0.5725496411323547,
        0.5520099997520447,
        0.998652458190918,
        0.9988951683044434,
        0.9102394580841064,
        0.9987918734550476,
        0.9986438751220703,
        0.9987643361091614,
        0.9989218711853027,
        0.9988920092582703,
        0.9988560676574707,
        0.7191216945648193,
        0.9989403486251831,
        0.8172137141227722,
        0.9989671111106873,
        0.8330875635147095,
        0.4607015550136566,
        0.9812452793121338,
        0.9988049864768982,
        0.998508095741272,
        0.9989294409751892,
        0.7957495450973511
    ],
    "val_loss":[
        0.0003587381506804377,
        0.0017394737806171179,
        0.0004530514997895807,
        0.00029944555717520416,
        0.00025077397003769875,
        0.00043340763659216464,
        0.0005371146835386753,
        0.0003924346819985658,
        0.0005093882791697979,
        0.00021298410138115287,
        0.00015774049097672105,
        0.00038488194695673883,
        0.0005317630711942911,
        0.0001610351901035756,
        0.00018235195602755994,
        0.00027137500001117587,
        0.00039189396193251014,
        0.00033537886338308454,
        0.00022927328245714307,
        0.0002353587478864938,
        0.0004724149766843766,
        0.0003007218474522233,
        0.0005382827366702259,
        0.0001595886133145541,
        0.0002965717576444149,
        0.00016639739624224603
    ],
    "val_mean_absolute_error":[
        0.009726662188768387,
        0.022649314254522324,
        0.017377231270074844,
        0.01273561455309391,
        0.011576821096241474,
        0.0143234608694911,
        0.018943332135677338,
        0.01124183926731348,
        0.012426706030964851,
        0.00742529658600688,
        0.006011730059981346,
        0.010153627023100853,
        0.013119587674736977,
        0.006636026781052351,
        0.007367037236690521,
        0.011415911838412285,
        0.0093819135800004,
        0.011848500929772854,
        0.009255211800336838,
        0.009969168342649937,
        0.014973226934671402,
        0.008650599978864193,
        0.012837046757340431,
        0.0066872648894786835,
        0.011100463569164276,
        0.00863523781299591
    ],