{"Strategy Metrics": {"Daily Swing Trade Return": -4.2428290000000715, "Buy & Hold Return": 97.099287, "Auto13($22000) Return": 5993.6761759999645}, "Model Metrics": {"loss": 1944.2423095703125, "mean_squared_error": 1944.2423095703125, "mean_absolute_error": 38.494590759277344, "accuracy": 0.18017111718654633, "cosine_similarity": 0.9998723864555359}, "Class Metrics": {"f1_monark": 0.6015171798304328, "accuracy": 0.5512562814070352, "precision": 0.5644891122278057, "recall": 0.6437440305635148, "roc auc": 0.5461562146454901}}