{"Strategy Metrics": {"Daily Swing Trade Return": 103.23000000000003, "Buy & Hold Return": -0.07000000000000206, "Auto13($22000) Return": 66722.24000000008}, "Model Metrics": {"loss": 135.5935516357422, "mean_squared_error": 135.5935516357422, "mean_absolute_error": 11.48830509185791, "accuracy": 0.07111597061157227, "cosine_similarity": 0.999177873134613}, "Class Metrics": {"f1_monark": 0.9657320872274143, "accuracy": 0.9644012944983819, "precision": 0.9627329192546584, "recall": 0.96875, "roc auc": 0.9642407718120807}}