{"Strategy Metrics": {"Daily Swing Trade Return": 963.5379659999999, "Buy & Hold Return": 366.62200099999995, "Auto13($22000) Return": 18051.51529500004}, "Model Metrics": {"loss": 26972.822265625, "mean_squared_error": 26972.822265625, "mean_absolute_error": 122.47793579101562, "accuracy": 0.08316429704427719, "cosine_similarity": 0.9968748092651367}, "Class Metrics": {"f1_monark": 0.7341337907375642, "accuracy": 0.6936758893280632, "precision": 0.6925566343042071, "recall": 0.781021897810219, "roc auc": 0.6857695695947646}}