{
    "accuracy":[
        0.3246478736400604,
        0.3140845000743866,
        0.3464788794517517,
        0.32887324690818787,
        0.3281690180301666,
        0.3359155058860779,
        0.34014084935188293,
        0.337323933839798,
        0.3429577350616455,
        0.351408451795578,
        0.3380281627178192,
        0.344366192817688,
        0.3070422410964966,
        0.3647887408733368,
        0.3281690180301666,
        0.344366192817688,
        0.32323944568634033,
        0.35704225301742554,
        0.35563379526138306,
        0.36408451199531555,
        0.351408451795578,
        0.351408451795578,
        0.3598591685295105,
        0.33028170466423035,
        0.36408451199531555,
        0.34366196393966675,
        0.344366192817688,
        0.3612675964832306,
        0.36408451199531555,
        0.3598591685295105,
        0.3408450782299042
    ],
    "cosine_similarity":[
        0.7880569696426392,
        0.7457430362701416,
        0.7280638813972473,
        0.7456698417663574,
        0.7312217950820923,
        0.7229931354522705,
        0.7308658361434937,
        0.7360213994979858,
        0.7256914973258972,
        0.7400903701782227,
        0.7461329698562622,
        0.7444149255752563,
        0.7543426752090454,
        0.7372838854789734,
        0.7320606708526611,
        0.754500687122345,
        0.7393082976341248,
        0.7432253360748291,
        0.7521871328353882,
        0.7808436155319214,
        0.7471188902854919,
        0.7351993918418884,
        0.7804759740829468,
        0.7718650102615356,
        0.7497172355651855,
        0.7715553045272827,
        0.7790531516075134,
        0.7594484090805054,
        0.7588133811950684,
        0.7594561576843262,
        0.7670425772666931
    ],
    "loss":[
        0.004336511250585318,
        0.002622784348204732,
        0.001986617688089609,
        0.0017152219079434872,
        0.0017733379499986768,
        0.0015560260508209467,
        0.0016727845650166273,
        0.0017524833092465997,
        0.0013657090021297336,
        0.001527992426417768,
        0.001396725419908762,
        0.0012709404109045863,
        0.0014975134981796145,
        0.0011916192015632987,
        0.0013997294008731842,
        0.0013477759202942252,
        0.0011984177399426699,
        0.0014049395686015487,
        0.0013518502237275243,
        0.0011694245040416718,
        0.0013479021145030856,
        0.0012227947590872645,
        0.0011942555429413915,
        0.0011688894592225552,
        0.0010731610236689448,
        0.0012446747859939933,
        0.001179221784695983,
        0.0011880005476996303,
        0.0012965565547347069,
        0.0011941459961235523,
        0.0011110099731013179
    ],
    "mean_absolute_error":[
        0.04125851020216942,
        0.03159261494874954,
        0.029294798150658607,
        0.02734624221920967,
        0.027776552364230156,
        0.026158051565289497,
        0.027484390884637833,
        0.02656790427863598,
        0.024899262934923172,
        0.02577834017574787,
        0.02474796213209629,
        0.02409612387418747,
        0.025332201272249222,
        0.02380606345832348,
        0.02450559288263321,
        0.023923717439174652,
        0.022845158353447914,
        0.024184098467230797,
        0.023781059309840202,
        0.022367745637893677,
        0.02369241788983345,
        0.02307450957596302,
        0.022840462625026703,
        0.022136254236102104,
        0.022089475765824318,
        0.023010915145277977,
        0.02282406948506832,
        0.02282293140888214,
        0.023424828425049782,
        0.02295309491455555,
        0.021991483867168427
    ],
    "mean_squared_error":[
        0.004336511250585318,
        0.002622784348204732,
        0.001986617688089609,
        0.0017152219079434872,
        0.0017733379499986768,
        0.0015560260508209467,
        0.0016727845650166273,
        0.0017524833092465997,
        0.0013657090021297336,
        0.001527992426417768,
        0.001396725419908762,
        0.0012709404109045863,
        0.0014975134981796145,
        0.0011916192015632987,
        0.0013997294008731842,
        0.0013477759202942252,
        0.0011984177399426699,
        0.0014049395686015487,
        0.0013518502237275243,
        0.0011694245040416718,
        0.0013479021145030856,
        0.0012227947590872645,
        0.0011942555429413915,
        0.0011688894592225552,
        0.0010731610236689448,
        0.0012446747859939933,
        0.001179221784695983,
        0.0011880005476996303,
        0.0012965565547347069,
        0.0011941459961235523,
        0.0011110099731013179
    ],
    "val_accuracy":[
        0.4185393154621124,
        0.28651684522628784,
        0.3932584226131439,
        0.3314606845378876,
        0.3426966369152069,
        0.2808988690376282,
        0.29494380950927734,
        0.37078651785850525,
        0.4410112500190735,
        0.27247190475463867,
        0.4016853868961334,
        0.283707857131958,
        0.37078651785850525,
        0.3342696726322174,
        0.35393258929252625,
        0.3174157440662384,
        0.3342696726322174,
        0.42696627974510193,
        0.3820224702358246,
        0.2893258333206177,
        0.33707866072654724,
        0.27247190475463867,
        0.32022473216056824,
        0.4101123511791229,
        0.3679775297641754,
        0.3398876488208771,
        0.36235955357551575,
        0.3314606845378876,
        0.35393258929252625,
        0.3483146131038666,
        0.37921348214149475
    ],
    "val_cosine_similarity":[
        0.9966029524803162,
        0.6314047574996948,
        0.9940308928489685,
        0.9091563820838928,
        0.28005531430244446,
        0.9932395219802856,
        0.7208355665206909,
        0.6133037209510803,
        0.8276306986808777,
        0.9975024461746216,
        0.9339008927345276,
        0.9774357676506042,
        0.4200674295425415,
        0.9983461499214172,
        0.9981668591499329,
        0.9984313249588013,
        0.9977610111236572,
        0.8382833003997803,
        0.7923773527145386,
        0.9372288584709167,
        0.6916847825050354,
        0.9987072944641113,
        0.9986640810966492,
        0.9984742999076843,
        0.9980185031890869,
        0.8695372939109802,
        0.6833772659301758,
        0.7164696455001831,
        0.9783003926277161,
        0.9968261122703552,
        0.6253920793533325
    ],
    "val_loss":[
        0.0015789754688739777,
        0.001528332126326859,
        0.001133147394284606,
        0.0012772544287145138,
        0.0015898774145171046,
        0.0015700670192018151,
        0.0009076136630028486,
        0.0005777716287411749,
        0.0008963674772530794,
        0.0006549737881869078,
        0.0006539004971273243,
        0.0008123738807626069,
        0.0005681876791641116,
        0.0007384272175841033,
        0.000548647134564817,
        0.00047104517580009997,
        0.002947824075818062,
        0.0006470059743151069,
        0.0006079091690480709,
        0.0005299520562402904,
        0.0006264147814363241,
        0.0005702248890884221,
        0.0009962442563846707,
        0.0005324096418917179,
        0.001685147057287395,
        0.0007375291315838695,
        0.0005402944516390562,
        0.0006521364557556808,
        0.0015715325716882944,
        0.001005935249850154,
        0.000856074970215559
    ],