{"Strategy Metrics": {"Daily Swing Trade Return": -0.4699999999999971, "Buy & Hold Return": 0.0600000000000005, "Auto13($22000) Return": -74.29499999999462}, "Model Metrics": {"loss": 114.71528625488281, "mean_squared_error": 114.71528625488281, "mean_absolute_error": 10.708069801330566, "accuracy": 1.0, "cosine_similarity": 0.8599448204040527}, "Class Metrics": {"f1_monark": 0.3111111111111111, "accuracy": 0.5441176470588235, "precision": 0.2916666666666667, "recall": 0.3333333333333333, "roc auc": 0.4858156028368794}}