{"Strategy Metrics": {"Daily Swing Trade Return": 925.3219769999998, "Buy & Hold Return": 369.38000099999994, "Auto13($22000) Return": 17214.607872999994}, "Model Metrics": {"loss": 28114.3125, "mean_squared_error": 28114.3125, "mean_absolute_error": 124.2524642944336, "accuracy": 0.2027558982372284, "cosine_proximity": 0.9991334080696106}, "Class Metrics": {"f1_monark": 0.7316239316239317, "accuracy": 0.6927592954990215, "precision": 0.6948051948051948, "recall": 0.7725631768953068, "roc auc": 0.6854268875929526}}