{"Strategy Metrics": {"Daily Swing Trade Return": 3039.8670000000066, "Buy & Hold Return": 4442.947, "Auto13($22000) Return": 6079.734000000015}, "Model Metrics": {"loss": 88910824.0, "mean_squared_error": 88910824.0, "mean_absolute_error": 9294.85546875, "accuracy": 0.18309858441352844, "cosine_similarity": 0.9945700168609619}, "Class Metrics": {"f1_monark": 0.3333333333333333, "accuracy": 0.4666666666666667, "precision": 0.45454545454545453, "recall": 0.2631578947368421, "roc auc": 0.46941678520625885}}