{
    "accuracy":[
        0.09045583754777908,
        0.06980057060718536,
        0.06481481343507767,
        0.08547008782625198,
        0.07407407462596893,
        0.0733618214726448,
        0.07478632777929306,
        0.06908831745386124,
        0.07122506946325302,
        0.07264957576990128,
        0.06695156544446945,
        0.056980058550834656,
        0.0683760717511177,
        0.07478632777929306,
        0.07763532549142838,
        0.07407407462596893,
        0.07193732261657715,
        0.08974359184503555,
        0.07905983179807663,
        0.0783475786447525,
        0.0733618214726448,
        0.09116809070110321,
        0.08974359184503555,
        0.08974359184503555,
        0.09686609357595444,
        0.08974359184503555,
        0.08262108266353607,
        0.09116809070110321,
        0.08760683983564377,
        0.09188034385442734,
        0.10826210677623749,
        0.08190882951021194,
        0.09544159471988678,
        0.09686609357595444,
        0.09544159471988678,
        0.10683760792016983,
        0.10256410390138626,
        0.11965811997652054,
        0.09401709586381912,
        0.09686609357595444,
        0.10541310906410217,
        0.1111111119389534,
        0.1111111119389534,
        0.10541310906410217,
        0.10185185074806213,
        0.11324786394834518,
        0.11396011710166931,
        0.13176637887954712,
        0.10754986107349396,
        0.10683760792016983,
        0.12037037312984467,
        0.11467236280441284,
        0.11182336509227753,
        0.11965811997652054,
        0.12179487198591232,
        0.13034188747406006,
        0.11396011710166931,
        0.11253561079502106,
        0.12464387714862823,
        0.11965811997652054,
        0.12535612285137177,
        0.11823362112045288
    ],
    "cosine_similarity":[
        0.9035009145736694,
        0.8223398923873901,
        0.8097938299179077,
        0.7780608534812927,
        0.7979506850242615,
        0.7619314193725586,
        0.7788172960281372,
        0.7537685036659241,
        0.7459242939949036,
        0.7725043892860413,
        0.7517030835151672,
        0.7625052332878113,
        0.7560104131698608,
        0.7518454194068909,
        0.7650046348571777,
        0.7311906218528748,
        0.7503477931022644,
        0.7433737516403198,
        0.7682415843009949,
        0.7385038137435913,
        0.7515782117843628,
        0.7569179534912109,
        0.7231375575065613,
        0.7531401515007019,
        0.7578809261322021,
        0.7509312033653259,
        0.7431177496910095,
        0.7572974562644958,
        0.747807502746582,
        0.7414344549179077,
        0.7368789911270142,
        0.7631695866584778,
        0.7299466729164124,
        0.7563368082046509,
        0.7220321893692017,
        0.7668347358703613,
        0.7523407936096191,
        0.7622236609458923,
        0.7413540482521057,
        0.7698988318443298,
        0.7661200761795044,
        0.7594515681266785,
        0.7382264733314514,
        0.7543689012527466,
        0.762862503528595,
        0.7393154501914978,
        0.7593632340431213,
        0.7518046498298645,
        0.7480967044830322,
        0.7462956309318542,
        0.7728243470191956,
        0.7455015778541565,
        0.7662298083305359,
        0.765954852104187,
        0.7558214664459229,
        0.7696399092674255,
        0.7430912256240845,
        0.7611920237541199,
        0.7676795125007629,
        0.745849072933197,
        0.7569339275360107,
        0.7495267391204834
    ],
    "loss":[
        0.01141459308564663,
        0.005742244888097048,
        0.0040436359122395515,
        0.003971232566982508,
        0.0034089123364537954,
        0.003365491284057498,
        0.0031807846389710903,
        0.0030442452989518642,
        0.0029075441416352987,
        0.0028240696992725134,
        0.0028088283725082874,
        0.0028042413759976625,
        0.0026511764153838158,
        0.0025918339379131794,
        0.002205929020419717,
        0.0026721269823610783,
        0.0026730000972747803,
        0.002644158434122801,
        0.0023595618549734354,
        0.002458919072523713,
        0.002348866779357195,
        0.0025685993023216724,
        0.0022959881462156773,
        0.0025087236426770687,
        0.002282202709466219,
        0.0023440264631062746,
        0.00245888764038682,
        0.002407449297606945,
        0.002278529107570648,
        0.0023648804053664207,
        0.0022040363401174545,
        0.0022274982184171677,
        0.002389141358435154,
        0.002185953315347433,
        0.0022417192813009024,
        0.0021539281588047743,
        0.00236743176355958,
        0.0021760547533631325,
        0.0021954711992293596,
        0.0023636759724467993,
        0.0022011157125234604,
        0.0023397633340209723,
        0.0022530031856149435,
        0.00222610542550683,
        0.002339377300813794,
        0.0021489097271114588,
        0.002216336317360401,
        0.0021906655747443438,
        0.0019867324735969305,
        0.0023035251069813967,
        0.0020222910679876804,
        0.002412710338830948,
        0.002074601361528039,
        0.002157436916604638,
        0.0021167665254324675,
        0.0022602619137614965,
        0.0020749352406710386,
        0.002120452933013439,
        0.0022596099879592657,
        0.0021277449559420347,
        0.0023233466781675816,
        0.002285344060510397
    ],
    "mean_absolute_error":[
        0.060121338814496994,
        0.04129204526543617,
        0.03498639538884163,
        0.03531815484166145,
        0.03245271369814873,
        0.032745566219091415,
        0.032339274883270264,
        0.031656280159950256,
        0.031141052022576332,
        0.03073417954146862,
        0.030888071283698082,
        0.030553212389349937,
        0.02973811700940132,
        0.02947765402495861,
        0.028153738006949425,
        0.030202748253941536,
        0.030434586107730865,
        0.02990761771798134,
        0.028582852333784103,
        0.029259614646434784,
        0.02883332595229149,
        0.030127376317977905,
        0.028484569862484932,
        0.029782745987176895,
        0.02835181914269924,
        0.028519783169031143,
        0.028756214305758476,
        0.028847239911556244,
        0.028302377089858055,
        0.028423704206943512,
        0.027820449322462082,
        0.027619261294603348,
        0.028632035478949547,
        0.027232632040977478,
        0.02770727127790451,
        0.027335606515407562,
        0.028562605381011963,
        0.02747240848839283,
        0.02785453572869301,
        0.02834300696849823,
        0.02747112140059471,
        0.028282733634114265,
        0.028070732951164246,
        0.02793513610959053,
        0.028512008488178253,
        0.027202345430850983,
        0.027958299964666367,
        0.02800331823527813,
        0.02714216150343418,
        0.027854979038238525,
        0.026652775704860687,
        0.028872951865196228,
        0.026941487565636635,
        0.027646871283650398,
        0.027292419224977493,
        0.027713878080248833,
        0.027370896190404892,
        0.02741779386997223,
        0.02758466824889183,
        0.026751916855573654,
        0.028994590044021606,
        0.02773287333548069
    ],