{"Strategy Metrics": {"Daily Swing Trade Return": 54.861450999999974, "Buy & Hold Return": 96.91000199999999, "Auto13($22000) Return": 7766.51291800004}, "Model Metrics": {"loss": 1917.717041015625, "mean_squared_error": 1917.717041015625, "mean_absolute_error": 38.25724792480469, "accuracy": 0.08817635476589203, "cosine_similarity": 0.9997287392616272}, "Class Metrics": {"f1_monark": 0.614977973568282, "accuracy": 0.563872255489022, "precision": 0.5740131578947368, "recall": 0.6622390891840607, "roc auc": 0.5584879656446619}}