{"Strategy Metrics": {"Daily Swing Trade Return": 342.472, "Buy & Hold Return": 360.138, "Auto13($22000) Return": 6628.590000000004}, "Model Metrics": {"loss": 56239.22265625, "mean_squared_error": 56239.22265625, "mean_absolute_error": 188.8931121826172, "accuracy": 0.0, "cosine_similarity": 0.8353399634361267}, "Class Metrics": {"f1_monark": 0.75, "accuracy": 0.625, "precision": 0.75, "recall": 0.75, "roc auc": 0.5}}