{"Strategy Metrics": {"Daily Swing Trade Return": 23.650000000000013, "Buy & Hold Return": -23.78000200000001, "Auto13($22000) Return": 6699.219954000011}, "Model Metrics": {"loss": 152.45156860351562, "mean_squared_error": 152.45156860351562, "mean_absolute_error": 11.70154857635498, "accuracy": 0.07096774131059647, "cosine_similarity": 0.9766809344291687}, "Class Metrics": {"f1_monark": 0.6535947712418301, "accuracy": 0.6845238095238095, "precision": 0.6578947368421053, "recall": 0.6493506493506493, "roc auc": 0.6818181818181818}}