{
    "accuracy":[
        0.3327294588088989,
        0.33695653080940247,
        0.34601449966430664,
        0.35326087474823,
        0.32367148995399475,
        0.33212560415267944,
        0.35326087474823,
        0.3478260934352875,
        0.33695653080940247,
        0.3617149889469147,
        0.3647342920303345,
        0.3387681245803833,
        0.36533817648887634,
        0.3478260934352875,
        0.3586956560611725,
        0.3586956560611725,
        0.34299516677856445,
        0.33816424012184143,
        0.33756038546562195,
        0.34299516677856445,
        0.3309178650379181,
        0.35205313563346863,
        0.3242753744125366,
        0.34359902143478394,
        0.35748791694641113,
        0.3357487916946411,
        0.3502415418624878,
        0.35929951071739197,
        0.37620773911476135,
        0.3466183543205261,
        0.34601449966430664,
        0.32669082283973694,
        0.35326087474823,
        0.32669082283973694,
        0.3254830837249756,
        0.3472222089767456,
        0.3496376872062683,
        0.3617149889469147,
        0.35326087474823,
        0.34541061520576477,
        0.3466183543205261,
        0.34842994809150696,
        0.3254830837249756,
        0.3526569902896881
    ],
    "cosine_similarity":[
        0.8509888648986816,
        0.8359116315841675,
        0.8330833911895752,
        0.8373920321464539,
        0.845137357711792,
        0.8483722805976868,
        0.8474226593971252,
        0.8542378544807434,
        0.8547850251197815,
        0.8655641078948975,
        0.854339599609375,
        0.8491899371147156,
        0.8553556203842163,
        0.8646706938743591,
        0.8766913414001465,
        0.8621454834938049,
        0.8633309602737427,
        0.8621950149536133,
        0.868769109249115,
        0.88744056224823,
        0.876964271068573,
        0.8760861158370972,
        0.8764933943748474,
        0.8801735639572144,
        0.8630507588386536,
        0.8558210134506226,
        0.8771719336509705,
        0.8519981503486633,
        0.8647165894508362,
        0.8668615818023682,
        0.8806366324424744,
        0.8788706660270691,
        0.8872432112693787,
        0.8811745047569275,
        0.8810266852378845,
        0.8904998302459717,
        0.8865438103675842,
        0.8850781917572021,
        0.8749328255653381,
        0.8769126534461975,
        0.8903073072433472,
        0.8845142126083374,
        0.8907380700111389,
        0.8820144534111023
    ],
    "loss":[
        0.0002388753928244114,
        0.00011426405399106443,
        0.00011791203723987564,
        8.275258005596697e-05,
        8.465191058348864e-05,
        7.887055107858032e-05,
        7.344093319261447e-05,
        7.206739974208176e-05,
        6.107259105192497e-05,
        6.203255179570988e-05,
        6.163999933050945e-05,
        6.084140841267072e-05,
        5.926059020566754e-05,
        5.612608583760448e-05,
        5.0684044254012406e-05,
        5.303543002810329e-05,
        5.245563806965947e-05,
        5.3218958782963455e-05,
        4.993065886083059e-05,
        4.976797572453506e-05,
        4.483645534492098e-05,
        4.6143111831042916e-05,
        4.915634781355038e-05,
        4.8052563215605915e-05,
        5.239329766482115e-05,
        4.6745746658416465e-05,
        4.593248013406992e-05,
        4.700457429862581e-05,
        4.644795990316197e-05,
        4.564212940749712e-05,
        4.5547720219474286e-05,
        4.757018541567959e-05,
        4.3011343223042786e-05,
        4.314394391258247e-05,
        4.557767533697188e-05,
        4.144531339989044e-05,
        4.337916834629141e-05,
        4.462270953808911e-05,
        4.2044524889206514e-05,
        4.1980390960816294e-05,
        4.203453863738105e-05,
        4.05698774557095e-05,
        4.264856761437841e-05,
        4.283209273125976e-05
    ],
    "mean_absolute_error":[
        0.011348197236657143,
        0.00832692626863718,
        0.00849039014428854,
        0.007188399787992239,
        0.007176314480602741,
        0.006905373651534319,
        0.006749482359737158,
        0.006591510493308306,
        0.006188541650772095,
        0.006130483001470566,
        0.0060701086185872555,
        0.006109792273491621,
        0.005958238150924444,
        0.005828603636473417,
        0.005567040294408798,
        0.005666747689247131,
        0.005631437990814447,
        0.005676711909472942,
        0.005469217896461487,
        0.005448911339044571,
        0.005203807260841131,
        0.005290179047733545,
        0.005382917821407318,
        0.00530671002343297,
        0.0056016151793301105,
        0.005295322276651859,
        0.005254524294286966,
        0.005335274618119001,
        0.005291863810271025,
        0.005245454143732786,
        0.005229321774095297,
        0.005359632428735495,
        0.005071861669421196,
        0.005156603641808033,
        0.005162481684237719,
        0.004984692670404911,
        0.005098038353025913,
        0.0051619186997413635,
        0.004998006857931614,
        0.004972253926098347,
        0.005023364443331957,
        0.004942397587001324,
        0.005058297421783209,
        0.005092863459140062
    ],
    "mean_squared_error":[
        0.0002388753928244114,
        0.00011426405399106443,
        0.00011791203723987564,
        8.275258005596697e-05,
        8.465191058348864e-05,
        7.887055107858032e-05,
        7.344093319261447e-05,
        7.206739974208176e-05,
        6.107259105192497e-05,
        6.203255179570988e-05,
        6.163999933050945e-05,
        6.084140841267072e-05,
        5.926059020566754e-05,
        5.612608583760448e-05,
        5.0684044254012406e-05,
        5.303543002810329e-05,
        5.245563806965947e-05,
        5.3218958782963455e-05,
        4.993065886083059e-05,
        4.976797572453506e-05,
        4.483645534492098e-05,
        4.6143111831042916e-05,
        4.915634781355038e-05,
        4.8052563215605915e-05,
        5.239329766482115e-05,
        4.6745746658416465e-05,
        4.593248013406992e-05,
        4.700457429862581e-05,
        4.644795990316197e-05,
        4.564212940749712e-05,
        4.5547720219474286e-05,
        4.757018541567959e-05,
        4.3011343223042786e-05,
        4.314394391258247e-05,
        4.557767533697188e-05,
        4.144531339989044e-05,
        4.337916834629141e-05,
        4.462270953808911e-05,
        4.2044524889206514e-05,
        4.1980390960816294e-05,
        4.203453863738105e-05,
        4.05698774557095e-05,
        4.264856761437841e-05,
        4.283209273125976e-05
    ],
    "val_accuracy":[
        0.24396134912967682,
        0.22946859896183014,
        0.39371979236602783,
        0.3550724685192108,
        0.37681159377098083,
        0.2753623127937317,
        0.41545894742012024,
        0.34541061520576477,
        0.34541061520576477,
        0.3840579688549042,
        0.3719806671142578,
        0.3550724685192108,
        0.2777777910232544,
        0.22946859896183014,
        0.3285024166107178,
        0.25362318754196167,
        0.39613527059555054,
        0.3164251148700714,
        0.3285024166107178,
        0.2801932394504547,
        0.3695652186870575,
        0.41545894742012024,
        0.41545894742012024,
        0.3478260934352875,
        0.32608696818351746,
        0.38164252042770386,
        0.41545894742012024,
        0.3478260934352875,
        0.3719806671142578,
        0.35748791694641113,
        0.3502415418624878,
        0.3743961453437805,
        0.30676329135894775,
        0.41545894742012024,
        0.3164251148700714,
        0.41545894742012024,
        0.30917873978614807,
        0.38164252042770386,
        0.3671497702598572,
        0.3743961453437805,
        0.3913043439388275,
        0.3695652186870575,
        0.30676329135894775,
        0.4082125723361969
    ],