{"Strategy Metrics": {"Daily Swing Trade Return": 169.26713699999996, "Buy & Hold Return": 95.93857399999999, "Auto13($22000) Return": 11215.389207999928}, "Model Metrics": {"loss": 1933.225341796875, "mean_squared_error": 1933.225341796875, "mean_absolute_error": 38.34130096435547, "accuracy": 0.40079760551452637, "cosine_proximity": 0.999927282333374}, "Class Metrics": {"f1_monark": 0.6415432929564828, "accuracy": 0.6018933731938216, "precision": 0.6090289608177172, "recall": 0.6777251184834123, "roc auc": 0.5977911306702776}}