{"Strategy Metrics": {"Daily Swing Trade Return": 4.5399999999999965, "Buy & Hold Return": -27.470000000000006, "Auto13($22000) Return": 1997.8900210000065}, "Model Metrics": {"loss": 186.3300323486328, "mean_squared_error": 186.3300323486328, "mean_absolute_error": 12.511480331420898, "accuracy": 0.18292683362960815, "cosine_proximity": 0.9673600792884827}, "Class Metrics": {"f1_monark": 0.5032258064516129, "accuracy": 0.5523255813953488, "precision": 0.5064935064935064, "recall": 0.5, "roc auc": 0.5478723404255319}}