{"Strategy Metrics": {"Daily Swing Trade Return": 360.138, "Buy & Hold Return": 363.768, "Auto13($22000) Return": 8062.916000000001}, "Model Metrics": {"loss": 43939.77734375, "mean_squared_error": 43939.77734375, "mean_absolute_error": 167.35472106933594, "accuracy": 0.6153846383094788, "cosine_proximity": 0.949447512626648}, "Class Metrics": {"f1_monark": 0.8275862068965517, "accuracy": 0.7058823529411765, "precision": 0.75, "recall": 0.9230769230769231, "roc auc": 0.46153846153846156}}