{"Strategy Metrics": {"Daily Swing Trade Return": 190.59846, "Buy & Hold Return": -7.756154000000005, "Auto13($22000) Return": 45198.668136000066}, "Model Metrics": {"loss": 419.191650390625, "mean_squared_error": 419.191650390625, "mean_absolute_error": 19.25838851928711, "accuracy": 0.36054688692092896, "cosine_similarity": 0.9999103546142578}, "Class Metrics": {"f1_monark": 0.7568425228084095, "accuracy": 0.7606403748535728, "precision": 0.7441497659906396, "recall": 0.7699757869249395, "roc auc": 0.7609334305275228}}