{"Strategy Metrics": {"Daily Swing Trade Return": 1.0289999999999964, "Buy & Hold Return": 0.2499999999999991, "Auto13($22000) Return": 247.16299999999683}, "Model Metrics": {"loss": 42.49888229370117, "mean_squared_error": 42.49888229370117, "mean_absolute_error": 6.517171382904053, "accuracy": 0.699999988079071, "cosine_proximity": 0.9583794474601746}, "Class Metrics": {"f1_monark": 0.5185185185185185, "accuracy": 0.5851063829787234, "precision": 0.4375, "recall": 0.6363636363636364, "roc auc": 0.596870342771982}}