{
    "accuracy":[
        0.06737367063760757,
        0.06862133741378784,
        0.07096070051193237,
        0.07735496014356613,
        0.0767311304807663,
        0.08546475321054459,
        0.0857766717672348,
        0.09560199826955795,
        0.09451029449701309,
        0.09575795382261276,
        0.09357454627752304,
        0.09310667216777802,
        0.09591390937566757,
        0.09544603526592255,
        0.09575795382261276,
        0.09918902069330215,
        0.09529007971286774,
        0.09326263517141342,
        0.09029943495988846,
        0.09731753170490265,
        0.09731753170490265,
        0.09123518317937851,
        0.09248284250497818,
        0.09185901284217834,
        0.1001247689127922,
        0.09185901284217834,
        0.09684965759515762,
        0.08827199041843414,
        0.08967560529708862,
        0.08873986452817917,
        0.09310667216777802,
        0.10277604311704636,
        0.09918902069330215,
        0.08655645698308945,
        0.09373050183057785,
        0.09217093139886856,
        0.09606987237930298,
        0.09061135351657867,
        0.09123518317937851
    ],
    "cosine_similarity":[
        0.540794312953949,
        0.537150502204895,
        0.5609312653541565,
        0.570337176322937,
        0.5867325663566589,
        0.599790632724762,
        0.6150774955749512,
        0.6293045878410339,
        0.6452434659004211,
        0.6347590088844299,
        0.6537575721740723,
        0.6608889698982239,
        0.6590734720230103,
        0.6578476428985596,
        0.6590600609779358,
        0.6657319664955139,
        0.6728130578994751,
        0.6693899631500244,
        0.6707897186279297,
        0.6784922480583191,
        0.68034827709198,
        0.6785054802894592,
        0.6732468605041504,
        0.6789190769195557,
        0.6943372488021851,
        0.6895387172698975,
        0.6992948055267334,
        0.6925514936447144,
        0.6872133016586304,
        0.6889349818229675,
        0.7061872482299805,
        0.6980077028274536,
        0.6967271566390991,
        0.7028291821479797,
        0.7047857046127319,
        0.6879311800003052,
        0.7038661241531372,
        0.7087357640266418,
        0.6956965923309326
    ],
    "loss":[
        0.00012927401985507458,
        7.364305929513648e-05,
        5.780411811429076e-05,
        4.780987001140602e-05,
        4.008608448202722e-05,
        3.9424285205313936e-05,
        3.325484794913791e-05,
        3.251232919865288e-05,
        3.145919617963955e-05,
        2.968499029520899e-05,
        2.842104368028231e-05,
        2.6018253265647218e-05,
        2.7353409677743912e-05,
        2.6375248125987127e-05,
        2.783531090244651e-05,
        2.3217324269353412e-05,
        2.2416477804654278e-05,
        2.36773157666903e-05,
        2.2942547730053775e-05,
        2.064359068754129e-05,
        2.181708077841904e-05,
        2.0267616491764784e-05,
        2.1814010324305855e-05,
        2.1861163986613974e-05,
        1.8426489987177774e-05,
        1.9766810510191135e-05,
        1.8746717614703812e-05,
        2.006724025704898e-05,
        2.0023289835080504e-05,
        1.8406790331937373e-05,
        1.808476372389123e-05,
        1.8734701370703988e-05,
        1.7701004253467545e-05,
        1.683764457993675e-05,
        1.628840618650429e-05,
        1.8369855752098374e-05,
        1.7773367289919406e-05,
        1.66175468621077e-05,
        1.88018075277796e-05
    ],
    "mean_absolute_error":[
        0.006981479004025459,
        0.005572165362536907,
        0.004882079549133778,
        0.004394709598273039,
        0.004112344700843096,
        0.004024329129606485,
        0.0037402999587357044,
        0.0036326576955616474,
        0.0035158272366970778,
        0.0034280559048056602,
        0.003330058418214321,
        0.003281937213614583,
        0.003320209914818406,
        0.0032347654923796654,
        0.0032758768647909164,
        0.003069658298045397,
        0.0029648798517882824,
        0.0030329630244523287,
        0.003010352374985814,
        0.002833887469023466,
        0.0029458687640726566,
        0.0028311749920248985,
        0.0029109311290085316,
        0.002887918846681714,
        0.00270797498524189,
        0.0027717282064259052,
        0.002707380335777998,
        0.00278846244327724,
        0.002860796870663762,
        0.0026974063366651535,
        0.002640598686411977,
        0.0027024473529309034,
        0.0026661979500204325,
        0.0026039802469313145,
        0.002564238617196679,
        0.002646758919581771,
        0.002619703533127904,
        0.002546947682276368,
        0.002699837787076831
    ],
    "mean_squared_error":[
        0.00012927401985507458,
        7.364305929513648e-05,
        5.780411811429076e-05,
        4.780987001140602e-05,
        4.008608448202722e-05,
        3.9424285205313936e-05,
        3.325484794913791e-05,
        3.251232919865288e-05,
        3.145919617963955e-05,
        2.968499029520899e-05,
        2.842104368028231e-05,
        2.6018253265647218e-05,
        2.7353409677743912e-05,
        2.6375248125987127e-05,
        2.783531090244651e-05,
        2.3217324269353412e-05,
        2.2416477804654278e-05,
        2.36773157666903e-05,
        2.2942547730053775e-05,
        2.064359068754129e-05,
        2.181708077841904e-05,
        2.0267616491764784e-05,
        2.1814010324305855e-05,
        2.1861163986613974e-05,
        1.8426489987177774e-05,
        1.9766810510191135e-05,
        1.8746717614703812e-05,
        2.006724025704898e-05,
        2.0023289835080504e-05,
        1.8406790331937373e-05,
        1.808476372389123e-05,
        1.8734701370703988e-05,
        1.7701004253467545e-05,
        1.683764457993675e-05,
        1.628840618650429e-05,
        1.8369855752098374e-05,
        1.7773367289919406e-05,
        1.66175468621077e-05,
        1.88018075277796e-05
    ],
    "val_accuracy":[
        0.05423939973115921,
        0.07730673253536224,
        0.14962594211101532,
        0.14152120053768158,
        0.042394015938043594,
        0.06483790278434753,
        0.0554862841963768,
        0.06733167171478271,
        0.0704488754272461,
        0.1521196961402893,
        0.11970074474811554,
        0.17019949853420258,
        0.04052368924021721,
        0.1546134650707245,
        0.13528677821159363,
        0.0692019984126091,
        0.1539900302886963,
        0.15835411846637726,
        0.07543640583753586,
        0.03927680850028992,
        0.07793017476797104,
        0.07917705923318863,
        0.09102244675159454,
        0.06109725683927536,
        0.08977556228637695,
        0.05735660716891289,
        0.17456358671188354,
        0.05112219601869583,
        0.06795511394739151,
        0.060473814606666565,
        0.0704488754272461,
        0.08541147410869598,
        0.1240648403763771,
        0.06234414130449295,
        0.15835411846637726,
        0.07855361700057983,
        0.07917705923318863,
        0.07980050146579742,
        0.05860349163413048
    ],