{"Strategy Metrics": {"Daily Swing Trade Return": 4.370000000000002, "Buy & Hold Return": -27.470000000000006, "Auto13($22000) Return": 1824.279971999993}, "Model Metrics": {"loss": 186.40367126464844, "mean_squared_error": 186.40367126464844, "mean_absolute_error": 12.522238731384277, "accuracy": 0.2195121943950653, "cosine_similarity": 0.9009799361228943}, "Class Metrics": {"f1_monark": 0.5189873417721518, "accuracy": 0.5581395348837209, "precision": 0.5125, "recall": 0.5256410256410257, "roc auc": 0.5553737043098745}}