{
    "accuracy":[
        0.06520414352416992,
        0.06398537755012512,
        0.07617306709289551,
        0.0786106064915657,
        0.05911029875278473,
        0.0798293724656105,
        0.07190737128257751,
        0.06764168292284012,
        0.07251676172018051,
        0.07068860530853271,
        0.07617306709289551,
        0.07068860530853271,
        0.09384521842002869,
        0.07373552769422531,
        0.07068860530853271,
        0.0877513736486435,
        0.07007922232151031,
        0.0859232172369957,
        0.0840950608253479,
        0.07129798829555511,
        0.07190737128257751,
        0.09140767902135849,
        0.07312614470720291,
        0.06946983188390732,
        0.07678245007991791,
        0.07800121605396271,
        0.0828762948513031,
        0.0877513736486435,
        0.07495429366827011,
        0.0895795226097107
    ],
    "cosine_similarity":[
        0.8727695345878601,
        0.8743773698806763,
        0.8675171136856079,
        0.8494603633880615,
        0.8581134080886841,
        0.8601259589195251,
        0.8560164570808411,
        0.8678573369979858,
        0.8618272542953491,
        0.8531975150108337,
        0.8680374622344971,
        0.8693972826004028,
        0.8704599738121033,
        0.8648976683616638,
        0.8694101572036743,
        0.8716434240341187,
        0.873906135559082,
        0.8736705183982849,
        0.8684567809104919,
        0.8769701719284058,
        0.874147891998291,
        0.8715025186538696,
        0.8826689124107361,
        0.8667967319488525,
        0.87632155418396,
        0.8786882162094116,
        0.8677938580513,
        0.8855284452438354,
        0.8843486309051514,
        0.8776408433914185
    ],
    "loss":[
        0.0007727547781541944,
        0.0001985691924346611,
        0.00014246167847886682,
        0.0001348684454569593,
        0.00011853048636112362,
        0.00011615529365371913,
        0.00010737874981714413,
        9.709901496535167e-05,
        9.706198761705309e-05,
        9.695618064142764e-05,
        8.714444993529469e-05,
        9.278745710616931e-05,
        8.80578882060945e-05,
        9.248651622328907e-05,
        8.343185618286952e-05,
        8.080255065578967e-05,
        8.689723472343758e-05,
        8.095444354694337e-05,
        7.823442865628749e-05,
        7.990526501089334e-05,
        7.858231401769444e-05,
        8.161454024957493e-05,
        7.522079977206886e-05,
        7.335048576351255e-05,
        7.677083340240642e-05,
        8.334288577316329e-05,
        7.82764473115094e-05,
        7.712614751653746e-05,
        7.202973938547075e-05,
        7.379175076493993e-05
    ],
    "mean_absolute_error":[
        0.018890099599957466,
        0.010808789171278477,
        0.0092728640884161,
        0.009045048616826534,
        0.008489972911775112,
        0.008376246318221092,
        0.008049387484788895,
        0.007596862036734819,
        0.007616403512656689,
        0.007649041712284088,
        0.007198364939540625,
        0.007427596021443605,
        0.00715136993676424,
        0.007478123530745506,
        0.007059422321617603,
        0.006993699353188276,
        0.007193043362349272,
        0.006911897100508213,
        0.006857804022729397,
        0.006907350849360228,
        0.006834144704043865,
        0.0070060971193015575,
        0.006693745497614145,
        0.006625093519687653,
        0.006741655059158802,
        0.007030957844108343,
        0.006828851532191038,
        0.006829125806689262,
        0.0064627197571098804,
        0.006558619439601898
    ],
    "mean_squared_error":[
        0.0007727547781541944,
        0.0001985691924346611,
        0.00014246167847886682,
        0.0001348684454569593,
        0.00011853048636112362,
        0.00011615529365371913,
        0.00010737874981714413,
        9.709901496535167e-05,
        9.706198761705309e-05,
        9.695618064142764e-05,
        8.714444993529469e-05,
        9.278745710616931e-05,
        8.80578882060945e-05,
        9.248651622328907e-05,
        8.343185618286952e-05,
        8.080255065578967e-05,
        8.689723472343758e-05,
        8.095444354694337e-05,
        7.823442865628749e-05,
        7.990526501089334e-05,
        7.858231401769444e-05,
        8.161454024957493e-05,
        7.522079977206886e-05,
        7.335048576351255e-05,
        7.677083340240642e-05,
        8.334288577316329e-05,
        7.82764473115094e-05,
        7.712614751653746e-05,
        7.202973938547075e-05,
        7.379175076493993e-05
    ],
    "val_accuracy":[
        0.09975668787956238,
        0.04622871056199074,
        0.051094889640808105,
        0.051094889640808105,
        0.08515815436840057,
        0.06082725152373314,
        0.10948905348777771,
        0.04136253148317337,
        0.07785888016223907,
        0.10218977928161621,
        0.08029197156429291,
        0.09975668787956238,
        0.04136253148317337,
        0.14841848611831665,
        0.11922141164541245,
        0.08515815436840057,
        0.07542578876018524,
        0.16058394312858582,
        0.09002432972192764,
        0.06082725152373314,
        0.08272506296634674,
        0.09975668787956238,
        0.04866180196404457,
        0.07299269735813141,
        0.16788321733474731,
        0.09002432972192764,
        0.14355231821537018,
        0.03406326100230217,
        0.11192213743925095,
        0.11192213743925095
    ],
    "val_cosine_similarity":[
        0.9949072599411011,
        0.9903059005737305,
        0.9923499822616577,
        0.995586097240448,
        0.9949945211410522,
        0.9935384392738342,
        0.9736678600311279,
        0.9910907745361328,
        0.9941956400871277,
        0.46179306507110596,
        0.9946906566619873,
        0.9166374206542969,
        0.6592937111854553,
        0.9883348345756531,
        0.9363276958465576,
        0.8776538968086243,
        0.9933529496192932,
        0.9958363771438599,
        0.9778043627738953,
        0.9930853843688965,
        0.965479850769043,
        0.9301794767379761,
        0.9110887050628662,
        0.9965423345565796,
        0.9965541362762451,
        0.9935744404792786,
        0.9942137598991394,
        0.9112333655357361,
        0.9968281984329224,
        0.9549590349197388
    ],
    "val_loss":[
        0.00013745274918619543,
        7.063189696054906e-05,
        6.264114927034825e-05,
        7.657706009922549e-05,
        8.127629553200677e-05,
        5.9178524679737166e-05,
        7.707371696596965e-05,
        5.3797251894138753e-05,
        5.388763747760095e-05,
        0.00010019816545536742,
        5.2778665121877566e-05,
        8.607269410276785e-05,
        6.363019201671705e-05,
        5.309361222316511e-05,
        5.561888247029856e-05,
        8.616817649453878e-05,
        4.6862543968018144e-05,
        5.9365949709899724e-05,
        4.738502320833504e-05,
        4.6034059778321534e-05,
        5.3915522585157305e-05,
        4.7502668166998774e-05,
        4.748946594190784e-05,
        4.734301910502836e-05,
        6.846470205346122e-05,
        5.109941412229091e-05,
        5.385839176597074e-05,
        4.702076694229618e-05,
        6.492571264971048e-05,
        4.662933497456834e-05
    ],