{"Strategy Metrics": {"Daily Swing Trade Return": 38329.44970300002, "Buy & Hold Return": 1330.2646480000003, "Auto13($22000) Return": 76658.89940600006}, "Model Metrics": {"loss": 84470688.0, "mean_squared_error": 84470688.0, "mean_absolute_error": 9068.4814453125, "accuracy": 0.12293144315481186, "cosine_similarity": 0.9983939528465271}, "Class Metrics": {"f1_monark": 0.8677494199535962, "accuracy": 0.8692660550458715, "precision": 0.8862559241706162, "recall": 0.85, "roc auc": 0.8694444444444445}}