{"Strategy Metrics": {"Daily Swing Trade Return": 27.659999999999997, "Buy & Hold Return": -25.770000000000003, "Auto13($22000) Return": 7736.080013999992}, "Model Metrics": {"loss": 187.64730834960938, "mean_squared_error": 187.64730834960938, "mean_absolute_error": 12.548328399658203, "accuracy": 0.23952095210552216, "cosine_similarity": 0.9905984997749329}, "Class Metrics": {"f1_monark": 0.6918238993710693, "accuracy": 0.711764705882353, "precision": 0.6707317073170732, "recall": 0.7142857142857143, "roc auc": 0.7119815668202766}}