{"Strategy Metrics": {"Daily Swing Trade Return": 96.0200210000001, "Buy & Hold Return": -5.919999999999998, "Auto13($22000) Return": 13678.713209999973}, "Model Metrics": {"loss": 1055.59033203125, "mean_squared_error": 1055.59033203125, "mean_absolute_error": 32.33163070678711, "accuracy": 0.24629630148410797, "cosine_proximity": 0.9996311664581299}, "Class Metrics": {"f1_monark": 0.9568221070811744, "accuracy": 0.9540441176470589, "precision": 0.9518900343642611, "recall": 0.9618055555555556, "roc auc": 0.9535590277777778}}