{"Strategy Metrics": {"Daily Swing Trade Return": 27.72, "Buy & Hold Return": -25.770000000000003, "Auto13($22000) Return": 7977.789967999994}, "Model Metrics": {"loss": 161.67623901367188, "mean_squared_error": 161.67623901367188, "mean_absolute_error": 11.921834945678711, "accuracy": 0.1146496832370758, "cosine_similarity": 0.945288896560669}, "Class Metrics": {"f1_monark": 0.6928104575163399, "accuracy": 0.7235294117647059, "precision": 0.6973684210526315, "recall": 0.6883116883116883, "roc auc": 0.7204999301773495}}