{"Strategy Metrics": {"Daily Swing Trade Return": 3761.150144000002, "Buy & Hold Return": 1312.1099860000002, "Auto13($22000) Return": 7600.560297999968}, "Model Metrics": {"loss": 4521035.0, "mean_squared_error": 4521035.0, "mean_absolute_error": 2064.750244140625, "accuracy": 0.27222222089767456, "cosine_proximity": 0.9997640252113342}, "Class Metrics": {"f1_monark": 0.6521739130434782, "accuracy": 0.6176470588235294, "precision": 0.6372549019607843, "recall": 0.6678082191780822, "roc auc": 0.6136660143509459}}