{
    "accuracy":[
        0.06938394159078598,
        0.06471686065196991,
        0.07871811091899872,
        0.06751710921525955,
        0.06004978343844414,
        0.06036091968417168,
        0.07062850147485733,
        0.07498444616794586,
        0.06907280534505844,
        0.07187305390834808,
        0.06751710921525955,
        0.07996266335248947,
        0.06658369302749634,
        0.06813938915729523,
        0.06782825291156769,
        0.07809583097696304,
        0.07249533385038376,
        0.07436216622591019,
        0.08369632810354233,
        0.08027379959821701
    ],
    "cosine_similarity":[
        0.9703537225723267,
        0.9664439558982849,
        0.9546571373939514,
        0.9592318534851074,
        0.952700674533844,
        0.9522333145141602,
        0.955296516418457,
        0.955495297908783,
        0.9551790952682495,
        0.9572592377662659,
        0.9593132138252258,
        0.9580631256103516,
        0.9530189037322998,
        0.9577133059501648,
        0.9628943204879761,
        0.9577107429504395,
        0.9588366150856018,
        0.9639026522636414,
        0.9624472260475159,
        0.9675099849700928
    ],
    "loss":[
        0.005144232418388128,
        0.0024870384950190783,
        0.002172044012695551,
        0.0018435182282701135,
        0.0016774428077042103,
        0.0016410538228228688,
        0.0015661970246583223,
        0.001602924196049571,
        0.0015293682226911187,
        0.0015173092251643538,
        0.001413564314134419,
        0.001437300001271069,
        0.0015198909677565098,
        0.0013369995867833495,
        0.001362042617984116,
        0.0015395611990243196,
        0.00133514404296875,
        0.001444346853531897,
        0.0013255865778774023,
        0.001373947481624782
    ],
    "mean_absolute_error":[
        0.043017469346523285,
        0.032295599579811096,
        0.03083491325378418,
        0.028411302715539932,
        0.0274694561958313,
        0.0275195874273777,
        0.02695314772427082,
        0.02755112014710903,
        0.02670532837510109,
        0.026510432362556458,
        0.025754272937774658,
        0.02601669542491436,
        0.026893366128206253,
        0.025128908455371857,
        0.025363586843013763,
        0.02639888785779476,
        0.024935077875852585,
        0.025865767151117325,
        0.02474847622215748,
        0.025396501645445824
    ],
    "mean_squared_error":[
        0.005144232418388128,
        0.0024870384950190783,
        0.002172044012695551,
        0.0018435182282701135,
        0.0016774428077042103,
        0.0016410538228228688,
        0.0015661970246583223,
        0.0016029239632189274,
        0.0015293682226911187,
        0.0015173092251643538,
        0.0014135644305497408,
        0.001437300001271069,
        0.0015198909677565098,
        0.0013369995867833495,
        0.001362042617984116,
        0.0015395611990243196,
        0.00133514404296875,
        0.001444346853531897,
        0.0013255865778774023,
        0.001373947481624782
    ],
    "val_accuracy":[
        0.05845770984888077,
        0.06094527244567871,
        0.0659203976392746,
        0.07960198819637299,
        0.05099502578377724,
        0.06094527244567871,
        0.09328357875347137,
        0.03731343150138855,
        0.07213930040597916,
        0.05099502578377724,
        0.03980099409818649,
        0.07711442559957504,
        0.11691541969776154,
        0.10696517676115036,
        0.09079602360725403,
        0.12313432991504669,
        0.04601990059018135,
        0.07835821062326431,
        0.05845770984888077,
        0.10696517676115036
    ],
    "val_cosine_similarity":[
        0.9954434037208557,
        0.9813032746315002,
        0.9952790141105652,
        0.995072603225708,
        0.9771536588668823,
        0.9944400787353516,
        0.9544869661331177,
        0.9958465099334717,
        0.9958608150482178,
        0.993334174156189,
        0.9960598945617676,
        0.9923858046531677,
        0.9928752779960632,
        0.9937747716903687,
        0.9957430958747864,
        0.9960154891014099,
        0.9771575331687927,
        0.9960320591926575,
        0.9958828091621399,
        0.9960751533508301
    ],
    "val_loss":[
        0.0018663537921383977,
        0.001291388412937522,
        0.0015406120801344514,
        0.001035561435855925,
        0.0010945125250145793,
        0.0022603613324463367,
        0.001157606253400445,
        0.000954591145273298,
        0.0012993307318538427,
        0.0009282738901674747,
        0.005459046922624111,
        0.0011004661209881306,
        0.0011166714830324054,
        0.0009379283874295652,
        0.000952917558606714,
        0.0017324918881058693,
        0.0010219780961051583,
        0.0012461597798392177,
        0.0014704217901453376,
        0.0022328237537294626
    ],
    "val_mean_absolute_error":[
        0.02836550958454609,
        0.024018216878175735,
        0.025309685617685318,
        0.021461816504597664,
        0.02153281308710575,
        0.02974068932235241,
        0.024619972333312035,
        0.01972506381571293,
        0.024594631046056747,
        0.018711388111114502,
        0.05183501914143562,
        0.021168550476431847,
        0.02013412117958069,
        0.019310016185045242,
        0.018577057868242264,
        0.027550699189305305,
        0.02146933227777481,
        0.027030885219573975,
        0.024182144552469254,
        0.03427279740571976
    ],
    "val_mean_squared_error":[
        0.0018663540249690413,
        0.001291388412937522,
        0.0015406120801344514,
        0.001035561435855925,
        0.0010945125250145793,
        0.0022603613324463367,
        0.001157606253400445,
        0.000954591145273298,
        0.0012993307318538427,
        0.0009282738901674747,
        0.005459046922624111,
        0.0011004661209881306,
        0.0011166714830324054,
        0.0009379283874295652,
        0.000952917558606714,
        0.0017324918881058693,
        0.0010219780961051583,
        0.0012461597798392177,
        0.0014704217901453376,
        0.0022328237537294626
    ]
}