{"Strategy Metrics": {"Daily Swing Trade Return": 1173.954043000001, "Buy & Hold Return": 361.7360029999999, "Auto13($22000) Return": 31131.89302600002}, "Model Metrics": {"loss": 28155.693359375, "mean_squared_error": 28155.693359375, "mean_absolute_error": 124.06272888183594, "accuracy": 0.3961164951324463, "cosine_similarity": 0.9995280504226685}, "Class Metrics": {"f1_monark": 0.809106830122592, "accuracy": 0.7887596899224806, "precision": 0.78839590443686, "recall": 0.8309352517985612, "roc auc": 0.7852155250589445}}