{"Strategy Metrics": {"Daily Swing Trade Return": 30.829997999999996, "Buy & Hold Return": -26.850001999999996, "Auto13($22000) Return": 11007.13930000001}, "Model Metrics": {"loss": 225.49932861328125, "mean_squared_error": 225.49932861328125, "mean_absolute_error": 13.284764289855957, "accuracy": 0.3352601230144501, "cosine_similarity": 0.9980577230453491}, "Class Metrics": {"f1_monark": 0.6918238993710691, "accuracy": 0.7183908045977011, "precision": 0.6875, "recall": 0.6962025316455697, "roc auc": 0.7165223184543639}}