{"Strategy Metrics": {"Daily Swing Trade Return": 1246.5360840000008, "Buy & Hold Return": 371.8280019999999, "Auto13($22000) Return": 33961.833586999994}, "Model Metrics": {"loss": 26703.8828125, "mean_squared_error": 26703.8828125, "mean_absolute_error": 121.7223129272461, "accuracy": 0.03807615116238594, "cosine_similarity": 0.9964967966079712}, "Class Metrics": {"f1_monark": 0.8278260869565217, "accuracy": 0.806640625, "precision": 0.8013468013468014, "recall": 0.8561151079136691, "roc auc": 0.8019891778884585}}