{"Strategy Metrics": {"Daily Swing Trade Return": 674.7760060000005, "Buy & Hold Return": 364.24000099999995, "Auto13($22000) Return": 11259.908057000008}, "Model Metrics": {"loss": 28677.990234375, "mean_squared_error": 28677.990234375, "mean_absolute_error": 125.80235290527344, "accuracy": 0.1750503033399582, "cosine_proximity": 0.9990782737731934}, "Class Metrics": {"f1_monark": 0.6758620689655173, "accuracy": 0.624, "precision": 0.6363636363636364, "recall": 0.7205882352941176, "roc auc": 0.6146800825593396}}