{"Strategy Metrics": {"Daily Swing Trade Return": 70.17999399999995, "Buy & Hold Return": -4.949999999999998, "Auto13($22000) Return": 17743.567987000002}, "Model Metrics": {"loss": 145.6644287109375, "mean_squared_error": 145.6644287109375, "mean_absolute_error": 11.68754768371582, "accuracy": 0.039393939077854156, "cosine_proximity": 0.9980600476264954}, "Class Metrics": {"f1_monark": 0.6878097125867195, "accuracy": 0.6859421734795613, "precision": 0.6830708661417323, "recall": 0.6926147704590818, "roc auc": 0.6859488194924891}}