{"Strategy Metrics": {"Daily Swing Trade Return": 37308.24609300001, "Buy & Hold Return": 1048.1904300000006, "Auto13($22000) Return": 74616.49218600002}, "Model Metrics": {"loss": 86224256.0, "mean_squared_error": 86224256.0, "mean_absolute_error": 9158.4091796875, "accuracy": 0.34467118978500366, "cosine_proximity": 0.9997043013572693}, "Class Metrics": {"f1_monark": 0.8397291196388261, "accuracy": 0.8393665158371041, "precision": 0.8454545454545455, "recall": 0.8340807174887892, "roc auc": 0.8394147879681388}}