{"Strategy Metrics": {"Daily Swing Trade Return": 94.909993, "Buy & Hold Return": -4.179999999999999, "Auto13($22000) Return": 32936.12706399996}, "Model Metrics": {"loss": 145.09556579589844, "mean_squared_error": 145.09556579589844, "mean_absolute_error": 11.665023803710938, "accuracy": 0.20477136969566345, "cosine_proximity": 0.9995132684707642}, "Class Metrics": {"f1_monark": 0.781925343811395, "accuracy": 0.77998017839445, "precision": 0.77734375, "recall": 0.7865612648221344, "roc auc": 0.7799605528882043}}