{"Strategy Metrics": {"Daily Swing Trade Return": 34.460002, "Buy & Hold Return": -26.240001, "Auto13($22000) Return": 11566.470247000005}, "Model Metrics": {"loss": 234.7530059814453, "mean_squared_error": 234.7530059814453, "mean_absolute_error": 13.513423919677734, "accuracy": 0.33908045291900635, "cosine_proximity": 0.9972155094146729}, "Class Metrics": {"f1_monark": 0.7133757961783439, "accuracy": 0.7428571428571429, "precision": 0.7272727272727273, "recall": 0.7, "roc auc": 0.7394736842105263}}