{"Strategy Metrics": {"Daily Swing Trade Return": 36493.86571500001, "Buy & Hold Return": 1330.2646480000003, "Auto13($22000) Return": 72987.73143000004}, "Model Metrics": {"loss": 84470744.0, "mean_squared_error": 84470744.0, "mean_absolute_error": 9068.484375, "accuracy": 0.06619385629892349, "cosine_proximity": 0.9981064200401306}, "Class Metrics": {"f1_monark": 0.8262910798122066, "accuracy": 0.8302752293577982, "precision": 0.8543689320388349, "recall": 0.8, "roc auc": 0.8305555555555556}}