{"Strategy Metrics": {"Daily Swing Trade Return": 16.02, "Buy & Hold Return": -6.3899999999999935, "Auto13($22000) Return": 8135.749999999989}, "Model Metrics": {"loss": 30.805212020874023, "mean_squared_error": 30.805212020874023, "mean_absolute_error": 5.322795867919922, "accuracy": 0.10925926268100739, "cosine_proximity": 0.9993045330047607}, "Class Metrics": {"f1_monark": 0.6731141199226306, "accuracy": 0.6893382352941176, "precision": 0.7044534412955465, "recall": 0.6444444444444445, "roc auc": 0.6890105433901054}}