{"Strategy Metrics": {"Daily Swing Trade Return": 0.25500000000000167, "Buy & Hold Return": -2.5149999999999997, "Auto13($22000) Return": 309.119999999999}, "Model Metrics": {"loss": 142.0282745361328, "mean_squared_error": 142.0282745361328, "mean_absolute_error": 11.549447059631348, "accuracy": 0.1875, "cosine_similarity": 0.9860941767692566}, "Class Metrics": {"f1_monark": 0.5161290322580645, "accuracy": 0.4230769230769231, "precision": 0.43243243243243246, "recall": 0.64, "roc auc": 0.4311111111111111}}