{"Strategy Metrics": {"Daily Swing Trade Return": -62.44994800000021, "Buy & Hold Return": 98.120716, "Auto13($22000) Return": 4738.71494800003}, "Model Metrics": {"loss": 1915.189697265625, "mean_squared_error": 1915.189697265625, "mean_absolute_error": 38.292938232421875, "accuracy": 0.09173387289047241, "cosine_proximity": 0.9994341731071472}, "Class Metrics": {"f1_monark": 0.5670955882352942, "accuracy": 0.528292438657987, "precision": 0.5484444444444444, "recall": 0.5870599429115129, "roc auc": 0.5250310285382089}}