{"Strategy Metrics": {"Daily Swing Trade Return": 90.45999999999997, "Buy & Hold Return": 1.4599999999999973, "Auto13($22000) Return": 35502.24999999999}, "Model Metrics": {"loss": 135.07669067382812, "mean_squared_error": 135.07669067382812, "mean_absolute_error": 11.46828556060791, "accuracy": 0.28202366828918457, "cosine_similarity": 0.9997150301933289}, "Class Metrics": {"f1_monark": 0.8243801652892562, "accuracy": 0.8175965665236051, "precision": 0.8243801652892562, "recall": 0.8243801652892562, "roc auc": 0.8173240112160567}}