{"Strategy Metrics": {"Daily Swing Trade Return": 94.19999299999999, "Buy & Hold Return": -4.539999999999998, "Auto13($22000) Return": 31678.13684700003}, "Model Metrics": {"loss": 145.07180786132812, "mean_squared_error": 145.07180786132812, "mean_absolute_error": 11.663819313049316, "accuracy": 0.2756218910217285, "cosine_proximity": 0.9995123147964478}, "Class Metrics": {"f1_monark": 0.7827788649706457, "accuracy": 0.7797619047619048, "precision": 0.7736943907156673, "recall": 0.7920792079207921, "roc auc": 0.7797374170816684}}