{"Strategy Metrics": {"Daily Swing Trade Return": 18.660000000000004, "Buy & Hold Return": -25.770000000000003, "Auto13($22000) Return": 5008.760016000004}, "Model Metrics": {"loss": 161.79672241210938, "mean_squared_error": 161.79672241210938, "mean_absolute_error": 11.926863670349121, "accuracy": 0.1656050980091095, "cosine_similarity": 0.9487119913101196}, "Class Metrics": {"f1_monark": 0.6124999999999999, "accuracy": 0.6352941176470588, "precision": 0.5903614457831325, "recall": 0.6363636363636364, "roc auc": 0.635386119257087}}