{
    "accuracy":[
        0.0667155459523201,
        0.07074780017137527,
        0.07404691725969315,
        0.07771261036396027,
        0.0840664729475975,
        0.07600195705890656,
        0.08516617864370346,
        0.08088953793048859,
        0.08614369481801987,
        0.08516617864370346,
        0.08846529573202133,
        0.08479961007833481,
        0.08418866246938705,
        0.08369990438222885,
        0.08541055768728256,
        0.08651026338338852,
        0.08272238820791245,
        0.08602150529623032,
        0.08064515888690948,
        0.08235581964254379,
        0.08724340051412582,
        0.08809872716665268,
        0.08638807386159897,
        0.07807917892932892,
        0.08394428342580795,
        0.08541055768728256,
        0.08895405381917953,
        0.08614369481801987,
        0.08553274720907211,
        0.0826001986861229,
        0.08956500142812729,
        0.08760996907949448,
        0.0843108519911766
    ],
    "cosine_similarity":[
        0.78375643491745,
        0.781900942325592,
        0.7980449795722961,
        0.7994782328605652,
        0.8010777235031128,
        0.8149435520172119,
        0.8230352401733398,
        0.8238738179206848,
        0.8249688148498535,
        0.8250980377197266,
        0.8223506808280945,
        0.8241100311279297,
        0.8199470043182373,
        0.8187509775161743,
        0.817202627658844,
        0.8269933462142944,
        0.823464572429657,
        0.8233965635299683,
        0.8296488523483276,
        0.8331420421600342,
        0.8290414214134216,
        0.8354986310005188,
        0.8264127373695374,
        0.8313109874725342,
        0.8333439230918884,
        0.820327877998352,
        0.8303371071815491,
        0.8294128775596619,
        0.8298988938331604,
        0.834842324256897,
        0.8286394476890564,
        0.8381736874580383,
        0.8313040733337402
    ],
    "loss":[
        0.0027185429353266954,
        0.0016350114019587636,
        0.0013558542123064399,
        0.0011860409285873175,
        0.0011425783159211278,
        0.0010889965342357755,
        0.000998598407022655,
        0.0009818185353651643,
        0.0009035069961100817,
        0.0008897243533283472,
        0.0009218592313118279,
        0.0008466104045510292,
        0.0008880507666617632,
        0.000832881371024996,
        0.0007958255591802299,
        0.0008114680531434715,
        0.0007851417758502066,
        0.0007840722100809216,
        0.0007722133887000382,
        0.0007806252688169479,
        0.0007363913464359939,
        0.0007502947701141238,
        0.0007344197947531939,
        0.0007603475823998451,
        0.0007536964258179069,
        0.0007284455350600183,
        0.0007202597334980965,
        0.0007219199324026704,
        0.0006980425678193569,
        0.0007342912722378969,
        0.0007105206605046988,
        0.0006967206718400121,
        0.0007238390389829874
    ],
    "mean_absolute_error":[
        0.03298741206526756,
        0.02819516509771347,
        0.025650354102253914,
        0.02423301711678505,
        0.023619012907147408,
        0.02308625914156437,
        0.022335443645715714,
        0.02197951078414917,
        0.021243257448077202,
        0.021086355671286583,
        0.021018799394369125,
        0.02024983987212181,
        0.02051650919020176,
        0.020154384896159172,
        0.019824812188744545,
        0.01969085820019245,
        0.019456790760159492,
        0.019405750557780266,
        0.0190358255058527,
        0.019138317555189133,
        0.01869293488562107,
        0.018661079928278923,
        0.018636351451277733,
        0.01853891648352146,
        0.018772121518850327,
        0.0186272244900465,
        0.018223382532596588,
        0.018308572471141815,
        0.01809709146618843,
        0.018198557198047638,
        0.018188754096627235,
        0.01799500733613968,
        0.018254278227686882
    ],
    "mean_squared_error":[
        0.0027185429353266954,
        0.0016350114019587636,
        0.0013558542123064399,
        0.0011860409285873175,
        0.0011425783159211278,
        0.0010889965342357755,
        0.000998598407022655,
        0.0009818185353651643,
        0.0009035069961100817,
        0.0008897243533283472,
        0.0009218592313118279,
        0.0008466104045510292,
        0.0008880507666617632,
        0.000832881371024996,
        0.0007958255591802299,
        0.0008114680531434715,
        0.0007851417758502066,
        0.0007840722100809216,
        0.0007722133887000382,
        0.0007806252688169479,
        0.0007363913464359939,
        0.0007502947701141238,
        0.0007344197947531939,
        0.0007603475823998451,
        0.0007536964258179069,
        0.0007284455350600183,
        0.0007202597334980965,
        0.0007219199324026704,
        0.0006980425678193569,
        0.0007342912722378969,
        0.0007105206605046988,
        0.0006967206718400121,
        0.0007238390389829874
    ],
    "val_accuracy":[
        0.04692082107067108,
        0.04789833724498749,
        0.09188660979270935,
        0.054252199828624725,
        0.0503421314060688,
        0.04203323647379875,
        0.13782991468906403,
        0.05376344174146652,
        0.05180840566754341,
        0.11241446435451508,
        0.07184750586748123,
        0.0845552310347557,
        0.11925708502531052,
        0.10948191583156586,
        0.13929618895053864,
        0.09677419066429138,
        0.09579667448997498,
        0.09139785170555115,
        0.09042033553123474,
        0.07722385227680206,
        0.1158357784152031,
        0.10263929516077042,
        0.09090909361839294,
        0.07526881992816925,
        0.1324535608291626,
        0.07966764271259308,
        0.05376344174146652,
        0.11339198797941208,
        0.0669599249958992,
        0.11827956885099411,
        0.09335288405418396,
        0.07478006184101105,
        0.11779081076383591
    ],
    "val_cosine_similarity":[
        0.3873926103115082,
        0.9982038140296936,
        0.8249859809875488,
        0.6303085684776306,
        0.9980193972587585,
        0.9980424046516418,
        0.3525027632713318,
        0.9972149729728699,
        0.9858251810073853,
        0.9980036020278931,
        0.5074922442436218,
        0.9590922594070435,
        0.943629264831543,
        0.9980676770210266,
        0.9945032596588135,
        0.9982151389122009,
        0.998176097869873,
        0.9970747828483582,
        0.9842403531074524,
        0.9086260199546814,
        0.9983777403831482,
        0.344745397567749,
        0.9981258511543274,
        0.9935227632522583,
        0.9977425932884216,
        0.9949166178703308,
        0.3845677673816681,
        0.998213529586792,
        0.9947012662887573,
        0.9983670115470886,
        0.9983146786689758,
        0.9970188736915588,
        0.9960063695907593
    ],