{
    "accuracy":[
        0.08644067496061325,
        0.08559322357177734,
        0.08644067496061325,
        0.09237287938594818,
        0.10000000149011612,
        0.10423728823661804,
        0.09915254265069962,
        0.10084746032953262,
        0.10000000149011612,
        0.10847457498311996,
        0.09152542054653168,
        0.09237287938594818,
        0.11016949266195297,
        0.10084746032953262,
        0.11016949266195297,
        0.09237287938594818,
        0.1161016970872879,
        0.0957627147436142,
        0.09406779706478119,
        0.10677965730428696,
        0.10338982939720154,
        0.10338982939720154,
        0.11271186172962189,
        0.10762711614370346,
        0.11949152499437332,
        0.11016949266195297,
        0.10593220591545105,
        0.11355932056903839,
        0.10169491171836853
    ],
    "cosine_similarity":[
        0.9812761545181274,
        0.986706554889679,
        0.9888170957565308,
        0.9857872724533081,
        0.9909623265266418,
        0.9897683262825012,
        0.990508496761322,
        0.9918717741966248,
        0.9924294948577881,
        0.9928017854690552,
        0.9952309727668762,
        0.9946011900901794,
        0.9898090958595276,
        0.9924047589302063,
        0.9919873476028442,
        0.995541512966156,
        0.9900417327880859,
        0.9886241555213928,
        0.9930051565170288,
        0.9949120283126831,
        0.9950774908065796,
        0.9953161478042603,
        0.9937189817428589,
        0.9940459728240967,
        0.9926978945732117,
        0.9925436973571777,
        0.9928919076919556,
        0.9954637289047241,
        0.9956710338592529
    ],
    "loss":[
        0.0009487698553130031,
        0.0005120221758261323,
        0.00047006167005747557,
        0.00042053163633681834,
        0.00037185483961366117,
        0.00036431074840947986,
        0.0003519293968565762,
        0.00032726474455557764,
        0.000343464023899287,
        0.00028704226133413613,
        0.00027927261544391513,
        0.0002823576214723289,
        0.00027902511646971107,
        0.00027957287966273725,
        0.00026392852305434644,
        0.0002665973443072289,
        0.00027992940158583224,
        0.0003149050462525338,
        0.0002525431918911636,
        0.00026787156821228564,
        0.0002599594590719789,
        0.00026103915297426283,
        0.0002551076759118587,
        0.00026433097082190216,
        0.0002579166030045599,
        0.000248707045102492,
        0.0002836266066879034,
        0.0002494431973900646,
        0.00024739332729950547
    ],
    "mean_absolute_error":[
        0.020258549600839615,
        0.01572464406490326,
        0.014711388386785984,
        0.014177128672599792,
        0.01307170744985342,
        0.013032219372689724,
        0.012898504734039307,
        0.01236966997385025,
        0.012573166750371456,
        0.011347218416631222,
        0.011457241140305996,
        0.011486575938761234,
        0.011379850097000599,
        0.011330708861351013,
        0.010840232484042645,
        0.01104035321623087,
        0.011429551057517529,
        0.011439433321356773,
        0.01069515012204647,
        0.011021343059837818,
        0.010879668407142162,
        0.010929960757493973,
        0.010763483121991158,
        0.01092328131198883,
        0.010736998170614243,
        0.010596775449812412,
        0.011484852060675621,
        0.010675455443561077,
        0.010357567109167576
    ],
    "mean_squared_error":[
        0.0009487698553130031,
        0.0005120221758261323,
        0.00047006167005747557,
        0.00042053163633681834,
        0.00037185483961366117,
        0.00036431074840947986,
        0.0003519293968565762,
        0.00032726474455557764,
        0.000343464023899287,
        0.00028704226133413613,
        0.00027927261544391513,
        0.0002823576214723289,
        0.00027902511646971107,
        0.00027957287966273725,
        0.00026392852305434644,
        0.0002665973443072289,
        0.00027992940158583224,
        0.0003149050462525338,
        0.0002525431918911636,
        0.00026787156821228564,
        0.0002599594590719789,
        0.00026103915297426283,
        0.0002551076759118587,
        0.00026433097082190216,
        0.0002579166030045599,
        0.000248707045102492,
        0.0002836266066879034,
        0.0002494431973900646,
        0.00024739332729950547
    ],
    "val_accuracy":[
        0.030405405908823013,
        0.13851352035999298,
        0.07094594836235046,
        0.05743243172764778,
        0.0439189188182354,
        0.1317567527294159,
        0.04729729890823364,
        0.09459459781646729,
        0.08445946127176285,
        0.09121621400117874,
        0.16554054617881775,
        0.12837837636470795,
        0.11824323982000351,
        0.07432432472705841,
        0.0810810774564743,
        0.05743243172764778,
        0.08445946127176285,
        0.0878378376364708,
        0.15878377854824066,
        0.20945945382118225,
        0.16554054617881775,
        0.030405405908823013,
        0.13513512909412384,
        0.07770270109176636,
        0.14864864945411682,
        0.12837837636470795,
        0.14864864945411682,
        0.13851352035999298,
        0.09459459781646729
    ],
    "val_cosine_similarity":[
        0.9958953857421875,
        0.9953309297561646,
        0.9920152425765991,
        0.8563969135284424,
        0.9930705428123474,
        0.993261992931366,
        0.9947433471679688,
        0.9970818758010864,
        0.9947649240493774,
        0.996521532535553,
        0.9950423240661621,
        0.9970980286598206,
        0.9954147338867188,
        0.9970582723617554,
        0.9945756793022156,
        0.9967737793922424,
        0.9968447089195251,
        0.9970006942749023,
        0.9970232248306274,
        0.9972655773162842,
        0.9335573315620422,
        0.9971943497657776,
        0.9973294138908386,
        0.9970895648002625,
        0.9964568614959717,
        0.9945979714393616,
        0.9970556497573853,
        0.996614396572113,
        0.9972119927406311
    ],
    "val_loss":[
        0.000349329668097198,
        0.00035585174919106066,
        0.0003701644891407341,
        0.0004893543082289398,
        0.0004971451126039028,
        0.0002993414527736604,
        0.0002653527772054076,
        0.0003115992003586143,
        0.00028336659306660295,
        0.00021854856458958238,
        0.00027283281087875366,
        0.0004733627138193697,
        0.0004207826277706772,
        0.00020796155149582773,
        0.0002885499270632863,
        0.0005206434871070087,
        0.00022255495423451066,
        0.00021606535301543772,
        0.00020297117589507252,
        0.0003266349376644939,
        0.0003694648330565542,
        0.000257831095950678,
        0.0002033268683589995,
        0.00027568385121412575,
        0.00030633556889370084,
        0.0002748590486589819,
        0.00020854143076576293,
        0.0003675368498079479,
        0.000257050123764202
    ],