{"Strategy Metrics": {"Daily Swing Trade Return": 38067.170895999996, "Buy & Hold Return": 1048.1904300000006, "Auto13($22000) Return": 76134.34179200005}, "Model Metrics": {"loss": 86223760.0, "mean_squared_error": 86223760.0, "mean_absolute_error": 9158.3818359375, "accuracy": 0.3786848187446594, "cosine_similarity": 0.9996986389160156}, "Class Metrics": {"f1_monark": 0.8565022421524664, "accuracy": 0.8552036199095022, "precision": 0.8565022421524664, "recall": 0.8565022421524664, "roc auc": 0.8551917603456396}}