{"Strategy Metrics": {"Daily Swing Trade Return": 49.37999899999999, "Buy & Hold Return": -25.770000000000003, "Auto13($22000) Return": 19614.859582000012}, "Model Metrics": {"loss": 188.6414031982422, "mean_squared_error": 188.6414031982422, "mean_absolute_error": 12.59024715423584, "accuracy": 0.15568862855434418, "cosine_similarity": 0.9960887432098389}, "Class Metrics": {"f1_monark": 0.8961038961038962, "accuracy": 0.9058823529411765, "precision": 0.8961038961038961, "recall": 0.8961038961038961, "roc auc": 0.905041195363776}}