{"Strategy Metrics": {"Daily Swing Trade Return": -418.0040000000263, "Buy & Hold Return": 662.5809999999983, "Auto13($22000) Return": -836.0080000000889}, "Model Metrics": {"loss": 137941792.0, "mean_squared_error": 137941792.0, "mean_absolute_error": 11736.681640625, "accuracy": 0.328840970993042, "cosine_proximity": 0.9857231378555298}, "Class Metrics": {"f1_monark": 0.6755218216318786, "accuracy": 0.544, "precision": 0.5705128205128205, "recall": 0.827906976744186, "roc auc": 0.49520348837209294}}