{"Strategy Metrics": {"Daily Swing Trade Return": 270.5025039999999, "Buy & Hold Return": 63.747501000000014, "Auto13($22000) Return": 10679.40079399998}, "Model Metrics": {"loss": 4710.92431640625, "mean_squared_error": 4710.92431640625, "mean_absolute_error": 64.96240234375, "accuracy": 0.16296295821666718, "cosine_proximity": 0.9997693300247192}, "Class Metrics": {"f1_monark": 0.8118195956454121, "accuracy": 0.7775735294117647, "precision": 0.7653958944281525, "recall": 0.8642384105960265, "roc auc": 0.7668299490996661}}