{"Strategy Metrics": {"Daily Swing Trade Return": 5152.750000000002, "Buy & Hold Return": 4442.947, "Auto13($22000) Return": 10305.500000000004}, "Model Metrics": {"loss": 88910928.0, "mean_squared_error": 88910928.0, "mean_absolute_error": 9294.859375, "accuracy": 0.2535211145877838, "cosine_proximity": 0.9942983984947205}, "Class Metrics": {"f1_monark": 0.4307692307692308, "accuracy": 0.5066666666666667, "precision": 0.5185185185185185, "recall": 0.3684210526315789, "roc auc": 0.5085348506401138}}