{
    "accuracy":[
        0.06946312636137009,
        0.0794912576675415,
        0.08352696895599365,
        0.08328237384557724,
        0.08291549235582352,
        0.08242631703615189,
        0.08792956173419952,
        0.08572826534509659,
        0.0842607319355011,
        0.08939708769321442,
        0.09490033239126205,
        0.09453345090150833,
        0.08927479386329651,
        0.08854103088378906,
        0.08511678874492645,
        0.08792956173419952,
        0.08976396918296814,
        0.09220985323190689,
        0.0939219743013382,
        0.09110920876264572,
        0.08719579130411148,
        0.08976396918296814,
        0.08731808513402939,
        0.09123150259256363,
        0.09000856429338455,
        0.09379968047142029,
        0.08633973449468613
    ],
    "cosine_similarity":[
        0.987260103225708,
        0.9922821521759033,
        0.9923690557479858,
        0.9934402704238892,
        0.9925302863121033,
        0.9924092292785645,
        0.9918196797370911,
        0.9950698018074036,
        0.9928982257843018,
        0.9927251935005188,
        0.9945511817932129,
        0.991969108581543,
        0.9918526411056519,
        0.9942357540130615,
        0.9948142170906067,
        0.9942107796669006,
        0.992948591709137,
        0.9950819611549377,
        0.9943597912788391,
        0.9934678673744202,
        0.9942153096199036,
        0.9939841628074646,
        0.9927282929420471,
        0.9937818646430969,
        0.9948509931564331,
        0.9945189952850342,
        0.9936790466308594
    ],
    "loss":[
        0.0007096893968991935,
        0.00033379747765138745,
        0.00028975680470466614,
        0.0002829885925166309,
        0.00026815550518222153,
        0.0002611307427287102,
        0.00025770391221158206,
        0.000257060892181471,
        0.0002516061649657786,
        0.0002522443828638643,
        0.00024755479535087943,
        0.0002474137581884861,
        0.00024355998903047293,
        0.0002392032474745065,
        0.0002456889778841287,
        0.0002417030045762658,
        0.00024175240832846612,
        0.0002409979933872819,
        0.0002398295619059354,
        0.00023565415176562965,
        0.00023672198585700244,
        0.00023848698765505105,
        0.00023656482517253608,
        0.00023433324531652033,
        0.00023574940860271454,
        0.00023450129083357751,
        0.00023376315948553383
    ],
    "mean_absolute_error":[
        0.015077712945640087,
        0.010967015288770199,
        0.010270650498569012,
        0.009910877794027328,
        0.009855813346803188,
        0.00966142863035202,
        0.009535245597362518,
        0.009575492702424526,
        0.009435782209038734,
        0.009371845982968807,
        0.009302332997322083,
        0.009432331658899784,
        0.009247384034097195,
        0.009183027781546116,
        0.009211725555360317,
        0.009241876192390919,
        0.009267827495932579,
        0.00916697271168232,
        0.009121587499976158,
        0.009079675190150738,
        0.009064328856766224,
        0.009052159264683723,
        0.009078281000256538,
        0.009024735540151596,
        0.008969496004283428,
        0.008967257104814053,
        0.008985665626823902
    ],
    "mean_squared_error":[
        0.0007096893968991935,
        0.00033379747765138745,
        0.00028975680470466614,
        0.0002829885925166309,
        0.00026815550518222153,
        0.0002611307427287102,
        0.00025770391221158206,
        0.000257060892181471,
        0.0002516061649657786,
        0.0002522443828638643,
        0.00024755479535087943,
        0.0002474137581884861,
        0.00024355998903047293,
        0.0002392032474745065,
        0.0002456889778841287,
        0.0002417030045762658,
        0.00024175240832846612,
        0.0002409979933872819,
        0.0002398295619059354,
        0.00023565415176562965,
        0.00023672198585700244,
        0.00023848698765505105,
        0.00023656482517253608,
        0.00023433324531652033,
        0.00023574940860271454,
        0.00023450129083357751,
        0.00023376315948553383
    ],
    "val_accuracy":[
        0.07139364629983902,
        0.11638142168521881,
        0.05427872762084007,
        0.06405867636203766,
        0.07432762533426285,
        0.07775060832500458,
        0.08997555077075958,
        0.12224938720464706,
        0.06161369010806084,
        0.07481662929058075,
        0.05623471736907959,
        0.11002445220947266,
        0.12958435714244843,
        0.13496331870555878,
        0.15354523062705994,
        0.10806845873594284,
        0.12469437718391418,
        0.07090464234352112,
        0.10171148926019669,
        0.05867970734834671,
        0.11980440467596054,
        0.04449877887964249,
        0.07921760529279709,
        0.06454768031835556,
        0.11002445220947266,
        0.08948655426502228,
        0.07090464234352112
    ],
    "val_cosine_similarity":[
        0.9915968775749207,
        0.9698448181152344,
        0.9982451796531677,
        0.9982563257217407,
        0.9820898771286011,
        0.9982302188873291,
        0.9981412291526794,
        0.998166561126709,
        0.9975199699401855,
        0.995622456073761,
        0.9961986541748047,
        0.9960097074508667,
        0.9952508211135864,
        0.9979232549667358,
        0.9979645609855652,
        0.9970159530639648,
        0.9981112480163574,
        0.9979050755500793,
        0.9971429109573364,
        0.9983078241348267,
        0.9978688359260559,
        0.9906573295593262,
        0.9979303479194641,
        0.9949913620948792,
        0.9976229667663574,
        0.9945836067199707,
        0.996350884437561
    ],
    "val_loss":[
        0.0003524201747495681,
        0.00030854594660922885,
        0.0004015674057882279,
        0.00025187162100337446,
        0.00022965922835282981,
        0.00023880145454313606,
        0.00030216097366064787,
        0.00021799506794195622,
        0.00024358903465326875,
        0.00027196540031582117,
        0.00020913354819640517,
        0.00020010056323371828,
        0.000219679917790927,
        0.0002132805238943547,
        0.0002479354152455926,
        0.00019895695731975138,
        0.00019766519835684448,
        0.00020062796829733998,
        0.00019921547209378332,
        0.00021276900952216238,
        0.0002810784208122641,
        0.00029545053257606924,
        0.0003012991219293326,
        0.0002498665126040578,
        0.0002476489753462374,
        0.00021608665701933205,
        0.0002017017686739564
    ],
    "val_mean_absolute_error":[
        0.010801239870488644,
        0.012906893156468868,
        0.012132010422647,
        0.00971309281885624,
        0.010315611027181149,
        0.008759258314967155,
        0.010491167195141315,
        0.008239342831075191,
        0.009170610457658768,
        0.009732126258313656,
        0.008216758258640766,
        0.008342370390892029,
        0.008332026191055775,
        0.00878122914582491,
        0.00903074536472559,
        0.007860762998461723,
        0.007882887497544289,
        0.008030940778553486,
        0.0077550336718559265,
        0.009056460112333298,
        0.012439113110303879,
        0.011425758711993694,
        0.01188770029693842,
        0.009299850091338158,
        0.009785833768546581,
        0.008998825214803219,
        0.008548930287361145
    ],