{"Strategy Metrics": {"Daily Swing Trade Return": 28.97, "Buy & Hold Return": -25.770000000000003, "Auto13($22000) Return": 10944.56999399999}, "Model Metrics": {"loss": 160.02774047851562, "mean_squared_error": 160.02774047851562, "mean_absolute_error": 11.843899726867676, "accuracy": 0.04458598792552948, "cosine_similarity": 0.9858470559120178}, "Class Metrics": {"f1_monark": 0.6797385620915033, "accuracy": 0.711764705882353, "precision": 0.6842105263157895, "recall": 0.6753246753246753, "roc auc": 0.7086300795978215}}