{"Strategy Metrics": {"Daily Swing Trade Return": 34558.26903499999, "Buy & Hold Return": 1330.2646480000003, "Auto13($22000) Return": 69116.53807000002}, "Model Metrics": {"loss": 84471200.0, "mean_squared_error": 84471200.0, "mean_absolute_error": 9068.5087890625, "accuracy": 0.13238771259784698, "cosine_similarity": 0.9976425170898438}, "Class Metrics": {"f1_monark": 0.7857142857142856, "accuracy": 0.7935779816513762, "precision": 0.825, "recall": 0.75, "roc auc": 0.7939814814814815}}