{"Strategy Metrics": {"Daily Swing Trade Return": 180.04769499999986, "Buy & Hold Return": -7.756154000000005, "Auto13($22000) Return": 39553.09538699992}, "Model Metrics": {"loss": 419.07391357421875, "mean_squared_error": 419.07391357421875, "mean_absolute_error": 19.254831314086914, "accuracy": 0.2535156309604645, "cosine_proximity": 0.9999136924743652}, "Class Metrics": {"f1_monark": 0.7372580007902014, "accuracy": 0.740335806325654, "precision": 0.7221362229102167, "recall": 0.7530266343825666, "roc auc": 0.7407341946496797}}