{"Strategy Metrics": {"Daily Swing Trade Return": 412.18001700000025, "Buy & Hold Return": 22.17, "Auto13($22000) Return": 80659.19884900005}, "Model Metrics": {"loss": 1743.8280029296875, "mean_squared_error": 1743.8280029296875, "mean_absolute_error": 41.36719512939453, "accuracy": 0.09641873091459274, "cosine_similarity": 0.99985271692276}, "Class Metrics": {"f1_monark": 0.9886706948640483, "accuracy": 0.9882537196554424, "precision": 0.9812593703148426, "recall": 0.9961948249619482, "roc auc": 0.9880167673196838}}