{"Strategy Metrics": {"Daily Swing Trade Return": 281.87928099999976, "Buy & Hold Return": 98.304645, "Auto13($22000) Return": 15713.814794000005}, "Model Metrics": {"loss": 1906.87353515625, "mean_squared_error": 1906.87353515625, "mean_absolute_error": 38.22364044189453, "accuracy": 0.04026170074939728, "cosine_proximity": 0.998102068901062}, "Class Metrics": {"f1_monark": 0.6654528903049614, "accuracy": 0.6325, "precision": 0.638986013986014, "recall": 0.6942070275403609, "roc auc": 0.6290464915948901}}