{"Strategy Metrics": {"Daily Swing Trade Return": 410.65002000000027, "Buy & Hold Return": 22.17, "Auto13($22000) Return": 74482.46759800009}, "Model Metrics": {"loss": 1743.1627197265625, "mean_squared_error": 1743.1627197265625, "mean_absolute_error": 41.35930252075195, "accuracy": 0.10861865431070328, "cosine_similarity": 0.9998343586921692}, "Class Metrics": {"f1_monark": 0.971342383107089, "accuracy": 0.9702427564604542, "precision": 0.9626307922272048, "recall": 0.9802130898021308, "roc auc": 0.9699452545784849}}