{"Strategy Metrics": {"Daily Swing Trade Return": 71.61999499999995, "Buy & Hold Return": -4.179999999999999, "Auto13($22000) Return": 17225.81812100001}, "Model Metrics": {"loss": 145.64706420898438, "mean_squared_error": 145.64706420898438, "mean_absolute_error": 11.688979148864746, "accuracy": 0.05923694744706154, "cosine_similarity": 0.9982393383979797}, "Class Metrics": {"f1_monark": 0.6932038834951456, "accuracy": 0.686818632309217, "precision": 0.6812977099236641, "recall": 0.7055335968379447, "roc auc": 0.6867628222758313}}