{
    "accuracy":[
        0.07542373239994049,
        0.08559322357177734,
        0.07033897936344147,
        0.07118643820285797,
        0.07288135588169098,
        0.0779661014676094,
        0.08728813380002975,
        0.08898305147886276,
        0.08559322357177734,
        0.08813559263944626,
        0.09915254265069962,
        0.08559322357177734,
        0.09406779706478119,
        0.09915254265069962,
        0.10593220591545105,
        0.08813559263944626,
        0.10000000149011612,
        0.08898305147886276,
        0.10000000149011612,
        0.08728813380002975,
        0.11016949266195297,
        0.10677965730428696,
        0.0966101661324501,
        0.11101695150136948,
        0.09406779706478119
    ],
    "cosine_similarity":[
        0.9838536977767944,
        0.9877837896347046,
        0.9912545680999756,
        0.9893708825111389,
        0.9888514876365662,
        0.9908347725868225,
        0.9899855852127075,
        0.9919902086257935,
        0.9922780394554138,
        0.9923670887947083,
        0.9913539290428162,
        0.992347002029419,
        0.992412805557251,
        0.9928621053695679,
        0.9920167326927185,
        0.9926853775978088,
        0.9923852682113647,
        0.9924750924110413,
        0.992128312587738,
        0.9925258755683899,
        0.9926193952560425,
        0.9925194978713989,
        0.9928881525993347,
        0.9933122992515564,
        0.9933120012283325
    ],
    "loss":[
        0.004704774357378483,
        0.002457119058817625,
        0.0023844274692237377,
        0.0021527251228690147,
        0.002076707547530532,
        0.0019672904163599014,
        0.0019425590289756656,
        0.0018553744303062558,
        0.0018394114449620247,
        0.0018513323739171028,
        0.001840580371208489,
        0.0018099999288097024,
        0.001803453080356121,
        0.0017840815708041191,
        0.0017846713308244944,
        0.0017474978230893612,
        0.0017522195121273398,
        0.0017646158812567592,
        0.0017326991073787212,
        0.0017297295853495598,
        0.0017407453851774335,
        0.0017244650516659021,
        0.0017231993842869997,
        0.0017030115704983473,
        0.0017042217077687383
    ],
    "mean_absolute_error":[
        0.0492105595767498,
        0.03848836570978165,
        0.03759476915001869,
        0.03529701381921768,
        0.03472566604614258,
        0.03346196934580803,
        0.033396292477846146,
        0.032233644276857376,
        0.032145075500011444,
        0.03220563381910324,
        0.032295987010002136,
        0.03185645118355751,
        0.03184781223535538,
        0.03161637485027313,
        0.031620219349861145,
        0.031239686533808708,
        0.03138994425535202,
        0.03151347115635872,
        0.03096732124686241,
        0.030950792133808136,
        0.03108998015522957,
        0.03116893209517002,
        0.03092551790177822,
        0.03077560104429722,
        0.030994903296232224
    ],
    "mean_squared_error":[
        0.004704774357378483,
        0.002457119058817625,
        0.0023844274692237377,
        0.0021527251228690147,
        0.002076707547530532,
        0.0019672904163599014,
        0.0019425590289756656,
        0.0018553744303062558,
        0.0018394114449620247,
        0.0018513323739171028,
        0.001840580371208489,
        0.0018099999288097024,
        0.001803453080356121,
        0.0017840815708041191,
        0.0017846713308244944,
        0.0017474978230893612,
        0.0017522195121273398,
        0.0017646158812567592,
        0.0017326991073787212,
        0.0017297295853495598,
        0.0017407453851774335,
        0.0017244650516659021,
        0.0017231993842869997,
        0.0017030115704983473,
        0.0017042217077687383
    ],
    "val_accuracy":[
        0.09459459781646729,
        0.07094594836235046,
        0.13851352035999298,
        0.04054053872823715,
        0.06756756454706192,
        0.05743243172764778,
        0.05743243172764778,
        0.06756756454706192,
        0.14864864945411682,
        0.07432432472705841,
        0.07770270109176636,
        0.09797297418117523,
        0.054054055362939835,
        0.05067567527294159,
        0.10472972691059113,
        0.09459459781646729,
        0.08445946127176285,
        0.10810811072587967,
        0.07432432472705841,
        0.10135135054588318,
        0.19594594836235046,
        0.09459459781646729,
        0.0878378376364708,
        0.15878377854824066,
        0.05743243172764778
    ],
    "val_cosine_similarity":[
        0.9756771922111511,
        0.9933838844299316,
        0.9931789040565491,
        0.9933538436889648,
        0.9930652976036072,
        0.9929382801055908,
        0.9907927513122559,
        0.9927759170532227,
        0.993574321269989,
        0.9932786822319031,
        0.9936673045158386,
        0.9936910271644592,
        0.9930558204650879,
        0.9928018450737,
        0.993628203868866,
        0.9935431480407715,
        0.9935503005981445,
        0.993316650390625,
        0.9932429194450378,
        0.9902657270431519,
        0.9938474297523499,
        0.993264377117157,
        0.9933143854141235,
        0.9936268925666809,
        0.992858350276947
    ],
    "val_loss":[
        0.002855126978829503,
        0.0028466733638197184,
        0.0020310035906732082,
        0.0032844096422195435,
        0.0017094388604164124,
        0.0017212543170899153,
        0.0016397833824157715,
        0.001715999562293291,
        0.0017953967908397317,
        0.0016164425760507584,
        0.0016135507030412555,
        0.00211823801510036,
        0.0016290043713524938,
        0.0018899758579209447,
        0.0015754203777760267,
        0.0017374459421262145,
        0.0016167383873835206,
        0.0016515754396095872,
        0.0024342138785868883,
        0.0015959234442561865,
        0.0017491424223408103,
        0.0016449947142973542,
        0.0016482521314173937,
        0.0018224978120997548,
        0.0016839975723996758
    ],
    "val_mean_absolute_error":[
        0.04124213755130768,
        0.04336751624941826,
        0.03397272899746895,
        0.045359693467617035,
        0.030892442911863327,
        0.03140361234545708,
        0.030287813395261765,
        0.030498575419187546,
        0.03299044445157051,
        0.029833439737558365,
        0.029593199491500854,
        0.03462906554341316,
        0.030253957957029343,
        0.03340083360671997,
        0.029347803443670273,
        0.03164100646972656,
        0.02996496856212616,
        0.030665136873722076,
        0.039352744817733765,
        0.02955310419201851,
        0.03130921721458435,
        0.030481602996587753,
        0.03107639029622078,
        0.031558454036712646,
        0.03081967681646347
    ],
    "val_mean_squared_error":[
        0.002855126978829503,
        0.0028466733638197184,
        0.0020310035906732082,
        0.0032844096422195435,
        0.0017094388604164124,
        0.0017212543170899153,
        0.0016397833824157715,
        0.001715999562293291,
        0.0017953967908397317,
        0.0016164425760507584,
        0.0016135507030412555,
        0.00211823801510036,
        0.0016290043713524938,
        0.0018899758579209447,
        0.0015754203777760267,
        0.0017374459421262145,
        0.0016167383873835206,
        0.0016515754396095872,
        0.0024342138785868883,
        0.0015959234442561865,
        0.0017491424223408103,
        0.0016449947142973542,
        0.0016482521314173937,
        0.0018224978120997548,
        0.0016839975723996758
    ]
}