{"Strategy Metrics": {"Daily Swing Trade Return": 1846.9801940000007, "Buy & Hold Return": -7.360000000000014, "Auto13($22000) Return": 105100.69329599995}, "Model Metrics": {"loss": 26468.296875, "mean_squared_error": 26468.296875, "mean_absolute_error": 160.80027770996094, "accuracy": 0.12475403398275375, "cosine_similarity": 0.9995806217193604}, "Class Metrics": {"f1_monark": 0.9549961861174675, "accuracy": 0.9537979639780736, "precision": 0.9557251908396946, "recall": 0.9542682926829268, "roc auc": 0.9537847099485487}}