{
    "accuracy":[
        0.06784841418266296,
        0.07396087795495987,
        0.07090464234352112,
        0.07273838669061661,
        0.08496332168579102,
        0.07396087795495987,
        0.08435207605361938,
        0.07946210354566574,
        0.07701711356639862,
        0.0684596598148346,
        0.08374083042144775,
        0.08251833915710449,
        0.07518337666988373,
        0.088630810379982,
        0.08435207605361938,
        0.07640586793422699,
        0.08435207605361938,
        0.08251833915710449,
        0.08190709352493286,
        0.09046454727649689,
        0.09352078288793564,
        0.07885085791349411,
        0.08496332168579102,
        0.08924205601215363,
        0.08374083042144775,
        0.09535451978445053,
        0.08435207605361938,
        0.07762835919857025,
        0.08740831166505814
    ],
    "cosine_similarity":[
        0.9557332396507263,
        0.959872305393219,
        0.9665917754173279,
        0.9547946453094482,
        0.9374579787254333,
        0.9531717300415039,
        0.9581636786460876,
        0.9719929099082947,
        0.9447213411331177,
        0.9656767249107361,
        0.9774487614631653,
        0.9581050276756287,
        0.9557012915611267,
        0.963962972164154,
        0.9738552570343018,
        0.9654240608215332,
        0.9534295797348022,
        0.965316116809845,
        0.9744623303413391,
        0.9693253636360168,
        0.9582124352455139,
        0.9632474184036255,
        0.9738159775733948,
        0.970298171043396,
        0.9611656069755554,
        0.958943784236908,
        0.9675706624984741,
        0.9598397016525269,
        0.9613707661628723
    ],
    "loss":[
        0.0002816212654579431,
        7.530210132244974e-05,
        6.806517922086641e-05,
        6.895691331010312e-05,
        6.726214633090422e-05,
        5.954912194283679e-05,
        5.909972605877556e-05,
        5.684425923391245e-05,
        5.6654571380931884e-05,
        5.390153455664404e-05,
        5.160780347068794e-05,
        5.226467692409642e-05,
        5.150504512130283e-05,
        4.783667463925667e-05,
        4.9876463890541345e-05,
        5.085353768663481e-05,
        5.042807606514543e-05,
        4.7582787374267355e-05,
        4.757020724355243e-05,
        4.749246363644488e-05,
        4.865169103140943e-05,
        4.675154195865616e-05,
        4.63857468275819e-05,
        4.566980351228267e-05,
        4.6706492867087945e-05,
        4.725181861431338e-05,
        4.505229298956692e-05,
        4.660769263864495e-05,
        4.3246312998235226e-05
    ],
    "mean_absolute_error":[
        0.009866626933217049,
        0.006363722495734692,
        0.006102631334215403,
        0.006136003881692886,
        0.006131789647042751,
        0.005602576769888401,
        0.005586852785199881,
        0.005369886290282011,
        0.005535992328077555,
        0.0053701200522482395,
        0.005180152133107185,
        0.005200689192861319,
        0.005151012446731329,
        0.0050164177082479,
        0.005043274722993374,
        0.005128602962940931,
        0.005171419586986303,
        0.004929785151034594,
        0.004923572298139334,
        0.004973146133124828,
        0.005012606270611286,
        0.004890543408691883,
        0.004895062651485205,
        0.004818637389689684,
        0.0049088578671216965,
        0.0049682119861245155,
        0.004789792932569981,
        0.004931190516799688,
        0.004662603139877319
    ],
    "mean_squared_error":[
        0.0002816212654579431,
        7.530210132244974e-05,
        6.806517922086641e-05,
        6.895691331010312e-05,
        6.726214633090422e-05,
        5.95491255808156e-05,
        5.909972605877556e-05,
        5.684425923391245e-05,
        5.6654571380931884e-05,
        5.390153455664404e-05,
        5.160780347068794e-05,
        5.226467692409642e-05,
        5.150504512130283e-05,
        4.783667463925667e-05,
        4.987646025256254e-05,
        5.0853534048656e-05,
        5.042807606514543e-05,
        4.7582787374267355e-05,
        4.757020724355243e-05,
        4.749246363644488e-05,
        4.865169103140943e-05,
        4.6751538320677355e-05,
        4.63857468275819e-05,
        4.566980351228267e-05,
        4.6706492867087945e-05,
        4.725181861431338e-05,
        4.505229298956692e-05,
        4.660769263864495e-05,
        4.3246312998235226e-05
    ],
    "val_accuracy":[
        0.06829268485307693,
        0.10731707513332367,
        0.043902438133955,
        0.053658537566661835,
        0.07073170691728592,
        0.07804878056049347,
        0.04146341606974602,
        0.03658536449074745,
        0.05609755963087082,
        0.05609755963087082,
        0.1317073106765747,
        0.08780487626791,
        0.053658537566661835,
        0.046341463923454285,
        0.08780487626791,
        0.11463414877653122,
        0.07560975849628448,
        0.10000000149011612,
        0.12926828861236572,
        0.10487804561853409,
        0.06585365533828735,
        0.08536585420370102,
        0.06341463327407837,
        0.0731707289814949,
        0.05121951177716255,
        0.09756097197532654,
        0.053658537566661835,
        0.07804878056049347,
        0.07560975849628448
    ],
    "val_cosine_similarity":[
        0.9966280460357666,
        0.9961681365966797,
        0.7790059447288513,
        0.9963755011558533,
        0.942450225353241,
        0.941544234752655,
        0.9700872898101807,
        0.9630590677261353,
        0.7536489963531494,
        0.9944332838058472,
        0.9939253926277161,
        0.9959088563919067,
        0.9936398267745972,
        0.9956924915313721,
        0.9822817444801331,
        0.8997683525085449,
        0.672055721282959,
        0.9233353734016418,
        0.9938448071479797,
        0.9859992265701294,
        0.9900336861610413,
        0.995043933391571,
        0.9396327137947083,
        0.9922230243682861,
        0.992446780204773,
        0.9927783608436584,
        0.9812060594558716,
        0.9951607584953308,
        0.9962220788002014
    ],
    "val_loss":[
        7.247251778608188e-05,
        7.532369636464864e-05,
        8.043686830205843e-05,
        5.44239956070669e-05,
        5.515768498298712e-05,
        5.423536276794039e-05,
        7.493612065445632e-05,
        4.966415144735947e-05,
        5.8127694501308724e-05,
        6.0717597079928964e-05,
        4.827070370083675e-05,
        4.981901656719856e-05,
        4.5009397581452504e-05,
        6.378695252351463e-05,
        4.284491660655476e-05,
        4.972884198650718e-05,
        6.380000559147447e-05,
        5.389888974605128e-05,
        4.12684166803956e-05,
        4.450364940566942e-05,
        5.612583117908798e-05,
        4.557436841423623e-05,
        4.406676453072578e-05,
        4.2849627789109945e-05,
        4.4069944124203175e-05,
        5.101015995023772e-05,
        4.5463497372111306e-05,
        4.4760017772205174e-05,
        4.2177358409389853e-05
    ],