{
    "accuracy":[
        0.21239489316940308,
        0.20803487300872803,
        0.19277483224868774,
        0.20133914053440094,
        0.19775770604610443,
        0.19168482720851898,
        0.19978199899196625,
        0.20632201433181763,
        0.19588913023471832,
        0.19947056472301483,
        0.20694488286972046,
        0.2075677365064621,
        0.21239489316940308,
        0.20819059014320374,
        0.2161320447921753,
        0.2077234536409378,
        0.2197134792804718,
        0.22267206013202667,
        0.22033634781837463,
        0.21909062564373016,
        0.2145749032497406,
        0.23435066640377045,
        0.22251634299755096,
        0.21379633247852325,
        0.2264092117547989,
        0.2229834944009781,
        0.22236064076423645,
        0.22812208533287048,
        0.21566490828990936
    ],
    "cosine_similarity":[
        0.6355672478675842,
        0.5855154991149902,
        0.5922248363494873,
        0.6155222058296204,
        0.5931386351585388,
        0.618252158164978,
        0.6159148812294006,
        0.6235669851303101,
        0.6422110199928284,
        0.6474429368972778,
        0.6373659372329712,
        0.6282730102539062,
        0.6390148401260376,
        0.6313987970352173,
        0.6524226069450378,
        0.6421999931335449,
        0.6537653207778931,
        0.6513088941574097,
        0.6416049003601074,
        0.6390423774719238,
        0.6596903204917908,
        0.638774573802948,
        0.6674018502235413,
        0.6403043866157532,
        0.6699721813201904,
        0.6424752473831177,
        0.6548877954483032,
        0.6587061285972595,
        0.6543654799461365
    ],
    "loss":[
        0.00012853826046921313,
        6.794107321184129e-05,
        6.0246256907703355e-05,
        4.6697085053892806e-05,
        5.029224848840386e-05,
        4.561981768347323e-05,
        4.2427513108123094e-05,
        3.757703598239459e-05,
        3.87532236345578e-05,
        3.6313645978225395e-05,
        3.804538573604077e-05,
        3.7142031942494214e-05,
        3.6372199247125536e-05,
        3.873488094541244e-05,
        3.4430300729582086e-05,
        3.7370369682321325e-05,
        3.204958557034843e-05,
        3.816417302004993e-05,
        3.591346103348769e-05,
        3.754791760002263e-05,
        3.342962372698821e-05,
        3.467291026026942e-05,
        3.454738907748833e-05,
        3.329790342831984e-05,
        3.422330701141618e-05,
        3.5955839848611504e-05,
        3.335454675834626e-05,
        3.216625555069186e-05,
        3.523554187268019e-05
    ],
    "mean_absolute_error":[
        0.005866409279406071,
        0.004734284244477749,
        0.0046067372895777225,
        0.004052338656038046,
        0.004276863299310207,
        0.003941023256629705,
        0.0038718916475772858,
        0.0036111241206526756,
        0.0037178664933890104,
        0.003598695620894432,
        0.0035510652232915163,
        0.0036575652193278074,
        0.0035007582046091557,
        0.003659728681668639,
        0.0034540975466370583,
        0.0034881706815212965,
        0.003356113564223051,
        0.003532186383381486,
        0.0034995663445442915,
        0.0035346897784620523,
        0.0032927936408668756,
        0.0033740235958248377,
        0.003250306472182274,
        0.0034331621136516333,
        0.0033533861860632896,
        0.0034601909574121237,
        0.003353196894749999,
        0.0032378521282225847,
        0.003362454241141677
    ],
    "mean_squared_error":[
        0.00012853826046921313,
        6.794107321184129e-05,
        6.0246256907703355e-05,
        4.6697085053892806e-05,
        5.029224848840386e-05,
        4.561982859740965e-05,
        4.2427513108123094e-05,
        3.757703598239459e-05,
        3.87532236345578e-05,
        3.6313645978225395e-05,
        3.804538573604077e-05,
        3.7142031942494214e-05,
        3.6372199247125536e-05,
        3.873488094541244e-05,
        3.4430300729582086e-05,
        3.7370369682321325e-05,
        3.204958557034843e-05,
        3.816417665802874e-05,
        3.591346103348769e-05,
        3.754791760002263e-05,
        3.342962372698821e-05,
        3.467291026026942e-05,
        3.454738907748833e-05,
        3.329790342831984e-05,
        3.422330701141618e-05,
        3.5955839848611504e-05,
        3.335454675834626e-05,
        3.216625555069186e-05,
        3.523554187268019e-05
    ],
    "val_accuracy":[
        0.2839352488517761,
        0.2826898992061615,
        0.14445827901363373,
        0.14508095383644104,
        0.27770859003067017,
        0.1513075977563858,
        0.2048567831516266,
        0.14881694316864014,
        0.27646327018737793,
        0.28144457936286926,
        0.1513075977563858,
        0.2820672392845154,
        0.28144457936286926,
        0.33499377965927124,
        0.28331258893013,
        0.30012452602386475,
        0.2752179205417633,
        0.28144457936286926,
        0.1513075977563858,
        0.18742217123508453,
        0.16002491116523743,
        0.3063511848449707,
        0.3287671208381653,
        0.28144457936286926,
        0.14819426834583282,
        0.17745952308177948,
        0.27770859003067017,
        0.28144457936286926,
        0.14134494960308075
    ],
    "val_cosine_similarity":[
        0.9522690773010254,
        0.5721452236175537,
        0.9890882968902588,
        0.3032037019729614,
        0.9955021739006042,
        -0.1732618361711502,
        0.916153073310852,
        0.9873612523078918,
        0.9986047148704529,
        0.9975525736808777,
        0.9982655048370361,
        0.6838326454162598,
        0.2695709466934204,
        0.998768150806427,
        0.9231222867965698,
        0.4022975265979767,
        0.7016670107841492,
        0.8262349367141724,
        0.9976857304573059,
        0.9989426136016846,
        0.5029695630073547,
        0.5759924650192261,
        0.9975622892379761,
        0.9990745782852173,
        0.9990331530570984,
        0.9990673065185547,
        0.3902822434902191,
        0.9988502264022827,
        0.7252883911132812
    ],
    "val_loss":[
        1.874423469416797e-05,
        1.1723119314410724e-05,
        1.3874805517843924e-05,
        1.605109173397068e-05,
        1.3602037142845802e-05,
        2.022987973759882e-05,
        1.0277338333253283e-05,
        8.302277819893789e-06,
        1.3534001482184976e-05,
        4.9607810979068745e-06,
        4.369779162516352e-06,
        7.177317911555292e-06,
        1.6746576875448227e-05,
        2.636872522998601e-06,
        4.495211669564014e-06,
        4.60197816209984e-06,
        8.475045433442574e-06,
        5.853528364241356e-06,
        1.0888950782828033e-05,
        4.735210495709907e-06,
        5.9297553889337e-06,
        6.588173619093141e-06,
        1.6150121155078523e-05,
        6.477861916209804e-06,
        4.296163297112798e-06,
        4.469361556402873e-06,
        4.985899067833088e-06,
        4.461686785361962e-06,
        5.743955171055859e-06
    ],