{"Strategy Metrics": {"Daily Swing Trade Return": 39604.921867, "Buy & Hold Return": 2542.2978519999997, "Auto13($22000) Return": 79209.84373400005}, "Model Metrics": {"loss": 84243000.0, "mean_squared_error": 84243000.0, "mean_absolute_error": 9055.75390625, "accuracy": 0.12410501390695572, "cosine_similarity": 0.9983723759651184}, "Class Metrics": {"f1_monark": 0.8924485125858124, "accuracy": 0.8912037037037037, "precision": 0.8944954128440367, "recall": 0.8904109589041096, "roc auc": 0.8912148691234163}}