{"Strategy Metrics": {"Daily Swing Trade Return": 380.97393299999976, "Buy & Hold Return": 114.11714499999998, "Auto13($22000) Return": 41876.930843000046}, "Model Metrics": {"loss": 1347.82861328125, "mean_squared_error": 1347.82861328125, "mean_absolute_error": 29.463428497314453, "accuracy": 0.19866220653057098, "cosine_similarity": 0.9998167753219604}, "Class Metrics": {"f1_monark": 0.7171290711700845, "accuracy": 0.6867067468269873, "precision": 0.6908773968622893, "recall": 0.7454545454545455, "roc auc": 0.6825914614334916}}