{"Strategy Metrics": {"Daily Swing Trade Return": 247.06500399999982, "Buy & Hold Return": -6.804230999999999, "Auto13($22000) Return": 154114.63000100013}, "Model Metrics": {"loss": 421.3651123046875, "mean_squared_error": 421.3651123046875, "mean_absolute_error": 19.314912796020508, "accuracy": 0.0448642261326313, "cosine_similarity": 0.9994810819625854}, "Class Metrics": {"f1_monark": 0.9074148296593186, "accuracy": 0.9095536413469069, "precision": 0.9005568814638027, "recall": 0.9143780290791599, "roc auc": 0.9096966133237745}}