{"Strategy Metrics": {"Daily Swing Trade Return": 481.40965199999994, "Buy & Hold Return": 95.93857399999999, "Auto13($22000) Return": 43027.927195999946}, "Model Metrics": {"loss": 1936.5526123046875, "mean_squared_error": 1936.5526123046875, "mean_absolute_error": 38.367271423339844, "accuracy": 0.40079760551452637, "cosine_similarity": 0.9999266862869263}, "Class Metrics": {"f1_monark": 0.788783355947535, "accuracy": 0.7673143996013951, "precision": 0.754325259515571, "recall": 0.8265402843601896, "roc auc": 0.7641104783145485}}