{"Strategy Metrics": {"Daily Swing Trade Return": 202.67824800000017, "Buy & Hold Return": 114.11714499999998, "Auto13($22000) Return": 31297.57033499991}, "Model Metrics": {"loss": 1348.7896728515625, "mean_squared_error": 1348.7896728515625, "mean_absolute_error": 29.468395233154297, "accuracy": 0.20100334286689758, "cosine_proximity": 0.9998068809509277}, "Class Metrics": {"f1_monark": 0.681980906921241, "accuracy": 0.6439545758183033, "precision": 0.6505406943653955, "recall": 0.7166144200626959, "roc auc": 0.6388647511321343}}