{"Strategy Metrics": {"Daily Swing Trade Return": -3511.8010000000004, "Buy & Hold Return": 4963.826999999999, "Auto13($22000) Return": -7023.602000000003}, "Model Metrics": {"loss": 83053960.0, "mean_squared_error": 83053960.0, "mean_absolute_error": 8966.404296875, "accuracy": 0.0476190485060215, "cosine_similarity": 0.9777882695198059}, "Class Metrics": {"f1_monark": 0.32, "accuracy": 0.38181818181818183, "precision": 0.4, "recall": 0.26666666666666666, "roc auc": 0.3933333333333333}}