{"Strategy Metrics": {"Daily Swing Trade Return": 91.07999500000007, "Buy & Hold Return": -4.090000000000002, "Auto13($22000) Return": 33043.22774399994}, "Model Metrics": {"loss": 113.81884765625, "mean_squared_error": 113.81884765625, "mean_absolute_error": 10.057477951049805, "accuracy": 0.25016677379608154, "cosine_proximity": 0.9986029863357544}, "Class Metrics": {"f1_monark": 0.6507936507936507, "accuracy": 0.6487025948103793, "precision": 0.6533864541832669, "recall": 0.6482213438735178, "roc auc": 0.6487074461303073}}