{"Strategy Metrics": {"Daily Swing Trade Return": 116.56999499999999, "Buy & Hold Return": -4.6499999999999995, "Auto13($22000) Return": 72379.99756199992}, "Model Metrics": {"loss": 145.58175659179688, "mean_squared_error": 145.58175659179688, "mean_absolute_error": 11.68555736541748, "accuracy": 0.04124748334288597, "cosine_proximity": 0.9982693195343018}, "Class Metrics": {"f1_monark": 0.9160908193484699, "accuracy": 0.9155908639523337, "precision": 0.9115913555992141, "recall": 0.9206349206349206, "roc auc": 0.915585849979488}}