{"Strategy Metrics": {"Daily Swing Trade Return": 106.10921499999999, "Buy & Hold Return": -7.111923000000009, "Auto13($22000) Return": 15178.819565999933}, "Model Metrics": {"loss": 419.7030944824219, "mean_squared_error": 419.7030944824219, "mean_absolute_error": 19.271217346191406, "accuracy": 0.2828638553619385, "cosine_proximity": 0.9998444318771362}, "Class Metrics": {"f1_monark": 0.6120655213743507, "accuracy": 0.6205549042594763, "precision": 0.6060126582278481, "recall": 0.6182405165456013, "roc auc": 0.620483894636437}}