{
    "accuracy":[
        0.16809116303920746,
        0.16310541331768036,
        0.16417378187179565,
        0.16809116303920746,
        0.1666666716337204,
        0.16524216532707214,
        0.15990027785301208,
        0.17022791504859924,
        0.16203702986240387,
        0.16096866130828857,
        0.15527065098285675,
        0.15562677383422852,
        0.16488604247570038,
        0.156695157289505,
        0.17485755681991577,
        0.16239316761493683,
        0.1705840528011322,
        0.17129629850387573,
        0.1855413168668747,
        0.18198005855083466,
        0.16631053388118744,
        0.1816239356994629,
        0.17521367967128754,
        0.18376068770885468,
        0.17735043168067932,
        0.18269230425357819,
        0.18660968542099,
        0.18732193112373352,
        0.19123931229114532,
        0.1983618289232254,
        0.19123931229114532,
        0.17414529621601105,
        0.18767806887626648,
        0.20156694948673248,
        0.20121082663536072,
        0.18874643743038177
    ],
    "cosine_similarity":[
        0.9678797721862793,
        0.9687044620513916,
        0.9553609490394592,
        0.9579415321350098,
        0.9469263553619385,
        0.9480381011962891,
        0.9445074200630188,
        0.9508377313613892,
        0.9449906945228577,
        0.9492695331573486,
        0.9474019408226013,
        0.9366133213043213,
        0.9496158957481384,
        0.9436723589897156,
        0.9485640525817871,
        0.9435983896255493,
        0.9508214592933655,
        0.9482610821723938,
        0.9495964646339417,
        0.9499869346618652,
        0.9562913775444031,
        0.9444280862808228,
        0.9540976285934448,
        0.942153811454773,
        0.9498932957649231,
        0.9464414119720459,
        0.9508348703384399,
        0.9444989562034607,
        0.946263313293457,
        0.9534726142883301,
        0.947826087474823,
        0.9531975984573364,
        0.9555323123931885,
        0.9526253938674927,
        0.9486974477767944,
        0.9521308541297913
    ],
    "loss":[
        0.00871788989752531,
        0.00337621895596385,
        0.0027234507724642754,
        0.0021686276886612177,
        0.00199205637909472,
        0.0018729637376964092,
        0.0019067050889134407,
        0.0014954335056245327,
        0.0016084332019090652,
        0.0014696710277348757,
        0.0017181981820613146,
        0.0015772987389937043,
        0.0014814360765740275,
        0.0014255353016778827,
        0.0013838232262060046,
        0.00138678343500942,
        0.0013726695906370878,
        0.0013301073340699077,
        0.0014124733861535788,
        0.0014855788322165608,
        0.001309501356445253,
        0.0014208334032446146,
        0.001412775251083076,
        0.0014088088646531105,
        0.0013849589740857482,
        0.00149380078073591,
        0.0013241189299151301,
        0.001266627456061542,
        0.001315886853262782,
        0.0013569879811257124,
        0.001322797848843038,
        0.001302192104049027,
        0.001269764848984778,
        0.0013416269794106483,
        0.0013829958625137806,
        0.001289830543100834
    ],
    "mean_absolute_error":[
        0.056689709424972534,
        0.037030987441539764,
        0.03429274260997772,
        0.03115255944430828,
        0.030243344604969025,
        0.02910608798265457,
        0.02990507148206234,
        0.02712629921734333,
        0.02797306329011917,
        0.02695619873702526,
        0.028481516987085342,
        0.02760992757976055,
        0.026926899328827858,
        0.0266092661768198,
        0.026022421196103096,
        0.02619839273393154,
        0.026124905794858932,
        0.025708863511681557,
        0.026269592344760895,
        0.026662804186344147,
        0.025617672130465508,
        0.02631523460149765,
        0.026014234870672226,
        0.02610810101032257,
        0.02582211047410965,
        0.02625984326004982,
        0.025479892268776894,
        0.024971967563033104,
        0.025156715884804726,
        0.025626083835959435,
        0.02538408152759075,
        0.025260884314775467,
        0.025345612317323685,
        0.025475962087512016,
        0.02588023990392685,
        0.025189407169818878
    ],
    "mean_squared_error":[
        0.00871788989752531,
        0.00337621895596385,
        0.0027234507724642754,
        0.0021686276886612177,
        0.00199205637909472,
        0.0018729637376964092,
        0.0019067050889134407,
        0.0014954335056245327,
        0.0016084332019090652,
        0.0014696710277348757,
        0.0017181981820613146,
        0.0015772987389937043,
        0.0014814360765740275,
        0.0014255353016778827,
        0.0013838232262060046,
        0.00138678343500942,
        0.0013726695906370878,
        0.0013301073340699077,
        0.001412473269738257,
        0.0014855788322165608,
        0.001309501356445253,
        0.0014208334032446146,
        0.001412775251083076,
        0.0014088088646531105,
        0.0013849589740857482,
        0.00149380078073591,
        0.0013241189299151301,
        0.001266627456061542,
        0.001315886853262782,
        0.0013569878647103906,
        0.001322797848843038,
        0.0013021919876337051,
        0.001269764848984778,
        0.0013416269794106483,
        0.0013829958625137806,
        0.001289830543100834
    ],
    "val_accuracy":[
        0.12802276015281677,
        0.1408250331878662,
        0.2062588930130005,
        0.11806543171405792,
        0.18918919563293457,
        0.19772404432296753,
        0.23755334317684174,
        0.15220484137535095,
        0.12091038376092911,
        0.14651493728160858,
        0.1834992915391922,
        0.15362730622291565,
        0.12091038376092911,
        0.25177809596061707,
        0.226173534989357,
        0.2048364132642746,
        0.268847793340683,
        0.1863442361354828,
        0.11806543171405792,
        0.2816500663757324,
        0.27596017718315125,
        0.201991468667984,
        0.19203414022922516,
        0.2674253284931183,
        0.13655760884284973,
        0.23897582292556763,
        0.12660028040409088,
        0.201991468667984,
        0.24893313646316528,
        0.21337126195430756,
        0.100995734333992,
        0.2446657121181488,
        0.2432432472705841,
        0.14651493728160858,
        0.23186343908309937,
        0.27169275283813477
    ],
    "val_cosine_similarity":[
        0.997229278087616,
        0.9799816608428955,
        0.9972085356712341,
        0.9987646341323853,
        0.9979869723320007,
        0.998051643371582,
        0.990820050239563,
        0.9938693046569824,
        0.9987034797668457,
        0.9986543655395508,
        0.9196062088012695,
        0.9985678195953369,
        0.9986721873283386,
        0.998651921749115,
        0.9986118078231812,
        0.9983819127082825,
        0.9985814094543457,
        0.9987144470214844,
        0.998641848564148,
        0.9985326528549194,
        0.9977027177810669,
        0.9987116456031799,
        0.9985587000846863,
        0.9986218810081482,
        0.998806893825531,
        0.9986860752105713,
        0.9987612366676331,
        0.9987895488739014,
        0.9959871172904968,
        0.9987707734107971,
        0.9986897110939026,
        0.9986279606819153,
        0.9987402558326721,
        0.998734176158905,
        0.9945629239082336,
        0.9987467527389526
    ],