{
    "accuracy":[
        0.11089303344488144,
        0.1138370931148529,
        0.14818449318408966,
        0.1315014660358429,
        0.14425908029079437,
        0.14916585385799408,
        0.13738960027694702,
        0.1540726274251938,
        0.14229637384414673,
        0.1452404260635376,
        0.13935230672359467,
        0.15603533387184143,
        0.15112856030464172,
        0.1864573061466217,
        0.15996074676513672,
        0.1678115725517273,
        0.1589793860912323,
        0.13542689383029938,
        0.15210990607738495,
        0.16290481388568878,
        0.14916585385799408,
        0.15112856030464172,
        0.14916585385799408,
        0.15701667964458466,
        0.14425908029079437,
        0.16290481388568878,
        0.16584886610507965,
        0.15603533387184143,
        0.15799804031848907,
        0.1589793860912323,
        0.14818449318408966,
        0.181550532579422,
        0.16683022677898407,
        0.172718346118927,
        0.1687929332256317,
        0.18056918680667877,
        0.17958782613277435,
        0.19332678616046906,
        0.1864573061466217,
        0.18449459969997406,
        0.19332678616046906,
        0.18743866682052612,
        0.21491658687591553,
        0.2139352262020111,
        0.19627085328102112,
        0.20706574618816376,
        0.2001962661743164,
        0.2090284526348114,
        0.20608440041542053,
        0.21687929332256317,
        0.2276741862297058,
        0.2227674126625061,
        0.2051030397415161,
        0.2041216939687729
    ],
    "cosine_similarity":[
        0.848598062992096,
        0.964144766330719,
        0.97652268409729,
        0.9824578762054443,
        0.9852061867713928,
        0.9877133369445801,
        0.9887978434562683,
        0.9897339940071106,
        0.9902511239051819,
        0.9910991787910461,
        0.9918643236160278,
        0.9924049973487854,
        0.9926304817199707,
        0.9930559396743774,
        0.9932410717010498,
        0.9933884143829346,
        0.9936038255691528,
        0.9936069250106812,
        0.9937182068824768,
        0.9939946532249451,
        0.994090735912323,
        0.9940615296363831,
        0.9942929148674011,
        0.9940802454948425,
        0.9944472312927246,
        0.9942930936813354,
        0.9945250153541565,
        0.9944204092025757,
        0.9943389892578125,
        0.9945654273033142,
        0.9943836331367493,
        0.9947091341018677,
        0.9945690035820007,
        0.9945301413536072,
        0.9944315552711487,
        0.9944385886192322,
        0.9944719672203064,
        0.9946229457855225,
        0.9946784377098083,
        0.9946520924568176,
        0.994739830493927,
        0.9943058490753174,
        0.9945378303527832,
        0.9944702386856079,
        0.9945460557937622,
        0.9946562051773071,
        0.9945710301399231,
        0.9947617650032043,
        0.9947172999382019,
        0.9948657155036926,
        0.9946529269218445,
        0.9947171211242676,
        0.994723379611969,
        0.9947260022163391
    ],
    "loss":[
        0.04265779256820679,
        0.013482893817126751,
        0.009728525765240192,
        0.007449330762028694,
        0.006566342432051897,
        0.005833216942846775,
        0.005320961587131023,
        0.004743471741676331,
        0.00459625106304884,
        0.004229741171002388,
        0.003790853312239051,
        0.003544233273714781,
        0.00342615507543087,
        0.00315165426582098,
        0.0031130556017160416,
        0.00296975439414382,
        0.002799202920868993,
        0.0027884403243660927,
        0.0027025695890188217,
        0.0025477642193436623,
        0.002454433823004365,
        0.002432816894724965,
        0.002329534851014614,
        0.0023923455737531185,
        0.002245828276500106,
        0.0022769200149923563,
        0.002246727468445897,
        0.002228438388556242,
        0.0021926378831267357,
        0.002188164973631501,
        0.002260393463075161,
        0.002086903667077422,
        0.002121120225638151,
        0.002179557690396905,
        0.002169857732951641,
        0.00217585451900959,
        0.0021571784745901823,
        0.0020903432741761208,
        0.002074996242299676,
        0.0020633020903915167,
        0.0020430036820471287,
        0.002214965643361211,
        0.0021274008322507143,
        0.0021342907566577196,
        0.002099014585837722,
        0.002052922500297427,
        0.0021484012249857187,
        0.0020363503135740757,
        0.0021147876977920532,
        0.001992597011849284,
        0.0020809383131563663,
        0.0020494533237069845,
        0.0020670746453106403,
        0.0020191813819110394
    ],
    "mean_absolute_error":[
        0.15130385756492615,
        0.08813057094812393,
        0.07398834824562073,
        0.06439705938100815,
        0.060132283717393875,
        0.056366413831710815,
        0.053180031478405,
        0.05075341835618019,
        0.04933316633105278,
        0.04730318859219551,
        0.04469403624534607,
        0.04316755011677742,
        0.04223676398396492,
        0.040838681161403656,
        0.040748003870248795,
        0.03993387147784233,
        0.03851685672998428,
        0.03860929235816002,
        0.0379188172519207,
        0.03678549826145172,
        0.035969749093055725,
        0.03601137921214104,
        0.035543039441108704,
        0.03563184663653374,
        0.034412361681461334,
        0.03506544232368469,
        0.03462903946638107,
        0.034503329545259476,
        0.034403420984745026,
        0.034106768667697906,
        0.034574758261442184,
        0.0335092656314373,
        0.033582013100385666,
        0.03400155156850815,
        0.033996328711509705,
        0.03411930054426193,
        0.03404117003083229,
        0.033656492829322815,
        0.033465880900621414,
        0.03344013914465904,
        0.033438801765441895,
        0.03451084345579147,
        0.03376700356602669,
        0.034012433141469955,
        0.03388683497905731,
        0.033368825912475586,
        0.034000616520643234,
        0.03324982151389122,
        0.03351356461644173,
        0.03276904299855232,
        0.03343358263373375,
        0.03310055658221245,
        0.03321375325322151,
        0.033150848001241684
    ],