{"Strategy Metrics": {"Daily Swing Trade Return": 4716.309568000002, "Buy & Hold Return": 1312.1099860000002, "Auto13($22000) Return": 9407.038933999967}, "Model Metrics": {"loss": 4520988.5, "mean_squared_error": 4520988.5, "mean_absolute_error": 2064.7392578125, "accuracy": 0.28518518805503845, "cosine_similarity": 0.9997758865356445}, "Class Metrics": {"f1_monark": 0.6930693069306929, "accuracy": 0.6580882352941176, "precision": 0.6687898089171974, "recall": 0.7191780821917808, "roc auc": 0.653239834746684}}