{"Strategy Metrics": {"Daily Swing Trade Return": 995.0939710000002, "Buy & Hold Return": 351.81999899999994, "Auto13($22000) Return": 22124.07348700003}, "Model Metrics": {"loss": 20112.69140625, "mean_squared_error": 20112.69140625, "mean_absolute_error": 103.98631286621094, "accuracy": 0.11140583455562592, "cosine_similarity": 0.9991084337234497}, "Class Metrics": {"f1_monark": 0.7071688942891858, "accuracy": 0.6820580474934037, "precision": 0.6705069124423964, "recall": 0.7480719794344473, "roc auc": 0.6802690520478469}}