{"Strategy Metrics": {"Daily Swing Trade Return": 141.94285399999978, "Buy & Hold Return": 97.099287, "Auto13($22000) Return": 9414.125804999974}, "Model Metrics": {"loss": 1941.2518310546875, "mean_squared_error": 1941.2518310546875, "mean_absolute_error": 38.4705810546875, "accuracy": 0.27830901741981506, "cosine_proximity": 0.9998648762702942}, "Class Metrics": {"f1_monark": 0.6338215712383489, "accuracy": 0.585427135678392, "precision": 0.5920398009950248, "recall": 0.6819484240687679, "roc auc": 0.5801046468169926}}