{"Strategy Metrics": {"Daily Swing Trade Return": 910.4820150000005, "Buy & Hold Return": 351.81999899999994, "Auto13($22000) Return": 19766.978230999906}, "Model Metrics": {"loss": 20114.365234375, "mean_squared_error": 20114.365234375, "mean_absolute_error": 103.9893798828125, "accuracy": 0.12334217876195908, "cosine_proximity": 0.9991100430488586}, "Class Metrics": {"f1_monark": 0.6895705521472393, "accuracy": 0.6662269129287599, "precision": 0.6596244131455399, "recall": 0.7223650385604113, "roc auc": 0.6647055545105579}}