{"Strategy Metrics": {"Daily Swing Trade Return": 70.34002100000009, "Buy & Hold Return": -3.7700010000000006, "Auto13($22000) Return": 8566.781951000008}, "Model Metrics": {"loss": 1110.9412841796875, "mean_squared_error": 1110.9412841796875, "mean_absolute_error": 33.139583587646484, "accuracy": 0.10422535240650177, "cosine_similarity": 0.9980913400650024}, "Class Metrics": {"f1_monark": 0.9476439790575916, "accuracy": 0.9456521739130435, "precision": 0.9378238341968912, "recall": 0.9576719576719577, "roc auc": 0.9453164257633531}}