{"Strategy Metrics": {"Daily Swing Trade Return": 360.138, "Buy & Hold Return": 363.768, "Auto13($22000) Return": 8015.096000000001}, "Model Metrics": {"loss": 43939.5234375, "mean_squared_error": 43939.5234375, "mean_absolute_error": 167.35321044921875, "accuracy": 0.5384615659713745, "cosine_similarity": 0.9482478499412537}, "Class Metrics": {"f1_monark": 0.8275862068965517, "accuracy": 0.7058823529411765, "precision": 0.75, "recall": 0.9230769230769231, "roc auc": 0.46153846153846156}}