{"Strategy Metrics": {"Daily Swing Trade Return": 194.58114199999991, "Buy & Hold Return": -6.6023070000000015, "Auto13($22000) Return": 55947.178878000064}, "Model Metrics": {"loss": 420.7018127441406, "mean_squared_error": 420.7018127441406, "mean_absolute_error": 19.301218032836914, "accuracy": 0.08615263551473618, "cosine_similarity": 0.9994913339614868}, "Class Metrics": {"f1_monark": 0.7653343886030866, "accuracy": 0.7679060665362035, "precision": 0.7507763975155279, "recall": 0.7804681194511703, "roc auc": 0.7682735734033966}}