{"Strategy Metrics": {"Daily Swing Trade Return": 243.394604, "Buy & Hold Return": -6.669615000000001, "Auto13($22000) Return": 134622.123409}, "Model Metrics": {"loss": 419.8274230957031, "mean_squared_error": 419.8274230957031, "mean_absolute_error": 19.27326774597168, "accuracy": 0.27418723702430725, "cosine_similarity": 0.999839723110199}, "Class Metrics": {"f1_monark": 0.8943606036536934, "accuracy": 0.8959311424100157, "precision": 0.8803752931978108, "recall": 0.9087974172719936, "roc auc": 0.8963121482715322}}