{
    "accuracy":[
        0.06946312636137009,
        0.07435489445924759,
        0.07582242786884308,
        0.07753454893827438,
        0.08193714171648026,
        0.07826831191778183,
        0.07851289957761765,
        0.08316008001565933,
        0.08303778618574142,
        0.08805185556411743,
        0.08291549235582352,
        0.08866332471370697,
        0.08878561854362488,
        0.09269903600215912,
        0.08083648979663849,
        0.0924544483423233,
        0.08988626301288605,
        0.08695120364427567,
        0.08731808513402939,
        0.09037544578313828,
        0.09184297174215317,
        0.09502262622117996,
        0.0859728530049324
    ],
    "cosine_similarity":[
        0.962835431098938,
        0.9682937860488892,
        0.9692873954772949,
        0.9691097736358643,
        0.9726248383522034,
        0.9697641730308533,
        0.9664233922958374,
        0.9669234156608582,
        0.9719253778457642,
        0.9708747267723083,
        0.9705305695533752,
        0.9671246409416199,
        0.9711185097694397,
        0.968804657459259,
        0.9718974828720093,
        0.9724519848823547,
        0.9713878035545349,
        0.9699394106864929,
        0.9716383814811707,
        0.9700417518615723,
        0.9739157557487488,
        0.9722148776054382,
        0.9727423191070557
    ],
    "loss":[
        0.0011423446703702211,
        0.0004857013700529933,
        0.00041619056719355285,
        0.00038086282438598573,
        0.00037165245157666504,
        0.00035735845449380577,
        0.00034289504401385784,
        0.0003435435937717557,
        0.000338713638484478,
        0.0003293886547908187,
        0.00032610190100967884,
        0.0003230401489418,
        0.00031744150328449905,
        0.00030743394745513797,
        0.0003137284948024899,
        0.0003113189013674855,
        0.00030949077336117625,
        0.000308556278469041,
        0.00031300424598157406,
        0.00030269529088400304,
        0.0003031717205885798,
        0.00030572860850952566,
        0.0002991778892464936
    ],
    "mean_absolute_error":[
        0.01646418124437332,
        0.011719091795384884,
        0.010739007964730263,
        0.010277208872139454,
        0.010073122568428516,
        0.010004102252423763,
        0.00981337670236826,
        0.00975279975682497,
        0.009578491561114788,
        0.009557351469993591,
        0.009390790946781635,
        0.009456204250454903,
        0.009417245164513588,
        0.00923240464180708,
        0.00933939591050148,
        0.009194677695631981,
        0.00917062722146511,
        0.009220377542078495,
        0.009265534579753876,
        0.0091175502166152,
        0.00902443379163742,
        0.009089251980185509,
        0.008990763686597347
    ],
    "mean_squared_error":[
        0.0011423446703702211,
        0.0004857013700529933,
        0.00041619056719355285,
        0.00038086282438598573,
        0.00037165245157666504,
        0.00035735845449380577,
        0.00034289504401385784,
        0.0003435435937717557,
        0.000338713638484478,
        0.0003293886547908187,
        0.00032610190100967884,
        0.0003230401489418,
        0.00031744150328449905,
        0.00030743394745513797,
        0.0003137284948024899,
        0.0003113189013674855,
        0.00030949077336117625,
        0.000308556278469041,
        0.00031300424598157406,
        0.00030269529088400304,
        0.0003031717205885798,
        0.00030572860850952566,
        0.0002991778892464936
    ],
    "val_accuracy":[
        0.05036674812436104,
        0.0572127141058445,
        0.05036674812436104,
        0.08850855380296707,
        0.08606357127428055,
        0.10073349624872208,
        0.049877751618623734,
        0.07628361880779266,
        0.09975550323724747,
        0.08459657430648804,
        0.06210269033908844,
        0.05867970734834671,
        0.0684596598148346,
        0.10024449974298477,
        0.07432762533426285,
        0.09095354378223419,
        0.11833740770816803,
        0.11735941469669342,
        0.07677261531352997,
        0.12958435714244843,
        0.09975550323724747,
        0.06454768031835556,
        0.03520782291889191
    ],
    "val_cosine_similarity":[
        0.9923580884933472,
        0.9947682023048401,
        0.9559561610221863,
        0.9928292632102966,
        0.9877193570137024,
        0.9977163076400757,
        0.9910197854042053,
        0.9396932125091553,
        0.9749720692634583,
        0.9957910180091858,
        0.9975906014442444,
        0.9827696681022644,
        0.9545803070068359,
        0.9861305356025696,
        0.9944056868553162,
        0.9969979524612427,
        0.9954716563224792,
        0.9973752498626709,
        0.9900273084640503,
        0.887769877910614,
        0.9974595904350281,
        0.9960792660713196,
        0.9936515688896179
    ],
    "val_loss":[
        0.0003837888652924448,
        0.00031333725200966,
        0.00033974830876104534,
        0.00037191720912232995,
        0.0003257966018281877,
        0.0003243628016207367,
        0.00029860722133889794,
        0.0002863474073819816,
        0.0003204666427336633,
        0.0008614228572696447,
        0.0003310493193566799,
        0.00028190811281092465,
        0.0002784024109132588,
        0.0002972936781588942,
        0.00035192182986065745,
        0.00029029889265075326,
        0.0002858993539121002,
        0.000295124773401767,
        0.00036895059747621417,
        0.00037923495983704925,
        0.0003880552249029279,
        0.000329243834130466,
        0.00030219482141546905
    ],
    "val_mean_absolute_error":[
        0.010268687270581722,
        0.009073805995285511,
        0.010321450419723988,
        0.009516245685517788,
        0.010060939006507397,
        0.009640689939260483,
        0.008527721278369427,
        0.009437323547899723,
        0.009922528639435768,
        0.015548210591077805,
        0.01150288712233305,
        0.008458499796688557,
        0.008802846074104309,
        0.009043312631547451,
        0.009515782818198204,
        0.009003854356706142,
        0.008641854859888554,
        0.00945296511054039,
        0.010055809281766415,
        0.011193611659109592,
        0.010544483549892902,
        0.010202441364526749,
        0.00940996315330267
    ],
    "val_mean_squared_error":[
        0.0003837888652924448,
        0.00031333725200966,
        0.00033974830876104534,
        0.00037191720912232995,
        0.0003257966018281877,
        0.0003243628016207367,
        0.00029860722133889794,
        0.0002863474073819816,
        0.0003204666427336633,
        0.0008614228572696447,
        0.0003310493193566799,
        0.00028190811281092465,
        0.0002784024109132588,
        0.0002972936781588942,
        0.00035192182986065745,
        0.00029029889265075326,
        0.0002858993539121002,
        0.000295124773401767,
        0.00036895059747621417,
        0.00037923495983704925,
        0.0003880552249029279,
        0.000329243834130466,
        0.00030219482141546905
    ]
}