{
    "accuracy":[
        0.06967984884977341,
        0.08286252617835999,
        0.07344632595777512,
        0.09416195750236511,
        0.08286252617835999,
        0.07344632595777512,
        0.060263652354478836,
        0.04896421730518341,
        0.08474576473236084,
        0.07532956451177597,
        0.0866290032863617,
        0.09981167316436768,
        0.0903954803943634,
        0.08097928762435913,
        0.10546139627695084,
        0.07721280306577682,
        0.07156308740377426,
        0.08474576473236084,
        0.06967984884977341,
        0.09604519605636597,
        0.09604519605636597,
        0.08474576473236084,
        0.09416195750236511,
        0.05649717524647713,
        0.06214689090847969,
        0.07344632595777512,
        0.0866290032863617,
        0.08474576473236084,
        0.09416195750236511,
        0.09227871894836426,
        0.0866290032863617,
        0.09792843461036682,
        0.0866290032863617,
        0.09227871894836426,
        0.07909604161977768,
        0.10922787338495255,
        0.09227871894836426,
        0.10546139627695084,
        0.07721280306577682,
        0.08851224184036255,
        0.09227871894836426,
        0.09416195750236511,
        0.09792843461036682,
        0.09981167316436768,
        0.0903954803943634
    ],
    "cosine_similarity":[
        0.9599239826202393,
        0.989683210849762,
        0.9919666051864624,
        0.9937443137168884,
        0.9942715167999268,
        0.9948304891586304,
        0.9954469799995422,
        0.995818018913269,
        0.9960005283355713,
        0.9962524771690369,
        0.9964621663093567,
        0.9966256022453308,
        0.9967983365058899,
        0.9969050288200378,
        0.9970017075538635,
        0.9970782399177551,
        0.9971185922622681,
        0.9972231984138489,
        0.997259259223938,
        0.9973276853561401,
        0.9974267482757568,
        0.9974400997161865,
        0.9974349141120911,
        0.9975157380104065,
        0.9975324869155884,
        0.997536301612854,
        0.997604250907898,
        0.9976673126220703,
        0.9976451396942139,
        0.9976414442062378,
        0.9976816773414612,
        0.997719407081604,
        0.9977081418037415,
        0.9977628588676453,
        0.9977289438247681,
        0.9977367520332336,
        0.997787356376648,
        0.9977753758430481,
        0.9977970123291016,
        0.9977146983146667,
        0.9978125095367432,
        0.9978091716766357,
        0.9978392720222473,
        0.9978756308555603,
        0.9978581666946411
    ],
    "loss":[
        0.050580281764268875,
        0.018953274935483932,
        0.015859486535191536,
        0.013671484775841236,
        0.011961202137172222,
        0.012988470494747162,
        0.010228607803583145,
        0.010217465460300446,
        0.009079034440219402,
        0.008791644126176834,
        0.009031849913299084,
        0.009087842889130116,
        0.008162210695445538,
        0.008395272307097912,
        0.008177720941603184,
        0.007888559252023697,
        0.008438684046268463,
        0.007677670102566481,
        0.007200739346444607,
        0.006951732095330954,
        0.007708344608545303,
        0.006766268517822027,
        0.0069212657399475574,
        0.006752351764589548,
        0.006948127876967192,
        0.006578630302101374,
        0.006967777386307716,
        0.006620451807975769,
        0.006932500284165144,
        0.006220023613423109,
        0.006754421629011631,
        0.006110254675149918,
        0.006102680694311857,
        0.006300748325884342,
        0.006253852043300867,
        0.006243941839784384,
        0.0057441419921815395,
        0.005718774627894163,
        0.005651726387441158,
        0.005881646182388067,
        0.005855484399944544,
        0.00626862607896328,
        0.00562650803476572,
        0.006017178297042847,
        0.005784917622804642
    ],
    "mean_absolute_error":[
        0.16572634875774384,
        0.10612370073795319,
        0.09635605663061142,
        0.09088367968797684,
        0.08429078012704849,
        0.08691337704658508,
        0.07755021750926971,
        0.07690448313951492,
        0.07279649376869202,
        0.07062409073114395,
        0.07099373638629913,
        0.07201874256134033,
        0.06780438125133514,
        0.06924492120742798,
        0.06803303211927414,
        0.06795765459537506,
        0.06782767921686172,
        0.06586211919784546,
        0.06393145769834518,
        0.06344031542539597,
        0.06473586708307266,
        0.06140834838151932,
        0.06287561357021332,
        0.06149444356560707,
        0.06273004412651062,
        0.06072172522544861,
        0.06116870045661926,
        0.060813888907432556,
        0.06179206073284149,
        0.058487460017204285,
        0.0601499117910862,
        0.058940548449754715,
        0.058659810572862625,
        0.05800691246986389,
        0.05818881094455719,
        0.05827712640166283,
        0.05733633413910866,
        0.05597618594765663,
        0.05695398896932602,
        0.057643529027700424,
        0.057014793157577515,
        0.058866843581199646,
        0.055850833654403687,
        0.057811979204416275,
        0.056858811527490616
    ],
    "mean_squared_error":[
        0.050580281764268875,
        0.018953274935483932,
        0.015859486535191536,
        0.013671484775841236,
        0.011961202137172222,
        0.012988470494747162,
        0.010228607803583145,
        0.010217465460300446,
        0.009079032577574253,
        0.008791644126176834,
        0.009031849913299084,
        0.009087842889130116,
        0.008162210695445538,
        0.008395272307097912,
        0.008177720941603184,
        0.007888559252023697,
        0.008438684046268463,
        0.007677670102566481,
        0.007200739346444607,
        0.006951732095330954,
        0.007708344608545303,
        0.006766268517822027,
        0.0069212657399475574,
        0.006752351764589548,
        0.006948127876967192,
        0.006578630302101374,
        0.006967777386307716,
        0.006620451807975769,
        0.006932500284165144,
        0.006220023613423109,
        0.006754421629011631,
        0.006110254675149918,
        0.006102680694311857,
        0.006300748325884342,
        0.006253852043300867,
        0.006243941839784384,
        0.0057441419921815395,
        0.005718774162232876,
        0.005651726387441158,
        0.005881646182388067,
        0.005855484399944544,
        0.00626862607896328,
        0.00562650803476572,
        0.006017178762704134,
        0.005784917622804642
    ],