{
    "accuracy":[
        0.06363636255264282,
        0.06181818246841431,
        0.07454545795917511,
        0.072727270424366,
        0.06363636255264282,
        0.07636363804340363,
        0.08181817829608917,
        0.0981818214058876,
        0.09636363387107849,
        0.05454545468091965,
        0.0854545459151268,
        0.0854545459151268,
        0.08181817829608917,
        0.07999999821186066,
        0.08181817829608917,
        0.08363636583089828,
        0.06727273017168045,
        0.09090909361839294,
        0.11454545706510544,
        0.09090909361839294,
        0.09454545378684998,
        0.11999999731779099,
        0.11454545706510544,
        0.11454545706510544,
        0.0981818214058876,
        0.08363636583089828,
        0.08727272599935532,
        0.07818181812763214
    ],
    "cosine_similarity":[
        0.9773796200752258,
        0.9941037893295288,
        0.996024489402771,
        0.9967861175537109,
        0.997174084186554,
        0.9974608421325684,
        0.9976499080657959,
        0.9978198409080505,
        0.9978519082069397,
        0.9979262351989746,
        0.997990071773529,
        0.9980601668357849,
        0.9980407953262329,
        0.9981049299240112,
        0.9981355667114258,
        0.9982065558433533,
        0.9981786012649536,
        0.9981858134269714,
        0.9981883764266968,
        0.9982014894485474,
        0.9981945753097534,
        0.9981881380081177,
        0.9981980323791504,
        0.9982278943061829,
        0.9982266426086426,
        0.9982088804244995,
        0.9982433915138245,
        0.9982356429100037
    ],
    "loss":[
        0.030694494023919106,
        0.013030200265347958,
        0.011504437774419785,
        0.0086108623072505,
        0.007974925450980663,
        0.00710758613422513,
        0.006650976836681366,
        0.006390823516994715,
        0.006598629057407379,
        0.005828786175698042,
        0.005787001922726631,
        0.005304872058331966,
        0.005164456553757191,
        0.0055268295109272,
        0.005123580805957317,
        0.005038270726799965,
        0.005226162262260914,
        0.005087192635983229,
        0.004770117346197367,
        0.00465896911919117,
        0.004702621139585972,
        0.0047759367153048515,
        0.004940781742334366,
        0.004807847086340189,
        0.004617990460246801,
        0.0044591594487428665,
        0.004711398854851723,
        0.004583872389048338
    ],
    "mean_absolute_error":[
        0.13036978244781494,
        0.08975832164287567,
        0.08332296460866928,
        0.0722573772072792,
        0.06926199793815613,
        0.06549225747585297,
        0.06310330331325531,
        0.06118159741163254,
        0.06219569221138954,
        0.05877973511815071,
        0.05860692262649536,
        0.05628472939133644,
        0.05513244867324829,
        0.05698460340499878,
        0.055704690515995026,
        0.05473805591464043,
        0.05607375502586365,
        0.05467763543128967,
        0.05293162167072296,
        0.052306339144706726,
        0.05233374610543251,
        0.05363140255212784,
        0.0536331869661808,
        0.054077692329883575,
        0.05202845111489296,
        0.05168307200074196,
        0.05302228406071663,
        0.052111756056547165
    ],
    "mean_squared_error":[
        0.030694494023919106,
        0.013030200265347958,
        0.011504437774419785,
        0.0086108623072505,
        0.007974925450980663,
        0.00710758613422513,
        0.006650976836681366,
        0.006390823516994715,
        0.006598629057407379,
        0.005828786175698042,
        0.005787001922726631,
        0.005304872058331966,
        0.005164456553757191,
        0.0055268295109272,
        0.005123580805957317,
        0.005038270726799965,
        0.005226162262260914,
        0.005087192635983229,
        0.004770117346197367,
        0.00465896911919117,
        0.004702621139585972,
        0.0047759367153048515,
        0.004940781742334366,
        0.004807847086340189,
        0.004617990460246801,
        0.0044591594487428665,
        0.004711398854851723,
        0.004583872389048338
    ],
    "val_accuracy":[
        0.036231882870197296,
        0.07246376574039459,
        0.10869564861059189,
        0.10869564861059189,
        0.15217390656471252,
        0.014492753893136978,
        0.13768115639686584,
        0.036231882870197296,
        0.10144927352666855,
        0.08695652335882187,
        0.14492753148078918,
        0.07971014827489853,
        0.09420289844274521,
        0.15217390656471252,
        0.06521739065647125,
        0.043478261679410934,
        0.09420289844274521,
        0.09420289844274521,
        0.043478261679410934,
        0.10869564861059189,
        0.12318840622901917,
        0.15942029654979706,
        0.06521739065647125,
        0.1304347813129425,
        0.13768115639686584,
        0.18115942180156708,
        0.17391304671764374,
        0.036231882870197296
    ],
    "val_cosine_similarity":[
        0.9976198673248291,
        0.9979631900787354,
        0.9980811476707458,
        0.9979453682899475,
        0.9981032609939575,
        0.9979622960090637,
        0.9980937838554382,
        0.9980423450469971,
        0.9980717301368713,
        0.997914731502533,
        0.9981218576431274,
        0.9980108141899109,
        0.9980490803718567,
        0.9980602264404297,
        0.9980847835540771,
        0.9980959892272949,
        0.9980639219284058,
        0.9980143904685974,
        0.9980909824371338,
        0.9981194138526917,
        0.9980506300926208,
        0.9981160759925842,
        0.9980882406234741,
        0.9981098771095276,
        0.9981513619422913,
        0.9981142282485962,
        0.9981574416160583,
        0.9980077147483826
    ],
    "val_loss":[
        0.006523384712636471,
        0.006802624091506004,
        0.01438093651086092,
        0.005691992584615946,
        0.005339834839105606,
        0.004963625222444534,
        0.0066483402624726295,
        0.004976418800652027,
        0.006163229234516621,
        0.005808625835925341,
        0.0046700369566679,
        0.0048685576766729355,
        0.005149009171873331,
        0.005363333038985729,
        0.005461281631141901,
        0.004666957538574934,
        0.005288029555231333,
        0.004654441028833389,
        0.004919120576232672,
        0.006857537664473057,
        0.006135290954262018,
        0.00511207664385438,
        0.005629728082567453,
        0.004860060289502144,
        0.0071819014847278595,
        0.004785590339452028,
        0.00485670892521739,
        0.005134589970111847
    ],
    "val_mean_absolute_error":[
        0.06242043152451515,
        0.06424567848443985,
        0.09869853407144547,
        0.05550635978579521,
        0.05569865554571152,
        0.05158280208706856,
        0.059635333716869354,
        0.05040157213807106,
        0.0619174987077713,
        0.05953804776072502,
        0.049100350588560104,
        0.051075588911771774,
        0.053885526955127716,
        0.05465664714574814,
        0.05602674186229706,
        0.05038084089756012,
        0.05192675068974495,
        0.04924533888697624,
        0.05264955386519432,
        0.061192139983177185,
        0.05636853352189064,
        0.05376950278878212,
        0.057114679366350174,
        0.04965505748987198,
        0.06368712335824966,
        0.04896137863397598,
        0.04986400529742241,
        0.053353358060121536
    ],