{
    "accuracy":[
        0.07492975145578384,
        0.08039338141679764,
        0.08507648855447769,
        0.07727130502462387,
        0.08492038398981094,
        0.08179831504821777,
        0.08975960314273834,
        0.08039338141679764,
        0.09116453677415848,
        0.07742740958929062,
        0.0844520777463913,
        0.07649078965187073,
        0.08257883042097092,
        0.07805182784795761,
        0.08039338141679764
    ],
    "cosine_similarity":[
        0.7041130661964417,
        0.7387585639953613,
        0.721721887588501,
        0.770432710647583,
        0.7839701771736145,
        0.7922859191894531,
        0.7892751693725586,
        0.7995346784591675,
        0.7841756343841553,
        0.7882664799690247,
        0.8252046704292297,
        0.8245066404342651,
        0.8177092671394348,
        0.8313072323799133,
        0.8208500742912292
    ],
    "loss":[
        4.159122545388527e-05,
        1.1482917216198985e-05,
        1.310533843934536e-05,
        9.206938557326794e-06,
        9.194744052365422e-06,
        7.4951540227630176e-06,
        7.911407010396942e-06,
        7.0340461206797045e-06,
        7.793989425408654e-06,
        6.874441623949679e-06,
        6.37771381661878e-06,
        6.60712839817279e-06,
        6.128384939074749e-06,
        5.9965282162011135e-06,
        6.0072225096519105e-06
    ],
    "mean_absolute_error":[
        0.0031367545016109943,
        0.0020658853463828564,
        0.00218137726187706,
        0.0018252329900860786,
        0.0017493452178314328,
        0.0016454171855002642,
        0.0016677428502589464,
        0.001578786293976009,
        0.001678316853940487,
        0.0016276381211355329,
        0.001487132627516985,
        0.0015130223473533988,
        0.001484682084992528,
        0.001431669108569622,
        0.0014790949644520879
    ],
    "mean_squared_error":[
        4.159122545388527e-05,
        1.1482917216198985e-05,
        1.310533843934536e-05,
        9.206938557326794e-06,
        9.194744052365422e-06,
        7.4951540227630176e-06,
        7.911407010396942e-06,
        7.0340461206797045e-06,
        7.793989425408654e-06,
        6.874441623949679e-06,
        6.37771381661878e-06,
        6.60712839817279e-06,
        6.128385848569451e-06,
        5.9965282162011135e-06,
        6.0072225096519105e-06
    ],
    "val_accuracy":[
        0.06304619461297989,
        0.04993757978081703,
        0.047440700232982635,
        0.06803995370864868,
        0.12609238922595978,
        0.047440700232982635,
        0.05056179687380791,
        0.06928838789463043,
        0.09300874173641205,
        0.05118601769208908,
        0.11048689484596252,
        0.10237203538417816,
        0.07553058862686157,
        0.16229712963104248,
        0.05243445560336113
    ],
    "val_cosine_similarity":[
        0.989112377166748,
        0.9918063282966614,
        0.9125047922134399,
        0.7906174063682556,
        0.8870953917503357,
        0.8456295132637024,
        0.9913414120674133,
        0.9863305687904358,
        0.9374129772186279,
        0.9945926070213318,
        0.9950140118598938,
        0.8676990866661072,
        0.7285265922546387,
        0.9937743544578552,
        0.9912884831428528
    ],
    "val_loss":[
        9.465332368563395e-06,
        1.1308623470540624e-05,
        4.862049536313862e-06,
        7.780618034303188e-06,
        4.096074917470105e-06,
        5.269348548608832e-06,
        4.686265128839295e-06,
        7.622742941748584e-06,
        4.25463258579839e-06,
        9.840508937486447e-06,
        1.2107628208468668e-05,
        4.693017217505258e-06,
        6.79271261105896e-06,
        4.775475645146798e-06,
        4.280799657863099e-06
    ],
    "val_mean_absolute_error":[
        0.0022687362506985664,
        0.00174119567964226,
        0.0011649503139778972,
        0.0014909036690369248,
        0.0010181315010413527,
        0.0010963965905830264,
        0.001402305206283927,
        0.002214506734162569,
        0.0011972675565630198,
        0.002772462787106633,
        0.0030234279111027718,
        0.0011535092489793897,
        0.0013791252858936787,
        0.001477847690694034,
        0.0009423267911188304
    ],
    "val_mean_squared_error":[
        9.465332368563395e-06,
        1.1308623470540624e-05,
        4.862049536313862e-06,
        7.780618034303188e-06,
        4.096074917470105e-06,
        5.269348548608832e-06,
        4.686265128839295e-06,
        7.622742941748584e-06,
        4.25463258579839e-06,
        9.840508937486447e-06,
        1.2107628208468668e-05,
        4.693017217505258e-06,
        6.7927135205536615e-06,
        4.775475645146798e-06,
        4.280799657863099e-06
    ]
}