{"Strategy Metrics": {"Daily Swing Trade Return": 384.53321199999993, "Buy & Hold Return": 114.11714499999998, "Auto13($22000) Return": 41810.14694300004}, "Model Metrics": {"loss": 1346.7535400390625, "mean_squared_error": 1346.7535400390625, "mean_absolute_error": 29.450654983520508, "accuracy": 0.1444815993309021, "cosine_proximity": 0.9998353123664856}, "Class Metrics": {"f1_monark": 0.7105500450856628, "accuracy": 0.6783567134268537, "precision": 0.6824480369515011, "recall": 0.7410658307210032, "roc auc": 0.6739639375191864}}