{
    "accuracy":[
        0.15760286152362823,
        0.170840784907341,
        0.16493739187717438,
        0.1690518856048584,
        0.16493739187717438,
        0.16744185984134674,
        0.16744185984134674,
        0.16672629117965698,
        0.16440071165561676,
        0.1792486608028412,
        0.1735241562128067,
        0.18586762249469757,
        0.16833631694316864,
        0.18014311790466309,
        0.1851520538330078,
        0.1833631545305252,
        0.1828264743089676,
        0.18622539937496185,
        0.19338104128837585,
        0.18658319115638733,
        0.17692308127880096,
        0.18121646344661713,
        0.18300536274909973,
        0.1837209314107895,
        0.18318425118923187,
        0.1774597465991974,
        0.1890876591205597,
        0.1771019697189331,
        0.1771019697189331,
        0.18443650007247925,
        0.18926654756069183,
        0.19212880730628967,
        0.18139535188674927,
        0.193559929728508,
        0.17906977236270905,
        0.18801431357860565,
        0.1872987449169159,
        0.18855097889900208,
        0.18586762249469757,
        0.17906977236270905,
        0.1797853261232376,
        0.18085867166519165,
        0.18085867166519165,
        0.18479427695274353,
        0.18872986733913422,
        0.18211090564727783,
        0.19481216371059418,
        0.19141323864459991,
        0.17584973573684692,
        0.19248658418655396,
        0.1890876591205597,
        0.18765653669834137,
        0.1797853261232376,
        0.18318425118923187,
        0.18085867166519165,
        0.1833631545305252,
        0.1762075126171112,
        0.17423970997333527,
        0.18175312876701355,
        0.18765653669834137,
        0.18389981985092163,
        0.18479427695274353
    ],
    "cosine_similarity":[
        0.7162120938301086,
        0.7361298203468323,
        0.7474867701530457,
        0.7611904740333557,
        0.7709677815437317,
        0.7794047594070435,
        0.7847334146499634,
        0.8009580373764038,
        0.7943540811538696,
        0.8039494156837463,
        0.8116431832313538,
        0.7951235771179199,
        0.8326202630996704,
        0.8228840827941895,
        0.8221402168273926,
        0.8243370056152344,
        0.826806366443634,
        0.8270050883293152,
        0.8255473375320435,
        0.837031900882721,
        0.830175518989563,
        0.8273990154266357,
        0.8323683142662048,
        0.8189454078674316,
        0.8329635858535767,
        0.8305234909057617,
        0.811040461063385,
        0.848145604133606,
        0.8368154168128967,
        0.8267689943313599,
        0.8442501425743103,
        0.8263168931007385,
        0.8460181951522827,
        0.8457474708557129,
        0.8546218276023865,
        0.8432817459106445,
        0.8339408040046692,
        0.848417341709137,
        0.8537318110466003,
        0.8357830047607422,
        0.8474112153053284,
        0.8267515301704407,
        0.8530192375183105,
        0.8454822897911072,
        0.8374014496803284,
        0.825668454170227,
        0.8425933122634888,
        0.8376299738883972,
        0.8372066020965576,
        0.851113498210907,
        0.8420305252075195,
        0.8342519402503967,
        0.8444020748138428,
        0.8425672054290771,
        0.8522814512252808,
        0.8468010425567627,
        0.8449702858924866,
        0.8503862619400024,
        0.8534912467002869,
        0.8541721701622009,
        0.8376194834709167,
        0.8494461178779602
    ],
    "loss":[
        1.5473186067538336e-05,
        7.547272161900764e-06,
        6.413235041691223e-06,
        5.265349045657786e-06,
        4.597659881255822e-06,
        4.546877335087629e-06,
        4.426458872330841e-06,
        4.216125489620026e-06,
        4.300701220927294e-06,
        3.823654424195411e-06,
        3.487596359263989e-06,
        4.264044946467038e-06,
        3.7534946386585943e-06,
        3.5038224268646445e-06,
        3.819632638624171e-06,
        3.292319888714701e-06,
        3.822847702394938e-06,
        3.3371206882293336e-06,
        3.5291370750201168e-06,
        3.082453076785896e-06,
        3.182223508702009e-06,
        3.4277766189916292e-06,
        3.471859827186563e-06,
        3.1203703656501602e-06,
        3.2453369840368396e-06,
        3.4427139325998724e-06,
        3.550227347659529e-06,
        2.483308207956725e-06,
        2.9081222692184383e-06,
        3.331488187541254e-06,
        3.1952952213032404e-06,
        3.222326540708309e-06,
        2.751233296294231e-06,
        3.059634309465764e-06,
        2.666155523911584e-06,
        2.776856035779929e-06,
        2.7292135200696066e-06,
        2.5621463919378584e-06,
        2.7454962037154473e-06,
        2.5914653178915614e-06,
        2.954884166683769e-06,
        3.2271202599076787e-06,
        2.679316139619914e-06,
        2.8389667932060547e-06,
        3.045008952540229e-06,
        3.1077133826329373e-06,
        2.880084139178507e-06,
        3.204204176654457e-06,
        2.83728945760231e-06,
        2.7272606075712247e-06,
        2.6911397981166374e-06,
        2.7429732654127292e-06,
        2.635625833136146e-06,
        2.982578962473781e-06,
        2.4904484234866686e-06,
        2.7092232812719885e-06,
        2.951621127067483e-06,
        2.6241993964504218e-06,
        2.5846024982456584e-06,
        2.8195136110298336e-06,
        2.7778521598520456e-06,
        2.592807049950352e-06
    ],
    "mean_absolute_error":[
        0.0023747719824314117,
        0.0017890421440824866,
        0.0016842056065797806,
        0.0015427860198542476,
        0.0014395654434338212,
        0.0014110889751464128,
        0.0014062514528632164,
        0.001353321480564773,
        0.0013653049245476723,
        0.0012776075163856149,
        0.0012216393370181322,
        0.0013441689079627395,
        0.0012527105864137411,
        0.001200068392790854,
        0.0012370803160592914,
        0.001157076214440167,
        0.0012126609217375517,
        0.0011607714695855975,
        0.0011923089623451233,
        0.0010982544627040625,
        0.0011228460352867842,
        0.0011873207986354828,
        0.0011734666768461466,
        0.0011359575437381864,
        0.0011261890176683664,
        0.0011438888031989336,
        0.0012136264704167843,
        0.0009789251489564776,
        0.0010759442811831832,
        0.001132056931965053,
        0.0011176252737641335,
        0.0011626777704805136,
        0.0010245993034914136,
        0.0010721100261434913,
        0.001007960527203977,
        0.0010448014363646507,
        0.0010464693186804652,
        0.0010065162787213922,
        0.0010292904917150736,
        0.0010276803513988853,
        0.001074373722076416,
        0.0011174386600032449,
        0.0010319689754396677,
        0.0010462665231898427,
        0.0010869459947571158,
        0.0011162423761561513,
        0.001054440625011921,
        0.001100619207136333,
        0.0010289361234754324,
        0.0010083145461976528,
        0.0010297272820025682,
        0.0010292456718161702,
        0.0009966155048459768,
        0.0010688245529308915,
        0.0009655370959080756,
        0.001016921829432249,
        0.001059576403349638,
        0.0009927332866936922,
        0.0009930547093972564,
        0.0010403458727523685,
        0.0010169162414968014,
        0.0009981144685298204
    ],