{"Strategy Metrics": {"Daily Swing Trade Return": 28.249997999999998, "Buy & Hold Return": -26.850001999999996, "Auto13($22000) Return": 8952.149332999983}, "Model Metrics": {"loss": 226.690185546875, "mean_squared_error": 226.690185546875, "mean_absolute_error": 13.343158721923828, "accuracy": 0.3757225573062897, "cosine_similarity": 0.997930109500885}, "Class Metrics": {"f1_monark": 0.6832298136645963, "accuracy": 0.7068965517241379, "precision": 0.6707317073170732, "recall": 0.6962025316455697, "roc auc": 0.70599600266489}}