{"Strategy Metrics": {"Daily Swing Trade Return": 665.3200060000001, "Buy & Hold Return": 369.38000099999994, "Auto13($22000) Return": 11542.247748999995}, "Model Metrics": {"loss": 26737.5859375, "mean_squared_error": 26737.5859375, "mean_absolute_error": 121.83865356445312, "accuracy": 0.0863453820347786, "cosine_proximity": 0.996932327747345}, "Class Metrics": {"f1_monark": 0.6756756756756757, "accuracy": 0.62426614481409, "precision": 0.6349206349206349, "recall": 0.7220216606498195, "roc auc": 0.615284334598414}}