{"Strategy Metrics": {"Daily Swing Trade Return": 1.0489999999999977, "Buy & Hold Return": 0.2499999999999991, "Auto13($22000) Return": 228.24799999998868}, "Model Metrics": {"loss": 42.69358825683594, "mean_squared_error": 42.69358825683594, "mean_absolute_error": 6.532253742218018, "accuracy": 0.699999988079071, "cosine_similarity": 0.9542248845100403}, "Class Metrics": {"f1_monark": 0.5316455696202532, "accuracy": 0.6063829787234043, "precision": 0.45652173913043476, "recall": 0.6363636363636364, "roc auc": 0.6132637853949329}}