{"Strategy Metrics": {"Daily Swing Trade Return": 684.0460260000004, "Buy & Hold Return": 365.57400099999995, "Auto13($22000) Return": 11765.498403999998}, "Model Metrics": {"loss": 27270.43359375, "mean_squared_error": 27270.43359375, "mean_absolute_error": 122.6308364868164, "accuracy": 0.11067193746566772, "cosine_similarity": 0.9980484247207642}, "Class Metrics": {"f1_monark": 0.673434856175973, "accuracy": 0.6245136186770428, "precision": 0.6357827476038339, "recall": 0.7158273381294964, "roc auc": 0.6163882453359346}}