{
    "accuracy":[
        0.32736891508102417,
        0.33312588930130005,
        0.33437061309814453,
        0.3219231367111206,
        0.33016958832740784,
        0.33950522541999817,
        0.3300139904022217,
        0.322701096534729,
        0.32861366868019104,
        0.34183910489082336,
        0.33888283371925354,
        0.3409055471420288,
        0.3382604718208313,
        0.350085586309433,
        0.3435506522655487,
        0.33654892444610596,
        0.33888283371925354,
        0.3432394564151764,
        0.3419947028160095,
        0.33437061309814453,
        0.33390384912490845,
        0.34495097398757935,
        0.35630932450294495,
        0.3572428822517395,
        0.3416835367679596,
        0.3538198173046112,
        0.34604012966156006,
        0.33888283371925354,
        0.3412167429924011,
        0.3538198173046112,
        0.3503967523574829,
        0.34604012966156006,
        0.3401275873184204,
        0.34899643063545227,
        0.33763808012008667,
        0.34526216983795166,
        0.3429282605648041,
        0.33919402956962585,
        0.34230589866638184,
        0.3443286120891571,
        0.3353041708469391,
        0.33499300479888916,
        0.35817644000053406,
        0.3377936780452728,
        0.339349627494812
    ],
    "cosine_similarity":[
        0.6016780734062195,
        0.6055229306221008,
        0.6120628118515015,
        0.6105616092681885,
        0.6193217039108276,
        0.642729640007019,
        0.6312578320503235,
        0.6195273995399475,
        0.6368318796157837,
        0.6541579961776733,
        0.6794207096099854,
        0.6605880856513977,
        0.655766487121582,
        0.6461808085441589,
        0.6645568609237671,
        0.6628497242927551,
        0.6993604898452759,
        0.6654170155525208,
        0.6910218000411987,
        0.6839937567710876,
        0.6815498471260071,
        0.6669938564300537,
        0.698627233505249,
        0.6819199323654175,
        0.7022808790206909,
        0.6944371461868286,
        0.6774864196777344,
        0.6751863956451416,
        0.6761077642440796,
        0.7186375856399536,
        0.6807948350906372,
        0.6981578469276428,
        0.6903539299964905,
        0.6831895112991333,
        0.7182050347328186,
        0.709303081035614,
        0.7081824541091919,
        0.7187533974647522,
        0.730110228061676,
        0.7304425239562988,
        0.7248495221138,
        0.7183765172958374,
        0.7039797306060791,
        0.70772784948349,
        0.719568133354187
    ],
    "loss":[
        6.05952154728584e-05,
        3.808037581620738e-05,
        3.6516281397780403e-05,
        2.6747666197479703e-05,
        2.3407839762512594e-05,
        2.2727788746124133e-05,
        2.60157812590478e-05,
        2.347541339986492e-05,
        2.342439620406367e-05,
        2.1186029698583297e-05,
        1.9265977243776433e-05,
        1.904940108943265e-05,
        1.7870521332952194e-05,
        2.4640037736389786e-05,
        1.9237362721469253e-05,
        2.0369341655168682e-05,
        1.4640752851846628e-05,
        1.7824731912696734e-05,
        1.641744893277064e-05,
        1.8712744349613786e-05,
        1.65159235621104e-05,
        1.912428706418723e-05,
        1.5565907233394682e-05,
        1.596191941644065e-05,
        1.678768967394717e-05,
        1.6996162230498157e-05,
        1.852695640991442e-05,
        1.7816380932345055e-05,
        1.682621586951427e-05,
        1.4677254512207583e-05,
        1.695402715995442e-05,
        1.710197830107063e-05,
        1.6282818251056597e-05,
        1.771874121914152e-05,
        1.3891262824472506e-05,
        1.3239436157164164e-05,
        1.5587198504363187e-05,
        1.4654207916464657e-05,
        1.3774581930192653e-05,
        1.3047407264821231e-05,
        1.4708569324284326e-05,
        1.6045307347667404e-05,
        1.4911883226886857e-05,
        1.3799749467580114e-05,
        1.3302970728545915e-05
    ],
    "mean_absolute_error":[
        0.0043716938234865665,
        0.003890249179676175,
        0.0036269172560423613,
        0.0033282507210969925,
        0.0031132586300373077,
        0.0029309256933629513,
        0.0032301952596753836,
        0.003102742601186037,
        0.0030277534388005733,
        0.0028671163599938154,
        0.0026520846877247095,
        0.0027945528272539377,
        0.0026410287246108055,
        0.0031247653532773256,
        0.002709710970520973,
        0.002771402010694146,
        0.002397470409050584,
        0.002631595591083169,
        0.0024370059836655855,
        0.0026307920925319195,
        0.00249849958345294,
        0.0026355632580816746,
        0.002440547803416848,
        0.002426126739010215,
        0.002501433016732335,
        0.0024585879873484373,
        0.0026127274613827467,
        0.0025842704344540834,
        0.0025145455729216337,
        0.002317445119842887,
        0.0025286246091127396,
        0.0024361247196793556,
        0.0024338169023394585,
        0.0025329424533993006,
        0.0022453872952610254,
        0.0022709923796355724,
        0.002385583706200123,
        0.002356546698138118,
        0.0022348540369421244,
        0.0021837016101926565,
        0.00229906034655869,
        0.0023866603150963783,
        0.0023548793978989124,
        0.002254350809380412,
        0.002226267708465457
    ],
    "mean_squared_error":[
        6.05952154728584e-05,
        3.808037581620738e-05,
        3.6516281397780403e-05,
        2.6747666197479703e-05,
        2.3407839762512594e-05,
        2.2727788746124133e-05,
        2.60157812590478e-05,
        2.347541339986492e-05,
        2.342439620406367e-05,
        2.1186029698583297e-05,
        1.9265977243776433e-05,
        1.904940108943265e-05,
        1.7870521332952194e-05,
        2.4640037736389786e-05,
        1.9237362721469253e-05,
        2.0369341655168682e-05,
        1.4640752851846628e-05,
        1.7824731912696734e-05,
        1.641744893277064e-05,
        1.8712744349613786e-05,
        1.65159235621104e-05,
        1.912428706418723e-05,
        1.5565907233394682e-05,
        1.5961917597451247e-05,
        1.678768967394717e-05,
        1.6996162230498157e-05,
        1.852695640991442e-05,
        1.7816380932345055e-05,
        1.682621586951427e-05,
        1.4677254512207583e-05,
        1.695402715995442e-05,
        1.710197830107063e-05,
        1.6282818251056597e-05,
        1.771874121914152e-05,
        1.3891262824472506e-05,
        1.3239435247669462e-05,
        1.5587198504363187e-05,
        1.4654207916464657e-05,
        1.3774581930192653e-05,
        1.3047407264821231e-05,
        1.4708569324284326e-05,
        1.6045307347667404e-05,
        1.4911883226886857e-05,
        1.3799749467580114e-05,
        1.3302970728545915e-05
    ],