{
    "accuracy":[
        0.062043797224760056,
        0.05656934157013893,
        0.06751824915409088,
        0.06934306770563126,
        0.09671533107757568,
        0.09124087542295456,
        0.06751824915409088,
        0.07481751590967178,
        0.10948905348777771,
        0.10948905348777771,
        0.07664233446121216,
        0.10218977928161621,
        0.09306569397449493,
        0.09489051252603531,
        0.12226277589797974,
        0.12408759444952011,
        0.08941605687141418,
        0.12773722410202026,
        0.14598539471626282,
        0.12408759444952011,
        0.131386861205101,
        0.10218977928161621,
        0.09124087542295456,
        0.1332116723060608,
        0.10401459783315659
    ],
    "cosine_similarity":[
        0.9603080749511719,
        0.9915998578071594,
        0.9949284195899963,
        0.9963255524635315,
        0.9968460202217102,
        0.9973048567771912,
        0.9976406693458557,
        0.9976989030838013,
        0.9979472160339355,
        0.9980139136314392,
        0.9980978965759277,
        0.9980895519256592,
        0.9981642961502075,
        0.9981844425201416,
        0.9981915354728699,
        0.9982066750526428,
        0.9982256293296814,
        0.9982225298881531,
        0.9982469081878662,
        0.9982194900512695,
        0.9982619285583496,
        0.998226523399353,
        0.9982388019561768,
        0.9982370138168335,
        0.9982621669769287
    ],
    "loss":[
        0.04225713387131691,
        0.015221625566482544,
        0.011841545812785625,
        0.00977163016796112,
        0.008178861811757088,
        0.007811730727553368,
        0.007107194047421217,
        0.006838484667241573,
        0.006358989980071783,
        0.0061426302418112755,
        0.005626247730106115,
        0.005119002424180508,
        0.005216364283114672,
        0.00482628820464015,
        0.0049705044366419315,
        0.004941399674862623,
        0.004907610360532999,
        0.004971102345734835,
        0.004911690950393677,
        0.004607975948601961,
        0.00451503973454237,
        0.004374472424387932,
        0.004590724594891071,
        0.004577292129397392,
        0.004363745916634798
    ],
    "mean_absolute_error":[
        0.1484851837158203,
        0.09522733092308044,
        0.08345335721969604,
        0.07530226558446884,
        0.06982268393039703,
        0.06790118664503098,
        0.06408882886171341,
        0.06369785219430923,
        0.06073454022407532,
        0.058995962142944336,
        0.05701597407460213,
        0.0546627901494503,
        0.05475270003080368,
        0.05315360799431801,
        0.05355396121740341,
        0.05352781340479851,
        0.053427837789058685,
        0.05427458509802818,
        0.05288267135620117,
        0.05124874785542488,
        0.050745993852615356,
        0.049893077462911606,
        0.05146756023168564,
        0.051618292927742004,
        0.04971127584576607
    ],
    "mean_squared_error":[
        0.04225713387131691,
        0.015221625566482544,
        0.011841545812785625,
        0.00977163016796112,
        0.008178861811757088,
        0.007811730727553368,
        0.007107194047421217,
        0.006838484667241573,
        0.006358989980071783,
        0.0061426302418112755,
        0.005626247730106115,
        0.005119002424180508,
        0.005216364283114672,
        0.00482628820464015,
        0.0049705044366419315,
        0.004941399674862623,
        0.004907610360532999,
        0.004971102345734835,
        0.004911690950393677,
        0.004607975948601961,
        0.00451503973454237,
        0.004374472424387932,
        0.004590724594891071,
        0.004577292129397392,
        0.004363745916634798
    ],
    "val_accuracy":[
        0.043795619159936905,
        0.10948905348777771,
        0.09489051252603531,
        0.10218977928161621,
        0.051094889640808105,
        0.12408759444952011,
        0.10948905348777771,
        0.10948905348777771,
        0.051094889640808105,
        0.08759123831987381,
        0.0656934306025505,
        0.08029197156429291,
        0.15328466892242432,
        0.0656934306025505,
        0.11678832024335861,
        0.0656934306025505,
        0.12408759444952011,
        0.10948905348777771,
        0.14598539471626282,
        0.10218977928161621,
        0.08029197156429291,
        0.08029197156429291,
        0.09489051252603531,
        0.08759123831987381,
        0.11678832024335861
    ],
    "val_cosine_similarity":[
        0.9975495934486389,
        0.9977479577064514,
        0.9978293776512146,
        0.9979203343391418,
        0.9980220198631287,
        0.9980172514915466,
        0.9980254769325256,
        0.998050332069397,
        0.9979879856109619,
        0.9980452060699463,
        0.9980406165122986,
        0.9980415105819702,
        0.9980034232139587,
        0.9980445504188538,
        0.9980406165122986,
        0.9980615973472595,
        0.9980632662773132,
        0.9979954361915588,
        0.9980508685112,
        0.9980294704437256,
        0.9980261325836182,
        0.9980013370513916,
        0.9980787038803101,
        0.998081386089325,
        0.9980846047401428
    ],
    "val_loss":[
        0.00948465708643198,
        0.006484610494226217,
        0.010200110264122486,
        0.0060586994513869286,
        0.004822542425245047,
        0.0048053027130663395,
        0.008229698054492474,
        0.004716371186077595,
        0.005323772318661213,
        0.006520288996398449,
        0.004350016824901104,
        0.004537839908152819,
        0.005316776689141989,
        0.004983644466847181,
        0.004247812554240227,
        0.004447236657142639,
        0.004310367163270712,
        0.004273808561265469,
        0.004402985796332359,
        0.004611496347934008,
        0.004318106919527054,
        0.004497674759477377,
        0.004452552180737257,
        0.004521253984421492,
        0.004295299760997295
    ],
    "val_mean_absolute_error":[
        0.08003921061754227,
        0.06378595530986786,
        0.08398761600255966,
        0.06282949447631836,
        0.053865715861320496,
        0.05468497797846794,
        0.07110586762428284,
        0.052423249930143356,
        0.0582234263420105,
        0.06551755964756012,
        0.05050697922706604,
        0.05282158777117729,
        0.058439116925001144,
        0.05344889312982559,
        0.050130728632211685,
        0.052297789603471756,
        0.05077226832509041,
        0.04981410130858421,
        0.049730926752090454,
        0.05083213746547699,
        0.050115786492824554,
        0.051709674298763275,
        0.050328079611063004,
        0.05108876898884773,
        0.04985552653670311
    ],
    "val_mean_squared_error":[
        0.00948465708643198,
        0.006484610494226217,
        0.010200110264122486,
        0.0060586994513869286,
        0.004822542425245047,
        0.0048053027130663395,
        0.008229698054492474,
        0.004716371186077595,
        0.005323772318661213,
        0.006520288996398449,
        0.004350016824901104,
        0.004537839908152819,
        0.005316776689141989,
        0.004983644466847181,
        0.004247812554240227,
        0.004447236657142639,
        0.004310367163270712,
        0.004273808561265469,
        0.004402985796332359,
        0.004611496347934008,
        0.004318106919527054,
        0.004497674759477377,
        0.004452552180737257,
        0.004521253984421492,
        0.004295299760997295
    ]
}