{
    "accuracy":[
        0.0679730549454689,
        0.06258419901132584,
        0.0661359429359436,
        0.0657685250043869,
        0.07042253762483597,
        0.07262706756591797,
        0.0738518089056015,
        0.0778934508562088,
        0.0797305554151535,
        0.08181261271238327,
        0.07617881149053574,
        0.08242498338222504,
        0.09124311059713364,
        0.08401714265346527,
        0.08573178201913834,
        0.08499693870544434,
        0.08034292608499527,
        0.08426209539175034,
        0.0771586000919342,
        0.0841396227478981,
        0.0947948545217514
    ],
    "cosine_similarity":[
        0.8479176163673401,
        0.8016880750656128,
        0.7939257025718689,
        0.7970197200775146,
        0.8010922074317932,
        0.806861400604248,
        0.8121751546859741,
        0.8225669860839844,
        0.8187304139137268,
        0.8264869451522827,
        0.8190162181854248,
        0.8176400065422058,
        0.8249103426933289,
        0.8350064754486084,
        0.8363482356071472,
        0.8313686847686768,
        0.8235100507736206,
        0.831845760345459,
        0.833566427230835,
        0.8346874117851257,
        0.8362403512001038
    ],
    "loss":[
        0.002840423723682761,
        0.0013655656948685646,
        0.0011666235513985157,
        0.0010334207909181714,
        0.001007277867756784,
        0.0009703873656690121,
        0.0008933902718126774,
        0.0008878299267962575,
        0.0008926872978918254,
        0.0008211582317017019,
        0.0008465744322165847,
        0.000812728307209909,
        0.0007745440816506743,
        0.0007428001263178885,
        0.0007747988565824926,
        0.000756411871407181,
        0.0007267415639944375,
        0.0007349909865297377,
        0.0007368543301708996,
        0.000708659237716347,
        0.000685891427565366
    ],
    "mean_absolute_error":[
        0.028729461133480072,
        0.02375483699142933,
        0.023069459944963455,
        0.02191346511244774,
        0.021820679306983948,
        0.021292872726917267,
        0.020549103617668152,
        0.02006879821419716,
        0.020388202741742134,
        0.019632931798696518,
        0.019714253023266792,
        0.019445788115262985,
        0.019062234088778496,
        0.018557822331786156,
        0.01865663193166256,
        0.01873510703444481,
        0.018298378214240074,
        0.01847270131111145,
        0.018434064462780952,
        0.018009763211011887,
        0.017978277057409286
    ],
    "mean_squared_error":[
        0.002840423723682761,
        0.0013655656948685646,
        0.0011666235513985157,
        0.0010334207909181714,
        0.0010072779841721058,
        0.0009703873656690121,
        0.0008933903300203383,
        0.0008878299267962575,
        0.0008926872978918254,
        0.0008211582317017019,
        0.0008465744322165847,
        0.000812728307209909,
        0.0007745440816506743,
        0.0007428001263178885,
        0.0007747988565824926,
        0.000756411871407181,
        0.0007267415639944375,
        0.0007349909865297377,
        0.0007368543301708996,
        0.000708659237716347,
        0.000685891427565366
    ],
    "val_accuracy":[
        0.08374142646789551,
        0.05044074356555939,
        0.05582762137055397,
        0.0959843322634697,
        0.04946131259202957,
        0.054848186671733856,
        0.07002938538789749,
        0.07590597122907639,
        0.10333006829023361,
        0.11606268584728241,
        0.06268364191055298,
        0.1155729666352272,
        0.0514201745390892,
        0.08227228373289108,
        0.064152792096138,
        0.06562194228172302,
        0.056807052344083786,
        0.05876591429114342,
        0.05044074356555939,
        0.09500489383935928,
        0.07394710928201675
    ],
    "val_cosine_similarity":[
        0.9963498711585999,
        0.9840535521507263,
        0.9747025966644287,
        0.9975196123123169,
        0.8024512529373169,
        0.9980373382568359,
        0.9966997504234314,
        0.9962277412414551,
        0.9976918697357178,
        0.9978440999984741,
        0.9948317408561707,
        0.9981330037117004,
        0.9978317618370056,
        0.9979100227355957,
        0.9979227185249329,
        0.9981518387794495,
        0.9971979260444641,
        0.9979463219642639,
        0.9966906905174255,
        0.9981659054756165,
        0.9975872039794922
    ],
    "val_loss":[
        0.0005061820847913623,
        0.0003449835639912635,
        0.0003953809500671923,
        0.000612939998973161,
        0.0003260693047195673,
        0.0006005913601256907,
        0.000300976651487872,
        0.00032499400549568236,
        0.00033125243498943746,
        0.00030573969706892967,
        0.00029740898753516376,
        0.0005790505092591047,
        0.0003122203634120524,
        0.0003077835135627538,
        0.0007939271163195372,
        0.00035481437225826085,
        0.0003117558662779629,
        0.0005743511137552559,
        0.0004994998453184962,
        0.00031270721228793263,
        0.00031061304616741836
    ],
    "val_mean_absolute_error":[
        0.014238255098462105,
        0.009266289882361889,
        0.010339387692511082,
        0.01628490351140499,
        0.01100748311728239,
        0.016380958259105682,
        0.008738008327782154,
        0.009543703868985176,
        0.011526844464242458,
        0.009363256394863129,
        0.008181190118193626,
        0.016218185424804688,
        0.010421202518045902,
        0.010966205969452858,
        0.0158704724162817,
        0.013138756155967712,
        0.009424353018403053,
        0.013229245319962502,
        0.012073873542249203,
        0.010203816927969456,
        0.009438064880669117
    ],
    "val_mean_squared_error":[
        0.0005061820847913623,
        0.0003449835639912635,
        0.0003953809500671923,
        0.000612939998973161,
        0.0003260693047195673,
        0.0006005913601256907,
        0.00030097662238404155,
        0.00032499400549568236,
        0.00033125243498943746,
        0.0003057396679650992,
        0.00029740898753516376,
        0.0005790505092591047,
        0.0003122203634120524,
        0.0003077835717704147,
        0.0007939271163195372,
        0.00035481437225826085,
        0.0003117558662779629,
        0.0005743511137552559,
        0.0004994998453184962,
        0.00031270721228793263,
        0.00031061304616741836
    ]
}