{"Strategy Metrics": {"Daily Swing Trade Return": 273.0507230000002, "Buy & Hold Return": 96.20500200000001, "Auto13($22000) Return": 15922.17745200004}, "Model Metrics": {"loss": 1926.7708740234375, "mean_squared_error": 1926.7708740234375, "mean_absolute_error": 38.310272216796875, "accuracy": 0.3186813294887543, "cosine_proximity": 0.9998748302459717}, "Class Metrics": {"f1_monark": 0.6746560142032845, "accuracy": 0.6344139650872818, "precision": 0.6338615512927439, "recall": 0.7210626185958254, "roc auc": 0.6297216352705731}}