{"Strategy Metrics": {"Daily Swing Trade Return": 252.58845899999986, "Buy & Hold Return": -6.804230999999999, "Auto13($22000) Return": 172508.76641099993}, "Model Metrics": {"loss": 421.45819091796875, "mean_squared_error": 421.45819091796875, "mean_absolute_error": 19.31830596923828, "accuracy": 0.04250295087695122, "cosine_similarity": 0.9994432330131531}, "Class Metrics": {"f1_monark": 0.9270625747309685, "accuracy": 0.9283476898981989, "precision": 0.9150275373721479, "recall": 0.9394184168012925, "roc auc": 0.9286757737501903}}