{"Strategy Metrics": {"Daily Swing Trade Return": 63.310004000000006, "Buy & Hold Return": -25.909999000000006, "Auto13($22000) Return": 13228.940329999983}, "Model Metrics": {"loss": 614.7352905273438, "mean_squared_error": 614.7352905273438, "mean_absolute_error": 20.930234909057617, "accuracy": 0.25206610560417175, "cosine_proximity": 0.9740317463874817}, "Class Metrics": {"f1_monark": 0.7639484978540774, "accuracy": 0.7764227642276422, "precision": 0.7606837606837606, "recall": 0.7672413793103449, "roc auc": 0.7759283819628647}}