{"Strategy Metrics": {"Daily Swing Trade Return": 22.090000000000003, "Buy & Hold Return": -1.8499999999999996, "Auto13($22000) Return": 28288.769999999975}, "Model Metrics": {"loss": 22.982786178588867, "mean_squared_error": 22.982786178588867, "mean_absolute_error": 4.6674346923828125, "accuracy": 0.15774647891521454, "cosine_similarity": 0.9916692972183228}, "Class Metrics": {"f1_monark": 0.9487870619946093, "accuracy": 0.9483695652173914, "precision": 0.9565217391304348, "recall": 0.9411764705882353, "roc auc": 0.9484887877803055}}