{
    "accuracy":[
        0.34580567479133606,
        0.332528680562973,
        0.3192516565322876,
        0.3548581898212433,
        0.3258901536464691,
        0.3494266867637634,
        0.33735665678977966,
        0.32287266850471497,
        0.3337356746196747,
        0.3252866566181183,
        0.34580567479133606,
        0.3464091718196869,
        0.32226917147636414,
        0.34097766876220703,
        0.3283041715621948,
        0.332528680562973,
        0.34580567479133606,
        0.3494266867637634,
        0.3343391716480255,
        0.3283041715621948,
        0.3355461657047272,
        0.30175015330314636,
        0.3355461657047272,
        0.3355461657047272,
        0.34097766876220703,
        0.33916717767715454,
        0.3355461657047272,
        0.33675315976142883,
        0.33977067470550537,
        0.35003018379211426,
        0.34158116579055786,
        0.35787567496299744,
        0.332528680562973,
        0.3385636806488037
    ],
    "cosine_similarity":[
        0.8924496173858643,
        0.877714991569519,
        0.8773436546325684,
        0.874849796295166,
        0.8667141795158386,
        0.8596047163009644,
        0.8633580803871155,
        0.8716203570365906,
        0.8669852018356323,
        0.8571305274963379,
        0.8674952983856201,
        0.8576229214668274,
        0.8550450801849365,
        0.877183198928833,
        0.8723937273025513,
        0.8772715926170349,
        0.8552651405334473,
        0.8679633140563965,
        0.859505832195282,
        0.8557621240615845,
        0.866481363773346,
        0.8777356147766113,
        0.8667372465133667,
        0.8827952742576599,
        0.8765560388565063,
        0.8701207041740417,
        0.870564877986908,
        0.8822479844093323,
        0.8784645199775696,
        0.8746923804283142,
        0.8673914670944214,
        0.8762825131416321,
        0.8674472570419312,
        0.8767208456993103
    ],
    "loss":[
        0.0003790398477576673,
        0.00011022460967069492,
        8.236341818701476e-05,
        6.986462540226057e-05,
        6.794316868763417e-05,
        6.892387318657711e-05,
        6.158303585834801e-05,
        5.929184044362046e-05,
        5.762259752373211e-05,
        6.0857561038574204e-05,
        5.3320058214012533e-05,
        5.346285252016969e-05,
        5.5710766901029274e-05,
        5.0948310672538355e-05,
        4.996965799364261e-05,
        5.346149191609584e-05,
        5.391450395109132e-05,
        4.9609872803557664e-05,
        5.6654505897313356e-05,
        4.9645346734905615e-05,
        4.335111952968873e-05,
        4.613233977579512e-05,
        4.651704875868745e-05,
        4.683106453740038e-05,
        4.8631467507220805e-05,
        4.299533611629158e-05,
        4.489288039621897e-05,
        4.453204383025877e-05,
        4.487864498514682e-05,
        3.952350016334094e-05,
        4.6625773393316194e-05,
        4.242471186444163e-05,
        4.754556357511319e-05,
        4.357072975835763e-05
    ],
    "mean_absolute_error":[
        0.012797788716852665,
        0.007956618443131447,
        0.006927948910742998,
        0.006365406792610884,
        0.00638405280187726,
        0.006528652273118496,
        0.00609331950545311,
        0.00595723045989871,
        0.005833783652633429,
        0.006056085228919983,
        0.005696665495634079,
        0.005711053963750601,
        0.0058613307774066925,
        0.005593021400272846,
        0.005391358397901058,
        0.005642738193273544,
        0.005728183314204216,
        0.00548945739865303,
        0.00584510900080204,
        0.005511668976396322,
        0.005123274866491556,
        0.0052401227876544,
        0.005223169457167387,
        0.005310472566634417,
        0.005408747121691704,
        0.0051481095142662525,
        0.005183307453989983,
        0.005183807108551264,
        0.005158731713891029,
        0.0048803226090967655,
        0.0052782646380364895,
        0.005015589762479067,
        0.005319751333445311,
        0.005108277779072523
    ],
    "mean_squared_error":[
        0.0003790398477576673,
        0.00011022460967069492,
        8.236341818701476e-05,
        6.986462540226057e-05,
        6.794316868763417e-05,
        6.892387318657711e-05,
        6.158303585834801e-05,
        5.929184044362046e-05,
        5.762259752373211e-05,
        6.0857561038574204e-05,
        5.3320058214012533e-05,
        5.346285252016969e-05,
        5.5710766901029274e-05,
        5.0948310672538355e-05,
        4.996965799364261e-05,
        5.346149191609584e-05,
        5.391450395109132e-05,
        4.960986552760005e-05,
        5.6654505897313356e-05,
        4.9645346734905615e-05,
        4.335111952968873e-05,
        4.613233977579512e-05,
        4.651704875868745e-05,
        4.683106453740038e-05,
        4.8631467507220805e-05,
        4.299533611629158e-05,
        4.489288039621897e-05,
        4.453204383025877e-05,
        4.487864498514682e-05,
        3.952350016334094e-05,
        4.6625773393316194e-05,
        4.242471186444163e-05,
        4.754556357511319e-05,
        4.357072975835763e-05
    ],
    "val_accuracy":[
        0.4144578278064728,
        0.39759036898612976,
        0.3831325173377991,
        0.2867469787597656,
        0.2987951934337616,
        0.2506024241447449,
        0.30361446738243103,
        0.2867469787597656,
        0.3421686887741089,
        0.34939759969711304,
        0.4144578278064728,
        0.3012048304080963,
        0.36626505851745605,
        0.4048192799091339,
        0.30602410435676575,
        0.3469879627227783,
        0.3445783257484436,
        0.24337349832057953,
        0.3831325173377991,
        0.33493974804878235,
        0.2530120611190796,
        0.3903614580631256,
        0.24337349832057953,
        0.3903614580631256,
        0.24337349832057953,
        0.35421687364578247,
        0.3421686887741089,
        0.24337349832057953,
        0.4144578278064728,
        0.3903614580631256,
        0.3590361475944519,
        0.24337349832057953,
        0.34939759969711304,
        0.4144578278064728
    ],
    "val_cosine_similarity":[
        0.5110378265380859,
        0.9752657413482666,
        0.7846704125404358,
        0.9435170888900757,
        0.999254047870636,
        0.9975274801254272,
        0.9992568492889404,
        0.9398108720779419,
        0.9967418313026428,
        0.9988501071929932,
        0.5636678338050842,
        0.9981537461280823,
        0.9971815943717957,
        0.9986541867256165,
        0.9993058443069458,
        0.9984918236732483,
        0.9988028407096863,
        0.999060332775116,
        0.9981710314750671,
        0.8096688389778137,
        0.9990218281745911,
        0.9992870092391968,
        0.9991938471794128,
        0.8137715458869934,
        0.9922224879264832,
        0.9950981140136719,
        0.9412156939506531,
        0.9983000159263611,
        0.998809814453125,
        0.9993460178375244,
        0.7448217272758484,
        0.9991747736930847,
        0.9993191957473755,
        0.999038815498352
    ],