{"Strategy Metrics": {"Daily Swing Trade Return": 46523.239742000034, "Buy & Hold Return": 9192.542725000001, "Auto13($22000) Return": 93046.47948400019}, "Model Metrics": {"loss": 75110568.0, "mean_squared_error": 75110568.0, "mean_absolute_error": 8336.9560546875, "accuracy": 0.11819595843553543, "cosine_proximity": 0.9993236660957336}, "Class Metrics": {"f1_monark": 0.7128427128427129, "accuracy": 0.6924265842349304, "precision": 0.7097701149425287, "recall": 0.7159420289855073, "roc auc": 0.690752471446396}}