{"Strategy Metrics": {"Daily Swing Trade Return": 203.67729399999982, "Buy & Hold Return": -6.6023070000000015, "Auto13($22000) Return": 57295.69671800002}, "Model Metrics": {"loss": 419.9006042480469, "mean_squared_error": 419.9006042480469, "mean_absolute_error": 19.275554656982422, "accuracy": 0.13949842751026154, "cosine_proximity": 0.9998407363891602}, "Class Metrics": {"f1_monark": 0.7818831942789035, "accuracy": 0.7851272015655577, "precision": 0.7699530516431925, "recall": 0.7941888619854721, "roc auc": 0.7853923033331616}}