{
    "accuracy":[
        0.1735241562128067,
        0.1753130555152893,
        0.170840784907341,
        0.1806797832250595,
        0.1690518856048584,
        0.170840784907341,
        0.1783542037010193,
        0.18479427695274353,
        0.1837209314107895,
        0.18014311790466309,
        0.17871198058128357,
        0.17996421456336975,
        0.18568873405456543,
        0.18855097889900208,
        0.18944543600082397,
        0.18032200634479523,
        0.17906977236270905,
        0.186404287815094,
        0.17781753838062286,
        0.18014311790466309,
        0.18944543600082397,
        0.18765653669834137,
        0.18658319115638733,
        0.19123435020446777,
        0.1846153885126114,
        0.18443650007247925,
        0.17692308127880096,
        0.18032200634479523,
        0.18533094227313995,
        0.19051878154277802,
        0.18407870829105377,
        0.19821108877658844,
        0.17334525287151337,
        0.17459750175476074,
        0.1819320172071457,
        0.186404287815094,
        0.1851520538330078,
        0.18926654756069183,
        0.18032200634479523,
        0.1837209314107895,
        0.17942754924297333,
        0.18264758586883545,
        0.19033989310264587,
        0.1926654726266861,
        0.17853309214115143,
        0.1765652894973755,
        0.1824686974287033,
        0.1872987449169159,
        0.18300536274909973,
        0.1851520538330078,
        0.1788908839225769
    ],
    "cosine_similarity":[
        0.7003109455108643,
        0.7530128359794617,
        0.748191773891449,
        0.7720507383346558,
        0.7774327397346497,
        0.8039958477020264,
        0.7963101863861084,
        0.8144388794898987,
        0.8275094628334045,
        0.8303099274635315,
        0.8243540525436401,
        0.826598584651947,
        0.8281111121177673,
        0.8293340802192688,
        0.841525673866272,
        0.8311426639556885,
        0.8366391658782959,
        0.8431401252746582,
        0.8346034288406372,
        0.8231149911880493,
        0.8319229483604431,
        0.8436286449432373,
        0.8422218561172485,
        0.8379238843917847,
        0.8250824809074402,
        0.8508801460266113,
        0.8450262546539307,
        0.844139575958252,
        0.8331387639045715,
        0.8413405418395996,
        0.8467178344726562,
        0.8528037071228027,
        0.8474719524383545,
        0.8280267119407654,
        0.8375952243804932,
        0.8506525754928589,
        0.8451253175735474,
        0.8460344672203064,
        0.8527039885520935,
        0.8478146195411682,
        0.837809145450592,
        0.8560182452201843,
        0.8460736870765686,
        0.8430720567703247,
        0.8513727784156799,
        0.8501855134963989,
        0.857078492641449,
        0.8550460934638977,
        0.8545457124710083,
        0.8473221659660339,
        0.8372684121131897
    ],
    "loss":[
        1.3859732462151442e-05,
        6.450112778111361e-06,
        6.122355898696696e-06,
        4.752357654069783e-06,
        5.134339062351501e-06,
        3.923468739230884e-06,
        4.155423084739596e-06,
        4.042617547383998e-06,
        3.473523975117132e-06,
        3.54696248905384e-06,
        3.5980690427095396e-06,
        3.675185553220217e-06,
        3.4439985938661266e-06,
        3.4185486583737656e-06,
        3.144321681247675e-06,
        2.938041234301636e-06,
        3.206471546945977e-06,
        2.8970118819415802e-06,
        3.2357208965549944e-06,
        3.0345488539751386e-06,
        2.9604273095173994e-06,
        2.9571515369752888e-06,
        2.9757236461591674e-06,
        3.128255912088207e-06,
        2.93478069579578e-06,
        2.972413540192065e-06,
        2.6602722300594905e-06,
        2.9278442070790334e-06,
        2.954574483737815e-06,
        2.887727760025882e-06,
        2.7824967219203245e-06,
        2.550817725932575e-06,
        2.4682219645910664e-06,
        3.1298259273171425e-06,
        2.8198464860906824e-06,
        2.9544828521466115e-06,
        2.605077725092997e-06,
        2.4932692213042174e-06,
        2.5058759547391674e-06,
        2.793268322420772e-06,
        2.8270108032302232e-06,
        2.514765810701647e-06,
        2.6813233944267267e-06,
        2.7112787392979953e-06,
        2.530815891077509e-06,
        2.6046395760204177e-06,
        2.6761615572468145e-06,
        2.7418293484515743e-06,
        2.578442945377901e-06,
        2.2618044113187352e-06,
        2.970209834529669e-06
    ],
    "mean_absolute_error":[
        0.0022679737303406,
        0.0016263746656477451,
        0.001589680789038539,
        0.0014216435374692082,
        0.0014606977347284555,
        0.0012710588052868843,
        0.0013181372778490186,
        0.0012770583853125572,
        0.001152746961452067,
        0.0011877421056851745,
        0.0011872518807649612,
        0.001173679018393159,
        0.0011494701029732823,
        0.001133822137489915,
        0.0010800888994708657,
        0.001056042150594294,
        0.0011034368071705103,
        0.001040763920173049,
        0.0011189235374331474,
        0.001055122702382505,
        0.0010649540927261114,
        0.0010349065996706486,
        0.0010318475542590022,
        0.001073933206498623,
        0.001068799407221377,
        0.0010324455797672272,
        0.0010097736958414316,
        0.0010408693924546242,
        0.0010509786661714315,
        0.0010236469097435474,
        0.00101518165320158,
        0.0009595354786142707,
        0.0009679231443442404,
        0.001068107783794403,
        0.0009860699065029621,
        0.0010292468359693885,
        0.0009592483402229846,
        0.0009834787342697382,
        0.0009487607749179006,
        0.0010126116685569286,
        0.001022869604639709,
        0.0009566007065586746,
        0.0009550455142743886,
        0.0009841056307777762,
        0.0009188771364279091,
        0.0009696311899460852,
        0.000957014795858413,
        0.0009545546490699053,
        0.0009542986517772079,
        0.0009200011845678091,
        0.0010246883612126112
    ],
    "mean_squared_error":[
        1.3859732462151442e-05,
        6.450111413869308e-06,
        6.122355898696696e-06,
        4.752357654069783e-06,
        5.134339062351501e-06,
        3.923468739230884e-06,
        4.155423084739596e-06,
        4.042617547383998e-06,
        3.473523975117132e-06,
        3.54696248905384e-06,
        3.5980690427095396e-06,
        3.675185553220217e-06,
        3.4439985938661266e-06,
        3.4185486583737656e-06,
        3.144321681247675e-06,
        2.938041234301636e-06,
        3.206471546945977e-06,
        2.8970118819415802e-06,
        3.2357204418076435e-06,
        3.0345488539751386e-06,
        2.9604273095173994e-06,
        2.957151764348964e-06,
        2.9757236461591674e-06,
        3.128255912088207e-06,
        2.93478069579578e-06,
        2.972413540192065e-06,
        2.660272002685815e-06,
        2.9278446618263843e-06,
        2.954574483737815e-06,
        2.887727760025882e-06,
        2.7824967219203245e-06,
        2.550817725932575e-06,
        2.4682219645910664e-06,
        3.1298259273171425e-06,
        2.8198464860906824e-06,
        2.9544828521466115e-06,
        2.605077725092997e-06,
        2.4932692213042174e-06,
        2.5058759547391674e-06,
        2.793268322420772e-06,
        2.8270108032302232e-06,
        2.514765810701647e-06,
        2.6813233944267267e-06,
        2.7112787392979953e-06,
        2.530815891077509e-06,
        2.6046395760204177e-06,
        2.6761615572468145e-06,
        2.7418293484515743e-06,
        2.578442945377901e-06,
        2.2618044113187352e-06,
        2.970209834529669e-06
    ],