{
    "accuracy":[
        0.10488400608301163,
        0.09865690022706985,
        0.10866910964250565,
        0.11819291859865189,
        0.11526251584291458,
        0.11086691170930862,
        0.11379731446504593,
        0.11074481159448624,
        0.11330891400575638,
        0.1150183156132698,
        0.11782661825418472,
        0.12014652043581009,
        0.12087912112474442,
        0.11648351699113846,
        0.11721611768007278
    ],
    "cosine_similarity":[
        0.8018448948860168,
        0.7576999068260193,
        0.7498956322669983,
        0.7645935416221619,
        0.7585291266441345,
        0.7693824172019958,
        0.7645519375801086,
        0.7624033689498901,
        0.7723587155342102,
        0.7756367325782776,
        0.7659558057785034,
        0.7818978428840637,
        0.7785024642944336,
        0.776291012763977,
        0.7687062621116638
    ],
    "loss":[
        0.006174684036523104,
        0.002431207802146673,
        0.001972401048988104,
        0.0017368855187669396,
        0.0017514213686808944,
        0.0016606365097686648,
        0.0016254654619842768,
        0.0015838603721931577,
        0.0016043834621086717,
        0.0014754101866856217,
        0.001614680397324264,
        0.0015639833873137832,
        0.0016047650715336204,
        0.0016007776139304042,
        0.0015113366534933448
    ],
    "mean_absolute_error":[
        0.04387427866458893,
        0.03309107571840286,
        0.03088829293847084,
        0.029223565012216568,
        0.029113955795764923,
        0.028389822691679,
        0.028382238000631332,
        0.02790919318795204,
        0.02791438065469265,
        0.027002552524209023,
        0.027852697297930717,
        0.027664532884955406,
        0.027714217081665993,
        0.027944639325141907,
        0.027322812005877495
    ],
    "mean_squared_error":[
        0.006174684036523104,
        0.002431207802146673,
        0.001972401048988104,
        0.0017368855187669396,
        0.0017514213686808944,
        0.0016606365097686648,
        0.0016254654619842768,
        0.0015838603721931577,
        0.0016043834621086717,
        0.0014754101866856217,
        0.001614680397324264,
        0.0015639833873137832,
        0.0016047650715336204,
        0.0016007773810997605,
        0.0015113366534933448
    ],
    "val_accuracy":[
        0.056640625,
        0.09130859375,
        0.07666015625,
        0.1103515625,
        0.0693359375,
        0.1865234375,
        0.08544921875,
        0.07861328125,
        0.1201171875,
        0.1181640625,
        0.0732421875,
        0.1259765625,
        0.0869140625,
        0.09619140625,
        0.08056640625
    ],
    "val_cosine_similarity":[
        0.9739210605621338,
        0.95572429895401,
        0.9936637282371521,
        0.9972048997879028,
        0.9986413717269897,
        0.9393042325973511,
        0.9986589550971985,
        0.9985909461975098,
        0.998443603515625,
        0.8424398899078369,
        0.7040550708770752,
        0.8157881498336792,
        0.9984821081161499,
        0.39848384261131287,
        0.9746794104576111
    ],
    "val_loss":[
        0.0007687380420975387,
        0.0003454908146522939,
        0.001287083956412971,
        0.0012247696286067367,
        0.0003661557275336236,
        0.0002513207437004894,
        0.0004469656269066036,
        0.00034934081486426294,
        0.0002473250206094235,
        0.00027045077877119184,
        0.00027783491532318294,
        0.0005503467400558293,
        0.00045724023948423564,
        0.0004192191699985415,
        0.000897702993825078
    ],
    "val_mean_absolute_error":[
        0.01487882062792778,
        0.009093007072806358,
        0.02004842832684517,
        0.01923946850001812,
        0.013601002283394337,
        0.008944512344896793,
        0.016076505184173584,
        0.011455259285867214,
        0.00895196944475174,
        0.010350555181503296,
        0.011414465494453907,
        0.015854381024837494,
        0.013098510913550854,
        0.016210712492465973,
        0.018040582537651062
    ],
    "val_mean_squared_error":[
        0.0007687380420975387,
        0.0003454908146522939,
        0.001287083956412971,
        0.0012247695121914148,
        0.0003661557275336236,
        0.0002513207437004894,
        0.0004469656269066036,
        0.0003493407857604325,
        0.0002473250206094235,
        0.00027045077877119184,
        0.00027783491532318294,
        0.0005503467400558293,
        0.00045724023948423564,
        0.00041921919910237193,
        0.000897702993825078
    ]
}