{
    "accuracy":[
        0.06583463400602341,
        0.06879875063896179,
        0.06895475834608078,
        0.07925117015838623,
        0.08065522462129593,
        0.0851794108748436,
        0.0892355665564537,
        0.09048362076282501,
        0.09079562872648239,
        0.08533541113138199,
        0.08611544221639633,
        0.0865834653377533,
        0.09594383835792542,
        0.0892355665564537
    ],
    "cosine_similarity":[
        0.5744588971138,
        0.5594163537025452,
        0.5635899901390076,
        0.5914722681045532,
        0.6095523834228516,
        0.601654052734375,
        0.6233581900596619,
        0.6235523819923401,
        0.6180330514907837,
        0.6319937109947205,
        0.6323332786560059,
        0.6309648752212524,
        0.635096549987793,
        0.6458701491355896
    ],
    "loss":[
        8.23931404738687e-05,
        5.3914907766738907e-05,
        4.0253282350022346e-05,
        4.0960894693853334e-05,
        3.39163925673347e-05,
        3.419081986066885e-05,
        2.958836375910323e-05,
        2.9338243621168658e-05,
        2.9340195396798663e-05,
        2.7824366043205373e-05,
        2.7399262762628496e-05,
        2.8545764507725835e-05,
        2.641193896124605e-05,
        2.6044803234981373e-05
    ],
    "mean_absolute_error":[
        0.0055092498660087585,
        0.004764751065522432,
        0.004140897188335657,
        0.004116469994187355,
        0.003746295114979148,
        0.0036404619459062815,
        0.0033631394617259502,
        0.0034385703038424253,
        0.0034407025668770075,
        0.003288633655756712,
        0.0032738593872636557,
        0.0033111232332885265,
        0.003186446148902178,
        0.003155002137646079
    ],
    "mean_squared_error":[
        8.23931404738687e-05,
        5.3914907766738907e-05,
        4.0253282350022346e-05,
        4.0960894693853334e-05,
        3.39163925673347e-05,
        3.419081986066885e-05,
        2.958836375910323e-05,
        2.9338243621168658e-05,
        2.9340195396798663e-05,
        2.7824366043205373e-05,
        2.7399262762628496e-05,
        2.8545764507725835e-05,
        2.641193896124605e-05,
        2.6044803234981373e-05
    ],
    "val_accuracy":[
        0.056144729256629944,
        0.048658765852451324,
        0.14971928298473358,
        0.0661260113120079,
        0.07797878980636597,
        0.14847160875797272,
        0.08109793812036514,
        0.05552089959383011,
        0.16344355046749115,
        0.06051154062151909,
        0.11353711783885956,
        0.1590767353773117,
        0.16718652844429016,
        0.09544603526592255
    ],
    "val_cosine_similarity":[
        0.9949361085891724,
        0.9950016736984253,
        0.9052573442459106,
        0.9892269968986511,
        0.99561607837677,
        -0.09661605954170227,
        0.5840494632720947,
        0.9963254928588867,
        0.7758586406707764,
        0.4955579936504364,
        0.9965932965278625,
        0.660987913608551,
        0.1190720722079277,
        0.5410071611404419
    ],
    "val_loss":[
        4.538056964520365e-05,
        2.020230022026226e-05,
        1.9299503037473187e-05,
        4.112593614991056e-06,
        3.830922287306748e-05,
        1.5391598935821094e-05,
        7.95236792328069e-06,
        4.9577836762182415e-05,
        9.1444080680958e-06,
        7.725625437160488e-06,
        9.187868272420019e-06,
        2.2077814719523303e-05,
        8.17036834632745e-06,
        4.8940723900159355e-06
    ],
    "val_mean_absolute_error":[
        0.006411528214812279,
        0.0036752582527697086,
        0.0017000328516587615,
        0.0009189824340865016,
        0.005189849063754082,
        0.0032418742775917053,
        0.0016089663840830326,
        0.00432171206921339,
        0.0016657640226185322,
        0.0018969645025208592,
        0.002399838762357831,
        0.0021545107010751963,
        0.0024409815669059753,
        0.0015140987234190106
    ],
    "val_mean_squared_error":[
        4.538056964520365e-05,
        2.020230022026226e-05,
        1.9299503037473187e-05,
        4.112593614991056e-06,
        3.830922287306748e-05,
        1.5391598935821094e-05,
        7.95236792328069e-06,
        4.9577836762182415e-05,
        9.1444080680958e-06,
        7.725625437160488e-06,
        9.187868272420019e-06,
        2.2077814719523303e-05,
        8.17036834632745e-06,
        4.8940723900159355e-06
    ]
}