{"Strategy Metrics": {"Daily Swing Trade Return": 92.85000000000002, "Buy & Hold Return": 1.5299999999999976, "Auto13($22000) Return": 38041.91}, "Model Metrics": {"loss": 135.0972442626953, "mean_squared_error": 135.0972442626953, "mean_absolute_error": 11.469812393188477, "accuracy": 0.3959227502346039, "cosine_similarity": 0.9998296499252319}, "Class Metrics": {"f1_monark": 0.8343685300207039, "accuracy": 0.8285101822079314, "precision": 0.8378378378378378, "recall": 0.8309278350515464, "roc auc": 0.8284103460972019}}