{"Strategy Metrics": {"Daily Swing Trade Return": 111.83000000000001, "Buy & Hold Return": 3.169999999999998, "Auto13($22000) Return": 66658.41999999994}, "Model Metrics": {"loss": 101.28003692626953, "mean_squared_error": 101.28003692626953, "mean_absolute_error": 9.463678359985352, "accuracy": 0.15083393454551697, "cosine_proximity": 0.9993435144424438}, "Class Metrics": {"f1_monark": 0.7717546362339515, "accuracy": 0.7686189443239335, "precision": 0.7750716332378224, "recall": 0.7684659090909091, "roc auc": 0.768621761614674}}