{"Strategy Metrics": {"Daily Swing Trade Return": 156.57307299999974, "Buy & Hold Return": -6.669615000000001, "Auto13($22000) Return": 28302.361791999967}, "Model Metrics": {"loss": 421.43310546875, "mean_squared_error": 421.43310546875, "mean_absolute_error": 19.3182315826416, "accuracy": 0.06331104785203934, "cosine_similarity": 0.9994980692863464}, "Class Metrics": {"f1_monark": 0.6949220311875249, "accuracy": 0.7014866979655712, "precision": 0.6885895404120443, "recall": 0.7013720742534302, "roc auc": 0.7014833036415214}}