{
    "accuracy":[
        0.2093731015920639,
        0.21424223482608795,
        0.2093731015920639,
        0.2197200208902359,
        0.21363359689712524,
        0.20146074891090393,
        0.24771758913993835,
        0.22276324033737183,
        0.20206938683986664,
        0.22154594957828522,
        0.20876444876194,
        0.2550213038921356,
        0.2294583022594452,
        0.22276324033737183,
        0.22824102640151978,
        0.2197200208902359,
        0.21424223482608795,
        0.2318928837776184,
        0.22763237357139587,
        0.21119903028011322,
        0.22641509771347046,
        0.21119903028011322,
        0.20511260628700256,
        0.21850274503231049,
        0.22824102640151978,
        0.22398051619529724,
        0.21667681634426117,
        0.21850274503231049,
        0.21485088765621185,
        0.21119903028011322,
        0.2294583022594452,
        0.22519780695438385,
        0.21424223482608795,
        0.2191113829612732,
        0.21606816351413727,
        0.2203286737203598,
        0.2556299567222595,
        0.21302495896816254,
        0.23737066984176636,
        0.21180766820907593,
        0.23432745039463043,
        0.22215460240840912,
        0.2318928837776184,
        0.21789409220218658,
        0.2093731015920639,
        0.21180766820907593,
        0.22398051619529724,
        0.21667681634426117,
        0.22824102640151978,
        0.23737066984176636,
        0.22337187826633453,
        0.2203286737203598,
        0.2197200208902359,
        0.20693852007389069
    ],
    "cosine_similarity":[
        0.9457516074180603,
        0.9559482336044312,
        0.9379304051399231,
        0.9552686214447021,
        0.9511784911155701,
        0.9564139246940613,
        0.9383676648139954,
        0.9567753672599792,
        0.9525745511054993,
        0.957800030708313,
        0.9446675181388855,
        0.9389743804931641,
        0.9529192447662354,
        0.9476610422134399,
        0.9625967144966125,
        0.9519910216331482,
        0.9510103464126587,
        0.9476425051689148,
        0.9617108702659607,
        0.9496549367904663,
        0.9599508047103882,
        0.9623755216598511,
        0.9559088945388794,
        0.9551064372062683,
        0.95231693983078,
        0.9498844742774963,
        0.9586663246154785,
        0.9570828080177307,
        0.9638624787330627,
        0.9494538307189941,
        0.9605087041854858,
        0.964815616607666,
        0.9544221758842468,
        0.9518512487411499,
        0.9600405693054199,
        0.952105700969696,
        0.9661573767662048,
        0.9583773016929626,
        0.9466181993484497,
        0.9509478807449341,
        0.9701208472251892,
        0.9670054912567139,
        0.9688795804977417,
        0.9614628553390503,
        0.9661210179328918,
        0.9638972878456116,
        0.9695008397102356,
        0.9587648510932922,
        0.9653382897377014,
        0.9631136059761047,
        0.9665672779083252,
        0.9632558822631836,
        0.9710589051246643,
        0.969085693359375
    ],
    "loss":[
        0.0002738100301939994,
        5.933369538979605e-05,
        5.78530271013733e-05,
        4.4596687075681984e-05,
        4.47512065875344e-05,
        4.2422947444720194e-05,
        3.959392415708862e-05,
        3.869807187584229e-05,
        3.8849422708153725e-05,
        3.294447742518969e-05,
        3.5727025533560663e-05,
        3.476423444226384e-05,
        3.32072377204895e-05,
        3.4098138712579384e-05,
        3.112642662017606e-05,
        3.3232539863092825e-05,
        3.1005773053038865e-05,
        3.08227063214872e-05,
        2.7959109502262436e-05,
        2.9559234462794848e-05,
        2.9225255275378004e-05,
        2.7593290724325925e-05,
        2.9450400688801892e-05,
        2.9261298550409265e-05,
        2.820136614900548e-05,
        2.7701491490006447e-05,
        2.660585414560046e-05,
        2.773354390228633e-05,
        2.5140716388705187e-05,
        2.865327951440122e-05,
        2.667694388946984e-05,
        2.5955907403840683e-05,
        2.6335043003200553e-05,
        2.5349821953568608e-05,
        2.538624539738521e-05,
        2.7653768484015018e-05,
        2.4781495085335337e-05,
        2.6114046704606153e-05,
        2.552933437982574e-05,
        2.6999190595233813e-05,
        2.44271031988319e-05,
        2.3400416466756724e-05,
        2.225328717031516e-05,
        2.5422732505830936e-05,
        2.416041388642043e-05,
        2.5238941816496663e-05,
        2.39050332311308e-05,
        2.3281301764654927e-05,
        2.3436499759554863e-05,
        2.310819036210887e-05,
        2.4121665774146095e-05,
        2.4102741008391604e-05,
        2.2754771634936333e-05,
        2.3051121388562024e-05
    ],
    "mean_absolute_error":[
        0.009319493547081947,
        0.005713601130992174,
        0.005712395533919334,
        0.004947485402226448,
        0.0049549853429198265,
        0.004825696349143982,
        0.00477482657879591,
        0.00460765790194273,
        0.004630869720131159,
        0.004270808305591345,
        0.00446064630523324,
        0.004434577655047178,
        0.0042362818494439125,
        0.004358282778412104,
        0.004174426663666964,
        0.004267408512532711,
        0.004150204360485077,
        0.004171848762780428,
        0.0038810682017356157,
        0.00407226150855422,
        0.003983591683208942,
        0.003868882078677416,
        0.0040549663826823235,
        0.004026535898447037,
        0.003961725160479546,
        0.003935525193810463,
        0.003863771678879857,
        0.003920210525393486,
        0.003658072091639042,
        0.004013809375464916,
        0.0038084739353507757,
        0.003770869690924883,
        0.0037484930362552404,
        0.0037445665802806616,
        0.0037109411787241697,
        0.003916362766176462,
        0.0036426906008273363,
        0.0037727023009210825,
        0.003817762713879347,
        0.0038575015496462584,
        0.0036096852272748947,
        0.00354890339076519,
        0.003482008585706353,
        0.003712395438924432,
        0.0036147392820566893,
        0.0036828508600592613,
        0.003539778757840395,
        0.0035586580634117126,
        0.0035769541282206774,
        0.0035050201695412397,
        0.0036202885676175356,
        0.0036042919382452965,
        0.0034564551897346973,
        0.003496387042105198
    ],