{"Strategy Metrics": {"Daily Swing Trade Return": 133.05643999999987, "Buy & Hold Return": 96.91000199999999, "Auto13($22000) Return": 8996.674088000043}, "Model Metrics": {"loss": 1917.5941162109375, "mean_squared_error": 1917.5941162109375, "mean_absolute_error": 38.26488494873047, "accuracy": 0.13126252591609955, "cosine_proximity": 0.999730110168457}, "Class Metrics": {"f1_monark": 0.6325088339222615, "accuracy": 0.5848303393213573, "precision": 0.5917355371900826, "recall": 0.6793168880455408, "roc auc": 0.5796584440227703}}