{"Strategy Metrics": {"Daily Swing Trade Return": 34289.09472700003, "Buy & Hold Return": 1499.8193360000005, "Auto13($22000) Return": 68578.18945400006}, "Model Metrics": {"loss": 84537032.0, "mean_squared_error": 84537032.0, "mean_absolute_error": 9072.0947265625, "accuracy": 0.056603774428367615, "cosine_similarity": 0.9985207319259644}, "Class Metrics": {"f1_monark": 0.7788018433179723, "accuracy": 0.7803203661327232, "precision": 0.7934272300469484, "recall": 0.7647058823529411, "roc auc": 0.7805010893246187}}