{
    "accuracy":[
        0.16956162452697754,
        0.14226633310317993,
        0.17369727790355682,
        0.14143919944763184,
        0.16459883749485016,
        0.17452439665794373,
        0.14557485282421112,
        0.17783291637897491,
        0.1827957034111023,
        0.15715467929840088,
        0.16459883749485016,
        0.16046319901943207,
        0.15798179805278778,
        0.17204301059246063,
        0.16211745142936707,
        0.15798179805278778,
        0.1811414361000061,
        0.15963606536388397,
        0.17121587693691254,
        0.1811414361000061,
        0.16708023846149445,
        0.1852770894765854,
        0.17452439665794373,
        0.16873449087142944,
        0.1513647586107254,
        0.19520264863967896,
        0.180314302444458,
        0.16046319901943207,
        0.1852770894765854,
        0.16046319901943207,
        0.17700578272342682,
        0.16129031777381897,
        0.16294458508491516,
        0.1827957034111023,
        0.1794871836900711,
        0.1794871836900711,
        0.17287014424800873,
        0.16790735721588135,
        0.16294458508491516,
        0.17204301059246063,
        0.18775847554206848,
        0.1794871836900711,
        0.1844499558210373,
        0.20099255442619324,
        0.178660050034523,
        0.18941274285316467,
        0.18775847554206848,
        0.17287014424800873,
        0.17369727790355682,
        0.17452439665794373,
        0.1819685697555542,
        0.20760959386825562,
        0.1819685697555542,
        0.1811414361000061,
        0.19106699526309967
    ],
    "cosine_similarity":[
        0.807846188545227,
        0.8208693265914917,
        0.7644866108894348,
        0.7537283301353455,
        0.7562412619590759,
        0.7583910226821899,
        0.7287701964378357,
        0.7179273366928101,
        0.7339761853218079,
        0.7268760204315186,
        0.7130551934242249,
        0.7014195322990417,
        0.7388882637023926,
        0.7097263932228088,
        0.7324185967445374,
        0.7084500193595886,
        0.7344650626182556,
        0.7239155173301697,
        0.7152888774871826,
        0.7064977288246155,
        0.7196257710456848,
        0.7242720723152161,
        0.703111469745636,
        0.7213835120201111,
        0.7108128070831299,
        0.7242968678474426,
        0.703727126121521,
        0.698870837688446,
        0.7307197451591492,
        0.7130751013755798,
        0.7058756947517395,
        0.7524579763412476,
        0.7471809387207031,
        0.7183300256729126,
        0.7489816546440125,
        0.7326635122299194,
        0.7397310137748718,
        0.7460689544677734,
        0.7460342049598694,
        0.7265501022338867,
        0.7520677447319031,
        0.7069307565689087,
        0.7335506677627563,
        0.7294743061065674,
        0.7423257231712341,
        0.7494414448738098,
        0.7292833924293518,
        0.7417715787887573,
        0.723019003868103,
        0.7192959785461426,
        0.7161455750465393,
        0.7247756123542786,
        0.7245489358901978,
        0.7238223552703857,
        0.7596363425254822
    ],
    "loss":[
        0.008695940487086773,
        0.0047090440057218075,
        0.0033976659178733826,
        0.0033970829099416733,
        0.0028418609872460365,
        0.002760155824944377,
        0.0024622075725346804,
        0.00270098983310163,
        0.002674773335456848,
        0.0026210062205791473,
        0.0021792533807456493,
        0.0022249631583690643,
        0.0020772290881723166,
        0.0021814454812556505,
        0.0019503572257235646,
        0.0018773718038573861,
        0.00214983057230711,
        0.002104535698890686,
        0.0017710039392113686,
        0.002435198985040188,
        0.0020666602067649364,
        0.0018494823016226292,
        0.0020299353636801243,
        0.0016482186038047075,
        0.002012798562645912,
        0.0019596009515225887,
        0.0018097965512424707,
        0.002080290112644434,
        0.0020154500380158424,
        0.0017805083189159632,
        0.0017058271914720535,
        0.0018025117460638285,
        0.0016859250608831644,
        0.0016671079210937023,
        0.0017428201390430331,
        0.0016083575319498777,
        0.0015653830487281084,
        0.0018449039198458195,
        0.001501268008723855,
        0.0019057552563026547,
        0.0016970849828794599,
        0.001729216193780303,
        0.001833396265283227,
        0.0016449886607006192,
        0.0017366046085953712,
        0.0017779669724404812,
        0.0017906016437336802,
        0.0016835466958582401,
        0.0018896956462413073,
        0.0017081727273762226,
        0.0015067432541400194,
        0.0014462247490882874,
        0.0017324133077636361,
        0.001522315782494843,
        0.0015308820875361562
    ],
    "mean_absolute_error":[
        0.04870496690273285,
        0.036383725702762604,
        0.031986936926841736,
        0.03351807966828346,
        0.030443953350186348,
        0.03032251074910164,
        0.029383854940533638,
        0.029703659936785698,
        0.03182728588581085,
        0.030925549566745758,
        0.028234338387846947,
        0.029241932556033134,
        0.027938921004533768,
        0.028704218566417694,
        0.027498364448547363,
        0.027443304657936096,
        0.028349189087748528,
        0.02795458398759365,
        0.02718956209719181,
        0.0296961460262537,
        0.027738191187381744,
        0.02653416059911251,
        0.02866692654788494,
        0.026016395539045334,
        0.027407823130488396,
        0.02752518653869629,
        0.026764238253235817,
        0.027752913534641266,
        0.026835599914193153,
        0.026831548660993576,
        0.02633151039481163,
        0.025837786495685577,
        0.026263633742928505,
        0.02618161216378212,
        0.025600377470254898,
        0.02542906440794468,
        0.02476438134908676,
        0.025838619098067284,
        0.02354384772479534,
        0.026720339432358742,
        0.025320060551166534,
        0.025792013853788376,
        0.026087673380970955,
        0.02550351619720459,
        0.026522425934672356,
        0.02595866657793522,
        0.026235565543174744,
        0.025450067594647408,
        0.026597488671541214,
        0.025874808430671692,
        0.024156374856829643,
        0.024314183741807938,
        0.025914760306477547,
        0.024566663429141045,
        0.024388622492551804
    ],