{"Strategy Metrics": {"Daily Swing Trade Return": 225.40883099999988, "Buy & Hold Return": -6.6023070000000015, "Auto13($22000) Return": 90027.31293199996}, "Model Metrics": {"loss": 419.7303161621094, "mean_squared_error": 419.7303161621094, "mean_absolute_error": 19.271135330200195, "accuracy": 0.1547805666923523, "cosine_similarity": 0.9998366832733154}, "Class Metrics": {"f1_monark": 0.8369477911646587, "accuracy": 0.8410958904109589, "precision": 0.832933653077538, "recall": 0.841000807102502, "roc auc": 0.8410931087184242}}