{"Strategy Metrics": {"Daily Swing Trade Return": 598.8200519999994, "Buy & Hold Return": 93.91999900000002, "Auto13($22000) Return": 8457.64042900001}, "Model Metrics": {"loss": 38071.08203125, "mean_squared_error": 38071.078125, "mean_absolute_error": 191.72328186035156, "accuracy": 0.2907407283782959, "cosine_similarity": 0.9997549653053284}, "Class Metrics": {"f1_monark": 0.7408637873754154, "accuracy": 0.7132352941176471, "precision": 0.7124600638977636, "recall": 0.7716262975778547, "roc auc": 0.7093425605536332}}