{"Strategy Metrics": {"Daily Swing Trade Return": 93.47, "Buy & Hold Return": -0.2500000000000018, "Auto13($22000) Return": 42234.129999999976}, "Model Metrics": {"loss": 135.2803497314453, "mean_squared_error": 135.2803497314453, "mean_absolute_error": 11.475454330444336, "accuracy": 0.06010929122567177, "cosine_similarity": 0.9992438554763794}, "Class Metrics": {"f1_monark": 0.8478488982161595, "accuracy": 0.84375, "precision": 0.854122621564482, "recall": 0.8416666666666667, "roc auc": 0.8438244047619048}}