{"Strategy Metrics": {"Daily Swing Trade Return": 2148.1400230000004, "Buy & Hold Return": 34.70999899999998, "Auto13($22000) Return": 96749.183326}, "Model Metrics": {"loss": 21314.80859375, "mean_squared_error": 21314.80859375, "mean_absolute_error": 141.687255859375, "accuracy": 0.12408377230167389, "cosine_proximity": 0.9998998045921326}, "Class Metrics": {"f1_monark": 0.8161006289308177, "accuracy": 0.8088389121338913, "precision": 0.8005923000987167, "recall": 0.8322216521292971, "roc auc": 0.8083774927313152}}