{"Strategy Metrics": {"Daily Swing Trade Return": 130.86653499999994, "Buy & Hold Return": -8.284999999999998, "Auto13($22000) Return": 21797.097253999986}, "Model Metrics": {"loss": 420.755126953125, "mean_squared_error": 420.755126953125, "mean_absolute_error": 19.29283332824707, "accuracy": 0.28453364968299866, "cosine_similarity": 0.9998436570167542}, "Class Metrics": {"f1_monark": 0.6525389844062375, "accuracy": 0.6584119496855346, "precision": 0.6420141620771046, "recall": 0.6634146341463415, "roc auc": 0.6585718528418162}}