{"Strategy Metrics": {"Daily Swing Trade Return": 32927.53662100004, "Buy & Hold Return": 1499.8193360000005, "Auto13($22000) Return": 65855.07324200007}, "Model Metrics": {"loss": 84536720.0, "mean_squared_error": 84536720.0, "mean_absolute_error": 9072.076171875, "accuracy": 0.1674528270959854, "cosine_proximity": 0.9985135793685913}, "Class Metrics": {"f1_monark": 0.7419354838709677, "accuracy": 0.7437070938215103, "precision": 0.755868544600939, "recall": 0.7285067873303167, "roc auc": 0.7438830232947881}}