{
    "accuracy":[
        0.220703125,
        0.185546875,
        0.185546875,
        0.2109375,
        0.181640625,
        0.181640625,
        0.185546875,
        0.216796875,
        0.1484375,
        0.16796875,
        0.203125,
        0.193359375,
        0.15234375,
        0.208984375,
        0.16796875,
        0.1796875,
        0.197265625,
        0.1796875,
        0.1640625,
        0.177734375,
        0.205078125,
        0.193359375,
        0.181640625,
        0.1640625,
        0.185546875
    ],
    "cosine_similarity":[
        0.9460752010345459,
        0.9922295808792114,
        0.992904007434845,
        0.9938228130340576,
        0.9948540925979614,
        0.9949538111686707,
        0.9955424666404724,
        0.9959814548492432,
        0.9963228702545166,
        0.996311366558075,
        0.9969002604484558,
        0.9969220757484436,
        0.9970660209655762,
        0.997343897819519,
        0.9974737167358398,
        0.9976939558982849,
        0.9977720379829407,
        0.9978047013282776,
        0.9979370832443237,
        0.9980873465538025,
        0.9980776309967041,
        0.9981638193130493,
        0.9984549283981323,
        0.9982987642288208,
        0.9983635544776917
    ],
    "loss":[
        0.054096683859825134,
        0.014931921847164631,
        0.018644915893673897,
        0.012231276370584965,
        0.011677986942231655,
        0.011960528790950775,
        0.010513735003769398,
        0.011438872665166855,
        0.009266381151974201,
        0.010010750032961369,
        0.009315078146755695,
        0.008581971749663353,
        0.007877352647483349,
        0.007489022798836231,
        0.007436907850205898,
        0.007120631169527769,
        0.009031904861330986,
        0.0068320054560899734,
        0.006413543596863747,
        0.006723246071487665,
        0.0062238420359790325,
        0.00558242155238986,
        0.005967456381767988,
        0.005546737462282181,
        0.005979721434414387
    ],
    "mean_absolute_error":[
        0.16645801067352295,
        0.09323156625032425,
        0.10586755722761154,
        0.08397830277681351,
        0.08271563798189163,
        0.08400045335292816,
        0.07847312837839127,
        0.08113113045692444,
        0.07305362820625305,
        0.07622076570987701,
        0.07292042672634125,
        0.06918831169605255,
        0.06683595478534698,
        0.06627625226974487,
        0.06540518999099731,
        0.06288600713014603,
        0.07350769639015198,
        0.062383342534303665,
        0.060602590441703796,
        0.060609787702560425,
        0.06012935936450958,
        0.057127613574266434,
        0.059377409517765045,
        0.05639784038066864,
        0.058128394186496735
    ],
    "mean_squared_error":[
        0.054096683859825134,
        0.014931921847164631,
        0.018644915893673897,
        0.012231276370584965,
        0.011677986942231655,
        0.011960528790950775,
        0.010513735003769398,
        0.011438872665166855,
        0.009266381151974201,
        0.010010750032961369,
        0.009315078146755695,
        0.008581971749663353,
        0.007877352647483349,
        0.007489022798836231,
        0.007436907850205898,
        0.007120631169527769,
        0.009031904861330986,
        0.0068320054560899734,
        0.006413543596863747,
        0.006723246071487665,
        0.0062238420359790325,
        0.00558242155238986,
        0.005967456381767988,
        0.005546737462282181,
        0.005979721434414387
    ],
    "val_accuracy":[
        0.1640625,
        0.3515625,
        0.15625,
        0.1015625,
        0.265625,
        0.15625,
        0.1328125,
        0.140625,
        0.3515625,
        0.2421875,
        0.140625,
        0.1171875,
        0.265625,
        0.1796875,
        0.25,
        0.25,
        0.234375,
        0.3046875,
        0.1640625,
        0.2421875,
        0.1640625,
        0.15625,
        0.2890625,
        0.109375,
        0.1640625
    ],
    "val_cosine_similarity":[
        0.9977558255195618,
        0.9988865852355957,
        0.9991959929466248,
        0.9992045164108276,
        0.9993822574615479,
        0.9994315505027771,
        0.9991840124130249,
        0.9993829727172852,
        0.9994711875915527,
        0.9990957975387573,
        0.999394416809082,
        0.9994370341300964,
        0.9994191527366638,
        0.9994328022003174,
        0.9994502067565918,
        0.9994564056396484,
        0.9994566440582275,
        0.9994838833808899,
        0.9994638562202454,
        0.9994452595710754,
        0.9994679689407349,
        0.9994624257087708,
        0.9994754195213318,
        0.9994573593139648,
        0.9994632005691528
    ],
    "val_loss":[
        0.006607484072446823,
        0.027588944882154465,
        0.004477367736399174,
        0.004231221042573452,
        0.010348190553486347,
        0.0036479122936725616,
        0.004048152361065149,
        0.0030552789103239775,
        0.006220192648470402,
        0.007731212768703699,
        0.0033396794460713863,
        0.003064798191189766,
        0.0041412110440433025,
        0.0034634333569556475,
        0.0026339790783822536,
        0.004027490969747305,
        0.0028337552212178707,
        0.0033237989991903305,
        0.003046575002372265,
        0.0029898942448198795,
        0.002997299423441291,
        0.003707189578562975,
        0.00338150467723608,
        0.003251650370657444,
        0.006115489173680544
    ],
    "val_mean_absolute_error":[
        0.06393883377313614,
        0.149728462100029,
        0.052424512803554535,
        0.05115693807601929,
        0.08600062131881714,
        0.04770280420780182,
        0.04999018460512161,
        0.04331524670124054,
        0.06351003795862198,
        0.0712113082408905,
        0.0449514277279377,
        0.04309896379709244,
        0.04959310591220856,
        0.046936698257923126,
        0.03918841853737831,
        0.050693631172180176,
        0.04124977067112923,
        0.04485982656478882,
        0.043204519897699356,
        0.04209025204181671,
        0.0422215461730957,
        0.048905566334724426,
        0.04521289840340614,
        0.04452567547559738,
        0.06485934555530548
    ],
    "val_mean_squared_error":[
        0.006607484072446823,
        0.027588944882154465,
        0.004477367736399174,
        0.004231221042573452,
        0.010348190553486347,
        0.0036479122936725616,
        0.004048152361065149,
        0.0030552789103239775,
        0.006220192648470402,
        0.007731212768703699,
        0.0033396794460713863,
        0.003064798191189766,
        0.0041412110440433025,
        0.0034634333569556475,
        0.0026339790783822536,
        0.004027490969747305,
        0.0028337552212178707,
        0.0033237989991903305,
        0.003046575002372265,
        0.0029898942448198795,
        0.002997299423441291,
        0.003707189578562975,
        0.00338150467723608,
        0.003251650370657444,
        0.006115489173680544
    ]
}