{"Strategy Metrics": {"Daily Swing Trade Return": 290.5726839999999, "Buy & Hold Return": -25.84269299999994, "Auto13($22000) Return": 68616.46774099991}, "Model Metrics": {"loss": 530.6954956054688, "mean_squared_error": 530.6954956054688, "mean_absolute_error": 21.431045532226562, "accuracy": 0.25235602259635925, "cosine_similarity": 0.999778687953949}, "Class Metrics": {"f1_monark": 0.7092311785049215, "accuracy": 0.7141736401673641, "precision": 0.7008412197686645, "recall": 0.7178244480344642, "roc auc": 0.7142757217294843}}