{
    "accuracy":[
        0.3173483908176422,
        0.3321579694747925,
        0.3392101526260376,
        0.3483780026435852,
        0.34696754813194275,
        0.3328631818294525,
        0.3370944857597351,
        0.3483780026435852,
        0.3681241273880005,
        0.3462623357772827,
        0.33779972791671753,
        0.334978848695755,
        0.3434414565563202,
        0.36530324816703796,
        0.34696754813194275,
        0.3413258194923401,
        0.34485191106796265,
        0.3568406105041504,
        0.32087448239326477,
        0.3363892734050751,
        0.3462623357772827,
        0.3857545852661133,
        0.33568406105041504,
        0.3392101526260376,
        0.34062060713768005,
        0.3617771565914154,
        0.3596614897251129,
        0.3751763105392456,
        0.3589562773704529,
        0.36741888523101807,
        0.35119888186454773,
        0.3765867352485657
    ],
    "cosine_similarity":[
        0.7584782242774963,
        0.7679547667503357,
        0.7438189387321472,
        0.7462001442909241,
        0.7225993275642395,
        0.7382996082305908,
        0.7313664555549622,
        0.712108850479126,
        0.723567545413971,
        0.7209808826446533,
        0.7319733500480652,
        0.7524963021278381,
        0.7371312975883484,
        0.753913938999176,
        0.731296181678772,
        0.7411774396896362,
        0.7772051692008972,
        0.7452857494354248,
        0.7550085186958313,
        0.756305992603302,
        0.7784165740013123,
        0.771160364151001,
        0.7525163888931274,
        0.7687351107597351,
        0.7688785195350647,
        0.7647041082382202,
        0.747531533241272,
        0.797170102596283,
        0.7623485326766968,
        0.7911489009857178,
        0.7777762413024902,
        0.7981208562850952
    ],
    "loss":[
        0.004180207848548889,
        0.0024612995330244303,
        0.0021549498196691275,
        0.002443807665258646,
        0.0019484699005261064,
        0.001826826250180602,
        0.0019418622832745314,
        0.0018729462753981352,
        0.0017299826722592115,
        0.0016409086529165506,
        0.0016885639633983374,
        0.0013392929686233401,
        0.0014809240819886327,
        0.0016063638031482697,
        0.0013097065966576338,
        0.001491798204369843,
        0.0015340775717049837,
        0.001207986962981522,
        0.001312857843004167,
        0.0014054725179448724,
        0.0011762948706746101,
        0.001060460926964879,
        0.0014483255799859762,
        0.0014865376288071275,
        0.0012959695886820555,
        0.001451535732485354,
        0.0011374247260391712,
        0.0012342692352831364,
        0.001253994181752205,
        0.0010974317556247115,
        0.0012640452478080988,
        0.00116531562525779
    ],
    "mean_absolute_error":[
        0.040215667337179184,
        0.03172851726412773,
        0.030749082565307617,
        0.03196977078914642,
        0.028641406446695328,
        0.029192358255386353,
        0.02856471762061119,
        0.02832680381834507,
        0.027146071195602417,
        0.026849796995520592,
        0.027226043865084648,
        0.024916157126426697,
        0.025752440094947815,
        0.025289960205554962,
        0.02487783133983612,
        0.02607923187315464,
        0.025335736572742462,
        0.023710153996944427,
        0.024494031444191933,
        0.02417716383934021,
        0.02293383702635765,
        0.02290799468755722,
        0.024810422211885452,
        0.024634631350636482,
        0.02306060679256916,
        0.023985126987099648,
        0.022280864417552948,
        0.022619199007749557,
        0.02328002080321312,
        0.022138027474284172,
        0.022656146436929703,
        0.022253597155213356
    ],
    "mean_squared_error":[
        0.004180207848548889,
        0.0024612995330244303,
        0.0021549498196691275,
        0.002443807665258646,
        0.0019484699005261064,
        0.001826826250180602,
        0.0019418622832745314,
        0.0018729462753981352,
        0.0017299826722592115,
        0.0016409086529165506,
        0.0016885639633983374,
        0.0013392929686233401,
        0.0014809240819886327,
        0.0016063638031482697,
        0.0013097065966576338,
        0.001491798204369843,
        0.0015340775717049837,
        0.001207986962981522,
        0.001312857843004167,
        0.0014054725179448724,
        0.0011762948706746101,
        0.001060460926964879,
        0.0014483255799859762,
        0.0014865376288071275,
        0.0012959695886820555,
        0.001451535732485354,
        0.0011374247260391712,
        0.0012342692352831364,
        0.001253994181752205,
        0.0010974317556247115,
        0.0012640452478080988,
        0.00116531562525779
    ],
    "val_accuracy":[
        0.3295774757862091,
        0.43661972880363464,
        0.3802816867828369,
        0.38591548800468445,
        0.3070422410964966,
        0.38591548800468445,
        0.2704225480556488,
        0.26478874683380127,
        0.29295775294303894,
        0.25915491580963135,
        0.30985915660858154,
        0.29295775294303894,
        0.30140843987464905,
        0.4309859275817871,
        0.4000000059604645,
        0.4225352108478546,
        0.3239436745643616,
        0.3549295663833618,
        0.3887324035167694,
        0.29295775294303894,
        0.4338028132915497,
        0.42816901206970215,
        0.34366196393966675,
        0.4225352108478546,
        0.40281689167022705,
        0.391549289226532,
        0.27605634927749634,
        0.4000000059604645,
        0.31830987334251404,
        0.4000000059604645,
        0.3154929578304291,
        0.4225352108478546
    ],
    "val_cosine_similarity":[
        0.9938681125640869,
        0.734462320804596,
        0.9943942427635193,
        0.12029477208852768,
        0.7781201601028442,
        0.043035391718149185,
        0.41938313841819763,
        0.9963419437408447,
        0.9985345602035522,
        0.531859815120697,
        0.9979131817817688,
        0.960904061794281,
        0.9350267648696899,
        0.9986799359321594,
        0.9980801343917847,
        0.368696928024292,
        0.9983758926391602,
        0.17756864428520203,
        0.9986560344696045,
        0.9958488941192627,
        0.8790794610977173,
        0.9984931945800781,
        0.5606480836868286,
        0.5703061819076538,
        0.9956865906715393,
        0.46775826811790466,
        0.9985687732696533,
        0.9983892440795898,
        0.9985699653625488,
        0.9974647164344788,
        0.9842496514320374,
        0.9983038902282715
    ],
    "val_loss":[
        0.0011769902193918824,
        0.0006358275422826409,
        0.0011079269461333752,
        0.0011362191289663315,
        0.0015293227043002844,
        0.001501423423178494,
        0.0007790611707605422,
        0.000461963121779263,
        0.0010254712542518973,
        0.0005711329868063331,
        0.0005525679443962872,
        0.0006047757342457771,
        0.0004301287408452481,
        0.0004893484292551875,
        0.0005004600388929248,
        0.0007760592852719128,
        0.00040796445682644844,
        0.0011830036528408527,
        0.001632177154533565,
        0.00045724603114649653,
        0.0004723470483440906,
        0.00038742751348763704,
        0.0004217232926748693,
        0.00046544443466700613,
        0.00045621575554832816,
        0.0009536083089187741,
        0.00041654950473457575,
        0.00041564623825252056,
        0.0006356651429086924,
        0.000981505960226059,
        0.00045371646410785615,
        0.0003916595596820116
    ],