{"Strategy Metrics": {"Daily Swing Trade Return": 134.13230400000012, "Buy & Hold Return": -6.6023070000000015, "Auto13($22000) Return": 23264.52462399994}, "Model Metrics": {"loss": 420.7398681640625, "mean_squared_error": 420.7398681640625, "mean_absolute_error": 19.30161476135254, "accuracy": 0.0822187289595604, "cosine_similarity": 0.9995049238204956}, "Class Metrics": {"f1_monark": 0.6549660949341842, "accuracy": 0.6614481409001957, "precision": 0.6474763406940063, "recall": 0.6626311541565779, "roc auc": 0.6614827503305686}}