{"Strategy Metrics": {"Daily Swing Trade Return": 107.09000000000009, "Buy & Hold Return": 3.169999999999998, "Auto13($22000) Return": 62613.59000000013}, "Model Metrics": {"loss": 101.36184692382812, "mean_squared_error": 101.36184692382812, "mean_absolute_error": 9.466596603393555, "accuracy": 0.24147933721542358, "cosine_proximity": 0.9993907809257507}, "Class Metrics": {"f1_monark": 0.7576840600428878, "accuracy": 0.754880694143167, "precision": 0.762589928057554, "recall": 0.7528409090909091, "roc auc": 0.7549182454143794}}