{
    "accuracy":[
        0.09844192862510681,
        0.09560906887054443,
        0.08852691203355789,
        0.09773371368646622,
        0.10198300331830978,
        0.0991501435637474,
        0.09631728380918503,
        0.11543909460306168,
        0.11756373941898346,
        0.09844192862510681,
        0.11048159003257751,
        0.11614730954170227,
        0.10481586307287216,
        0.11402266472578049,
        0.11118980497121811,
        0.10977336764335632,
        0.11331444978713989,
        0.11685552448034286,
        0.1246458888053894,
        0.11331444978713989,
        0.11827195435762405,
        0.11331444978713989,
        0.13526912033557892
    ],
    "cosine_similarity":[
        0.8435823917388916,
        0.8034123182296753,
        0.7820058465003967,
        0.7545954585075378,
        0.7484944462776184,
        0.7351589202880859,
        0.7393544912338257,
        0.7292701005935669,
        0.7312039136886597,
        0.7328126430511475,
        0.7384709119796753,
        0.7325428128242493,
        0.7192671298980713,
        0.7305230498313904,
        0.7276511788368225,
        0.7325263023376465,
        0.7327055931091309,
        0.7323070764541626,
        0.7233216762542725,
        0.7111559510231018,
        0.7075180411338806,
        0.7032918930053711,
        0.745002806186676
    ],
    "loss":[
        0.011791673488914967,
        0.005414478946477175,
        0.0046503315679728985,
        0.003808932611718774,
        0.003389559453353286,
        0.0032054900657385588,
        0.003245077794417739,
        0.0027451743371784687,
        0.0030600265599787235,
        0.0025065771769732237,
        0.003049856284633279,
        0.00297332345508039,
        0.002508744364604354,
        0.0024353840854018927,
        0.002717695664614439,
        0.002353977644816041,
        0.002374600153416395,
        0.002777544781565666,
        0.0024678162299096584,
        0.0025531689170747995,
        0.0022162257228046656,
        0.00226040743291378,
        0.002511147642508149
    ],
    "mean_absolute_error":[
        0.06002379581332207,
        0.04139012470841408,
        0.03983146324753761,
        0.036222197115421295,
        0.03448706865310669,
        0.03462902083992958,
        0.03503446653485298,
        0.03300183266401291,
        0.03427004814147949,
        0.0319080725312233,
        0.034746184945106506,
        0.03464347869157791,
        0.031890906393527985,
        0.031244223937392235,
        0.032775744795799255,
        0.03057822771370411,
        0.030759351328015327,
        0.03214472159743309,
        0.031741004437208176,
        0.03176562115550041,
        0.030340969562530518,
        0.030616354197263718,
        0.03189950808882713
    ],
    "mean_squared_error":[
        0.011791673488914967,
        0.005414478946477175,
        0.0046503315679728985,
        0.003808932611718774,
        0.003389559453353286,
        0.0032054900657385588,
        0.003245077794417739,
        0.0027451745700091124,
        0.0030600265599787235,
        0.0025065771769732237,
        0.0030498558189719915,
        0.00297332345508039,
        0.002508744364604354,
        0.0024353840854018927,
        0.0027176958974450827,
        0.002353977644816041,
        0.002374600153416395,
        0.002777544781565666,
        0.0024678162299096584,
        0.0025531689170747995,
        0.0022162257228046656,
        0.00226040743291378,
        0.002511147642508149
    ],
    "val_accuracy":[
        0.1359773427248001,
        0.13031160831451416,
        0.09065155684947968,
        0.06798867136240005,
        0.07932011038064957,
        0.11048159003257751,
        0.11898016929626465,
        0.11048159003257751,
        0.11331444978713989,
        0.150141641497612,
        0.16430595517158508,
        0.13314448297023773,
        0.07932011038064957,
        0.2124645859003067,
        0.13031160831451416,
        0.11048159003257751,
        0.1756373941898346,
        0.12181302905082703,
        0.09631728380918503,
        0.10764872282743454,
        0.1246458888053894,
        0.09631728380918503,
        0.18413597345352173
    ],
    "val_cosine_similarity":[
        0.6659554839134216,
        0.7159321308135986,
        0.9902545809745789,
        0.9949916005134583,
        0.992466926574707,
        0.9930127859115601,
        0.4971262812614441,
        0.9794363379478455,
        0.994907021522522,
        0.9930093288421631,
        0.8402762413024902,
        0.9941545724868774,
        0.7697680592536926,
        0.42534470558166504,
        0.9937588572502136,
        0.9934573769569397,
        0.9872726202011108,
        0.989123523235321,
        0.9753264784812927,
        0.9938814640045166,
        0.7698367834091187,
        0.9940270185470581,
        0.9933275580406189
    ],
    "val_loss":[
        0.002531064208596945,
        0.0031262412667274475,
        0.0022111027501523495,
        0.00209879782050848,
        0.0019355104304850101,
        0.0019649744499474764,
        0.0019308744231238961,
        0.0017226735362783074,
        0.0036046879831701517,
        0.0025131884030997753,
        0.001680869609117508,
        0.0018778161611407995,
        0.0015957897994667292,
        0.0017326796660199761,
        0.0021935668773949146,
        0.0015907185152173042,
        0.001543195452541113,
        0.0016181799583137035,
        0.0016560126096010208,
        0.0020597316324710846,
        0.0017923064297065139,
        0.001591961830854416,
        0.0015549645759165287
    ],
    "val_mean_absolute_error":[
        0.026495009660720825,
        0.028570229187607765,
        0.023235110566020012,
        0.029285071417689323,
        0.024805979803204536,
        0.024928661063313484,
        0.025562886148691177,
        0.019528640434145927,
        0.04105781763792038,
        0.028315477073192596,
        0.019751232117414474,
        0.02684531919658184,
        0.018951885402202606,
        0.025609023869037628,
        0.024912850931286812,
        0.020145386457443237,
        0.01995597779750824,
        0.022016014903783798,
        0.017918068915605545,
        0.024231627583503723,
        0.020406877622008324,
        0.021533584222197533,
        0.019030403345823288
    ],
    "val_mean_squared_error":[
        0.002531064208596945,
        0.0031262412667274475,
        0.0022111027501523495,
        0.00209879782050848,
        0.0019355104304850101,
        0.0019649744499474764,
        0.0019308744231238961,
        0.0017226735362783074,
        0.0036046879831701517,
        0.0025131884030997753,
        0.001680869609117508,
        0.0018778161611407995,
        0.0015957897994667292,
        0.0017326796660199761,
        0.0021935668773949146,
        0.0015907185152173042,
        0.001543195452541113,
        0.0016181799583137035,
        0.0016560126096010208,
        0.0020597316324710846,
        0.0017923064297065139,
        0.001591961830854416,
        0.0015549644595012069
    ]
}