{"Strategy Metrics": {"Daily Swing Trade Return": 102.92999999999999, "Buy & Hold Return": -0.07000000000000206, "Auto13($22000) Return": 63164.67000000003}, "Model Metrics": {"loss": 135.53936767578125, "mean_squared_error": 135.53936767578125, "mean_absolute_error": 11.486522674560547, "accuracy": 0.10940919071435928, "cosine_similarity": 0.9991927146911621}, "Class Metrics": {"f1_monark": 0.9404388714733543, "accuracy": 0.9385113268608414, "precision": 0.9433962264150944, "recall": 0.9375, "roc auc": 0.9385486577181208}}