{"Strategy Metrics": {"Daily Swing Trade Return": 5.089999999999998, "Buy & Hold Return": -2.8150000000000004, "Auto13($22000) Return": 1640.2900000000045}, "Model Metrics": {"loss": 176.1133575439453, "mean_squared_error": 176.1133575439453, "mean_absolute_error": 12.966775894165039, "accuracy": 0.07692307978868484, "cosine_similarity": 0.949790358543396}, "Class Metrics": {"f1_monark": 0.5714285714285715, "accuracy": 0.5384615384615384, "precision": 0.5217391304347826, "recall": 0.631578947368421, "roc auc": 0.5407894736842105}}