{
    "accuracy":[
        0.07533325254917145,
        0.07411030679941177,
        0.07154212892055511,
        0.07313195616006851,
        0.07692307978868484,
        0.07826831191778183,
        0.07887978106737137,
        0.08132567256689072,
        0.0793689638376236,
        0.08144796639680862,
        0.07814601808786392,
        0.07716766744852066,
        0.07887978106737137,
        0.0826709046959877,
        0.07900208234786987,
        0.08218172937631607,
        0.08511678874492645,
        0.08071419596672058,
        0.08817414939403534,
        0.0826709046959877,
        0.08658432215452194,
        0.08548367023468018,
        0.08193714171648026,
        0.07863519340753555
    ],
    "cosine_similarity":[
        0.960929811000824,
        0.9620941877365112,
        0.9544618129730225,
        0.9722470641136169,
        0.9624722599983215,
        0.9641509652137756,
        0.9735346436500549,
        0.9749262928962708,
        0.9685861468315125,
        0.9705057740211487,
        0.9729694128036499,
        0.9768940210342407,
        0.9743654131889343,
        0.9754208922386169,
        0.9741452932357788,
        0.9738368391990662,
        0.9789855480194092,
        0.9752780795097351,
        0.9792561531066895,
        0.9835925102233887,
        0.9765075445175171,
        0.9809297919273376,
        0.9754067063331604,
        0.9765970706939697
    ],
    "loss":[
        0.0014473607297986746,
        0.0004995858762413263,
        0.0004722538578789681,
        0.0003885016485583037,
        0.0003822989237960428,
        0.0003691337478812784,
        0.00034713721834123135,
        0.0003395634994376451,
        0.00033362043905071914,
        0.0003299227391835302,
        0.00033085187897086143,
        0.0003268685832154006,
        0.00031509657856076956,
        0.00031207228312268853,
        0.0003116214647889137,
        0.0003214351017959416,
        0.00031712432974018157,
        0.0003068288788199425,
        0.00030141795286908746,
        0.0003082409093622118,
        0.00031159870559349656,
        0.00029724655905738473,
        0.00030618408345617354,
        0.0002977099211420864
    ],
    "mean_absolute_error":[
        0.018109377473592758,
        0.012636932544410229,
        0.012407626025378704,
        0.010770638473331928,
        0.010869565419852734,
        0.010578329674899578,
        0.010187541134655476,
        0.009800827130675316,
        0.010009683668613434,
        0.009767199866473675,
        0.00968109630048275,
        0.009561230428516865,
        0.00939214788377285,
        0.009375199675559998,
        0.009380255825817585,
        0.00956953875720501,
        0.009284053929150105,
        0.009247556328773499,
        0.009097403846681118,
        0.009018667042255402,
        0.009268312714993954,
        0.008900852873921394,
        0.009146135300397873,
        0.00900354329496622
    ],
    "mean_squared_error":[
        0.0014473607297986746,
        0.0004995858762413263,
        0.0004722538578789681,
        0.0003885016485583037,
        0.0003822989237960428,
        0.0003691337478812784,
        0.00034713721834123135,
        0.0003395634994376451,
        0.00033362043905071914,
        0.0003299227391835302,
        0.00033085187897086143,
        0.00032686861231923103,
        0.0003150965494569391,
        0.00031207228312268853,
        0.0003116214647889137,
        0.0003214351017959416,
        0.00031712432974018157,
        0.0003068288788199425,
        0.00030141795286908746,
        0.0003082409093622118,
        0.00031159870559349656,
        0.00029724655905738473,
        0.00030618408345617354,
        0.0002977099211420864
    ],
    "val_accuracy":[
        0.08948655426502228,
        0.06552567332983017,
        0.08850855380296707,
        0.06063569709658623,
        0.05281173437833786,
        0.0914425402879715,
        0.14278729259967804,
        0.09682151675224304,
        0.08606357127428055,
        0.09731051325798035,
        0.10220048576593399,
        0.11246943473815918,
        0.08361858129501343,
        0.1261613667011261,
        0.09975550323724747,
        0.09877750277519226,
        0.06308068335056305,
        0.05672371760010719,
        0.10855745524168015,
        0.12029340118169785,
        0.07823961228132248,
        0.042053788900375366,
        0.055745720863342285,
        0.1149144247174263
    ],
    "val_cosine_similarity":[
        0.9970382452011108,
        0.9925367832183838,
        0.9958527088165283,
        0.9805241823196411,
        0.9952518939971924,
        0.7860772013664246,
        0.995900571346283,
        0.9929076433181763,
        0.9971640110015869,
        0.9975260496139526,
        0.9784562587738037,
        0.9677867293357849,
        0.9981635212898254,
        0.9977975487709045,
        0.8955073952674866,
        0.6402824521064758,
        0.9974389672279358,
        0.993369996547699,
        0.9975631237030029,
        0.9971158504486084,
        0.8343199491500854,
        0.9946912527084351,
        0.9981746673583984,
        0.9243379235267639
    ],
    "val_loss":[
        0.0007446265663020313,
        0.0003696175990626216,
        0.0003918596194125712,
        0.00028767925687134266,
        0.0003624681557994336,
        0.00033375876955688,
        0.000299588602501899,
        0.00027217279421165586,
        0.0002978881529998034,
        0.0003199271741323173,
        0.00028581725200638175,
        0.0003553932474460453,
        0.00032404513331130147,
        0.00026922934921458364,
        0.0003167088143527508,
        0.00036172932595945895,
        0.0002720611810218543,
        0.0003552440321072936,
        0.000342680374160409,
        0.00026979329413734376,
        0.00035027728881686926,
        0.0002709518012125045,
        0.0002728473045863211,
        0.0002817106433212757
    ],
    "val_mean_absolute_error":[
        0.018488993868231773,
        0.01163235679268837,
        0.009896257892251015,
        0.008295505307614803,
        0.009950906969606876,
        0.011495683342218399,
        0.008867121301591396,
        0.0077500175684690475,
        0.008436018601059914,
        0.011218995787203312,
        0.008249176666140556,
        0.009889100678265095,
        0.010518983006477356,
        0.007698227651417255,
        0.010191457346081734,
        0.012751654721796513,
        0.008515813387930393,
        0.009723760187625885,
        0.009652395732700825,
        0.00810614600777626,
        0.011307088658213615,
        0.007874050177633762,
        0.008595985360443592,
        0.009337548166513443
    ],
    "val_mean_squared_error":[
        0.0007446265663020313,
        0.0003696175990626216,
        0.0003918596194125712,
        0.00028767925687134266,
        0.0003624681557994336,
        0.00033375876955688,
        0.000299588602501899,
        0.00027217279421165586,
        0.0002978881529998034,
        0.0003199271741323173,
        0.00028581725200638175,
        0.0003553932474460453,
        0.00032404513331130147,
        0.00026922934921458364,
        0.0003167088143527508,
        0.00036172932595945895,
        0.0002720611810218543,
        0.0003552440321072936,
        0.000342680374160409,
        0.00026979329413734376,
        0.00035027728881686926,
        0.0002709518012125045,
        0.0002728473045863211,
        0.0002817106433212757
    ]
}