{"Strategy Metrics": {"Daily Swing Trade Return": 1861.900113999998, "Buy & Hold Return": -7.360000000000014, "Auto13($22000) Return": 113779.72772099986}, "Model Metrics": {"loss": 26473.9453125, "mean_squared_error": 26473.9453125, "mean_absolute_error": 160.81658935546875, "accuracy": 0.12121212482452393, "cosine_similarity": 0.9995457530021667}, "Class Metrics": {"f1_monark": 0.9735327963176064, "accuracy": 0.9729835552075177, "precision": 0.9799227799227799, "recall": 0.9672256097560976, "roc auc": 0.9731458161501905}}