{"Strategy Metrics": {"Daily Swing Trade Return": 105.00999300000002, "Buy & Hold Return": -4.179999999999999, "Auto13($22000) Return": 43814.47669699999}, "Model Metrics": {"loss": 145.1452178955078, "mean_squared_error": 145.1452178955078, "mean_absolute_error": 11.66711139678955, "accuracy": 0.1520874798297882, "cosine_similarity": 0.9994691610336304}, "Class Metrics": {"f1_monark": 0.83984375, "accuracy": 0.8374628344895937, "precision": 0.8301158301158301, "recall": 0.849802371541502, "roc auc": 0.8374260366653832}}