{"Strategy Metrics": {"Daily Swing Trade Return": 51.66000100000001, "Buy & Hold Return": -26.240001, "Auto13($22000) Return": 21061.699769999992}, "Model Metrics": {"loss": 234.41693115234375, "mean_squared_error": 234.41693115234375, "mean_absolute_error": 13.496587753295898, "accuracy": 0.2816092073917389, "cosine_similarity": 0.9979745149612427}, "Class Metrics": {"f1_monark": 0.8571428571428572, "accuracy": 0.8685714285714285, "precision": 0.8518518518518519, "recall": 0.8625, "roc auc": 0.8680921052631579}}