{"Strategy Metrics": {"Daily Swing Trade Return": 274.3167789999998, "Buy & Hold Return": 96.20500200000001, "Auto13($22000) Return": 18674.270360999944}, "Model Metrics": {"loss": 1925.9033203125, "mean_squared_error": 1925.9033203125, "mean_absolute_error": 38.29801940917969, "accuracy": 0.13586413860321045, "cosine_similarity": 0.9998766779899597}, "Class Metrics": {"f1_monark": 0.6844444444444444, "accuracy": 0.6458852867830424, "precision": 0.6438127090301003, "recall": 0.7305502846299811, "roc auc": 0.6413003789080505}}