{
    "accuracy":[
        0.09352517873048782,
        0.09712230414152145,
        0.10071942210197449,
        0.10431654751300812,
        0.08453237265348434,
        0.12050359696149826,
        0.10611511021852493,
        0.1025179848074913,
        0.1025179848074913,
        0.11870503425598145,
        0.09712230414152145,
        0.13848920166492462,
        0.12230215966701508,
        0.15287770330905914,
        0.11151079088449478,
        0.13129496574401855,
        0.09892086684703827,
        0.11510791629552841,
        0.13848920166492462,
        0.12230215966701508,
        0.12769784033298492,
        0.12410072237253189,
        0.11690647155046463,
        0.14028777182102203,
        0.12230215966701508,
        0.12949639558792114,
        0.12050359696149826,
        0.12769784033298492
    ],
    "cosine_similarity":[
        0.8732233643531799,
        0.9662836790084839,
        0.9798830151557922,
        0.9847772121429443,
        0.9882047176361084,
        0.989480197429657,
        0.9918098449707031,
        0.9930533170700073,
        0.9940311908721924,
        0.9947859048843384,
        0.9953286051750183,
        0.9957801103591919,
        0.9962677359580994,
        0.9965229630470276,
        0.9967623949050903,
        0.997123658657074,
        0.9971404671669006,
        0.9973475933074951,
        0.9976020455360413,
        0.9978061318397522,
        0.9978413581848145,
        0.9980312585830688,
        0.9980344772338867,
        0.9981186389923096,
        0.9982239603996277,
        0.9982186555862427,
        0.9983043074607849,
        0.9983246922492981
    ],
    "loss":[
        0.10443940758705139,
        0.03608174994587898,
        0.026471583172678947,
        0.022236837074160576,
        0.018514035269618034,
        0.018577490001916885,
        0.014863112010061741,
        0.01495339535176754,
        0.012424398213624954,
        0.011187408119440079,
        0.011365354061126709,
        0.009890091605484486,
        0.009080382995307446,
        0.00845220498740673,
        0.00823389831930399,
        0.007636281196027994,
        0.007214139681309462,
        0.006816630717366934,
        0.006813547573983669,
        0.006266106851398945,
        0.006033043842762709,
        0.005585116799920797,
        0.006152876187115908,
        0.005546611733734608,
        0.005759463645517826,
        0.006035767495632172,
        0.004933658987283707,
        0.00541866198182106
    ],
    "mean_absolute_error":[
        0.24423256516456604,
        0.1457168608903885,
        0.12471975386142731,
        0.1150423064827919,
        0.10489832609891891,
        0.10416343063116074,
        0.09325581043958664,
        0.09449176490306854,
        0.08570295572280884,
        0.08121893554925919,
        0.0806243047118187,
        0.07679096609354019,
        0.07381924986839294,
        0.07129694521427155,
        0.06871914863586426,
        0.06716347485780716,
        0.0654279887676239,
        0.06383657455444336,
        0.06326527148485184,
        0.0609479658305645,
        0.05917567014694214,
        0.057164084166288376,
        0.05951615050435066,
        0.05687953531742096,
        0.058108069002628326,
        0.05959343910217285,
        0.05381966009736061,
        0.05590065196156502
    ],
    "mean_squared_error":[
        0.10443940758705139,
        0.03608174994587898,
        0.026471583172678947,
        0.022236837074160576,
        0.018514035269618034,
        0.018577490001916885,
        0.014863112010061741,
        0.01495339535176754,
        0.012424398213624954,
        0.011187408119440079,
        0.011365354061126709,
        0.009890091605484486,
        0.009080382995307446,
        0.00845220498740673,
        0.00823389831930399,
        0.007636281196027994,
        0.007214139681309462,
        0.006816630717366934,
        0.006813547573983669,
        0.006266106851398945,
        0.006033043842762709,
        0.005585116799920797,
        0.006152876187115908,
        0.005546611733734608,
        0.005759463645517826,
        0.006035767495632172,
        0.004933658987283707,
        0.00541866198182106
    ],
    "val_accuracy":[
        0.07857143133878708,
        0.09285714477300644,
        0.08571428805589676,
        0.12142857164144516,
        0.20714285969734192,
        0.09285714477300644,
        0.09285714477300644,
        0.1071428582072258,
        0.16428571939468384,
        0.10000000149011612,
        0.11428571492433548,
        0.20000000298023224,
        0.13571429252624512,
        0.23571428656578064,
        0.15000000596046448,
        0.10000000149011612,
        0.12142857164144516,
        0.17142857611179352,
        0.20000000298023224,
        0.19285714626312256,
        0.10000000149011612,
        0.16428571939468384,
        0.10000000149011612,
        0.12142857164144516,
        0.13571429252624512,
        0.12142857164144516,
        0.15714286267757416,
        0.12857143580913544
    ],
    "val_cosine_similarity":[
        0.9981797337532043,
        0.9980408549308777,
        0.9984303116798401,
        0.9987890124320984,
        0.9986699819564819,
        0.99871826171875,
        0.9987173676490784,
        0.9986907839775085,
        0.9988396763801575,
        0.9987447261810303,
        0.9988112449645996,
        0.9987878203392029,
        0.9988437294960022,
        0.9988120794296265,
        0.9988008737564087,
        0.9988457560539246,
        0.9987958669662476,
        0.99879390001297,
        0.9988152384757996,
        0.9988498091697693,
        0.9988641738891602,
        0.9988455772399902,
        0.9988424181938171,
        0.9988582134246826,
        0.9988639950752258,
        0.9988784790039062,
        0.9988598227500916,
        0.9988650679588318
    ],
    "val_loss":[
        0.010227570310235023,
        0.006601421162486076,
        0.00650470145046711,
        0.006489604711532593,
        0.007357157301157713,
        0.007004284765571356,
        0.006049726624041796,
        0.004432788584381342,
        0.005038859788328409,
        0.00407591974362731,
        0.003919248469173908,
        0.007587427739053965,
        0.0037970980629324913,
        0.005482499022036791,
        0.003966519609093666,
        0.0044034975580871105,
        0.004513007588684559,
        0.003732081735506654,
        0.0040461416356265545,
        0.005574912764132023,
        0.003450258169323206,
        0.0034082394558936357,
        0.0034823522437363863,
        0.0037018286529928446,
        0.0034150939900428057,
        0.0036378265358507633,
        0.0035456472542136908,
        0.0038928270805627108
    ],
    "val_mean_absolute_error":[
        0.08117004483938217,
        0.06448161602020264,
        0.06404849886894226,
        0.06473591923713684,
        0.06849886476993561,
        0.0670241117477417,
        0.06094758212566376,
        0.0531172975897789,
        0.05676606297492981,
        0.05010368302464485,
        0.04961280897259712,
        0.07078937441110611,
        0.04900842905044556,
        0.059221845120191574,
        0.050373487174510956,
        0.05276164412498474,
        0.0531279556453228,
        0.0485110878944397,
        0.05065189301967621,
        0.05871891975402832,
        0.04634786769747734,
        0.04608121141791344,
        0.04645950347185135,
        0.04768294095993042,
        0.04617755115032196,
        0.04729749634861946,
        0.04730779305100441,
        0.04920472577214241
    ],