{"Strategy Metrics": {"Daily Swing Trade Return": 99.59999199999996, "Buy & Hold Return": -4.539999999999998, "Auto13($22000) Return": 39385.32679100001}, "Model Metrics": {"loss": 145.56834411621094, "mean_squared_error": 145.56834411621094, "mean_absolute_error": 11.685190200805664, "accuracy": 0.0643216073513031, "cosine_similarity": 0.9982568621635437}, "Class Metrics": {"f1_monark": 0.8102766798418973, "accuracy": 0.8095238095238095, "precision": 0.8086785009861933, "recall": 0.8118811881188119, "roc auc": 0.8095191228864438}}