{"Strategy Metrics": {"Daily Swing Trade Return": 119.85998999999995, "Buy & Hold Return": -4.6499999999999995, "Auto13($22000) Return": 98412.40572299999}, "Model Metrics": {"loss": 145.58387756347656, "mean_squared_error": 145.58387756347656, "mean_absolute_error": 11.685513496398926, "accuracy": 0.08249496668577194, "cosine_similarity": 0.998194694519043}, "Class Metrics": {"f1_monark": 0.967359050445104, "accuracy": 0.9672293942403177, "precision": 0.9644970414201184, "recall": 0.9702380952380952, "roc auc": 0.9672264034838588}}