{"Strategy Metrics": {"Daily Swing Trade Return": 71.74999999999999, "Buy & Hold Return": 0.3999999999999986, "Auto13($22000) Return": 20544.95000000002}, "Model Metrics": {"loss": 135.81072998046875, "mean_squared_error": 135.81072998046875, "mean_absolute_error": 11.498629570007324, "accuracy": 0.2735229730606079, "cosine_similarity": 0.9997226595878601}, "Class Metrics": {"f1_monark": 0.7455121436114043, "accuracy": 0.737186477644493, "precision": 0.7494692144373672, "recall": 0.7415966386554622, "roc auc": 0.7370114712551687}}