{"Strategy Metrics": {"Daily Swing Trade Return": 35.080000000000005, "Buy & Hold Return": -23.78000200000001, "Auto13($22000) Return": 10511.610065}, "Model Metrics": {"loss": 152.10438537597656, "mean_squared_error": 152.10438537597656, "mean_absolute_error": 11.684161186218262, "accuracy": 0.13548387587070465, "cosine_similarity": 0.9718062877655029}, "Class Metrics": {"f1_monark": 0.7189542483660132, "accuracy": 0.7440476190476191, "precision": 0.7236842105263158, "recall": 0.7142857142857143, "roc auc": 0.7417582417582418}}