{"Strategy Metrics": {"Daily Swing Trade Return": 35403.32031100002, "Buy & Hold Return": 1048.1904300000006, "Auto13($22000) Return": 70806.64062200004}, "Model Metrics": {"loss": 86224368.0, "mean_squared_error": 86224368.0, "mean_absolute_error": 9158.4140625, "accuracy": 0.380952388048172, "cosine_similarity": 0.9997071623802185}, "Class Metrics": {"f1_monark": 0.803611738148984, "accuracy": 0.8031674208144797, "precision": 0.8090909090909091, "recall": 0.7982062780269058, "roc auc": 0.8032127280545488}}