{
    "accuracy":[
        0.1909516453742981,
        0.20265211164951324,
        0.1990639567375183,
        0.20015600323677063,
        0.20717628300189972,
        0.20826832950115204,
        0.20967239141464233,
        0.21887674927711487,
        0.21372854709625244,
        0.21903276443481445,
        0.21887674927711487,
        0.2226209044456482,
        0.22574102878570557,
        0.22059282660484314,
        0.22277690470218658,
        0.22449298202991486,
        0.22308892011642456,
        0.21669267117977142,
        0.21918876469135284,
        0.21684867143630981,
        0.2240249663591385,
        0.22277690470218658,
        0.22028081119060516,
        0.21887674927711487,
        0.22870515286922455,
        0.2170046865940094,
        0.2141965627670288,
        0.21809671819210052,
        0.23432137072086334,
        0.2141965627670288,
        0.22995319962501526
    ],
    "cosine_similarity":[
        0.593625009059906,
        0.5993744730949402,
        0.598160982131958,
        0.5800507664680481,
        0.5873255133628845,
        0.611936628818512,
        0.6052607297897339,
        0.6272567510604858,
        0.6231066584587097,
        0.62016761302948,
        0.6383426189422607,
        0.651016354560852,
        0.6499902009963989,
        0.6540504693984985,
        0.654751181602478,
        0.6343685388565063,
        0.6519719958305359,
        0.649607241153717,
        0.6543554663658142,
        0.658970296382904,
        0.6454537510871887,
        0.6569498181343079,
        0.6613032817840576,
        0.6833798289299011,
        0.6645457744598389,
        0.6747323870658875,
        0.6889221668243408,
        0.6782669425010681,
        0.6780325174331665,
        0.6769647002220154,
        0.6732164621353149
    ],
    "loss":[
        9.782877896213904e-05,
        5.0498398195486516e-05,
        4.255904059391469e-05,
        4.0104576328303665e-05,
        3.7110014091013e-05,
        3.454489342402667e-05,
        3.169032061123289e-05,
        3.0702190997544676e-05,
        3.052249303436838e-05,
        3.1838459108257666e-05,
        3.081346585531719e-05,
        2.95981462841155e-05,
        2.8111995561630465e-05,
        2.701020821405109e-05,
        2.8045575163559988e-05,
        2.814746585499961e-05,
        2.575855251052417e-05,
        2.744475204963237e-05,
        2.6390047423774377e-05,
        2.849550401151646e-05,
        2.6655103283701465e-05,
        2.4041224605753087e-05,
        2.644004598550964e-05,
        2.204982411058154e-05,
        2.375830263190437e-05,
        2.2730810087523423e-05,
        2.1293037207215093e-05,
        2.3920953026390634e-05,
        2.19989160541445e-05,
        2.4743680114625022e-05,
        2.2988102500676177e-05
    ],
    "mean_absolute_error":[
        0.005759659223258495,
        0.004364395514130592,
        0.004161410499364138,
        0.0040603382512927055,
        0.0038071051239967346,
        0.0036719415802508593,
        0.003528311150148511,
        0.0034290833864361048,
        0.0034080506302416325,
        0.003427776275202632,
        0.003429459175094962,
        0.003366854740306735,
        0.003251020098105073,
        0.0031984972301870584,
        0.0031710187904536724,
        0.0032150973565876484,
        0.0030943292658776045,
        0.003159443847835064,
        0.00311618042178452,
        0.0031874629203230143,
        0.0031547746621072292,
        0.0030201803892850876,
        0.0030782457906752825,
        0.0028515837620943785,
        0.0029548059683293104,
        0.0029211954679340124,
        0.0028391219675540924,
        0.0029516464564949274,
        0.002851886907592416,
        0.0029773274436593056,
        0.0028369093779474497
    ],
    "mean_squared_error":[
        9.782877896213904e-05,
        5.0498398195486516e-05,
        4.255904059391469e-05,
        4.0104576328303665e-05,
        3.7110014091013e-05,
        3.454489342402667e-05,
        3.169032061123289e-05,
        3.0702190997544676e-05,
        3.052249303436838e-05,
        3.1838459108257666e-05,
        3.081346585531719e-05,
        2.95981462841155e-05,
        2.8111995561630465e-05,
        2.701020821405109e-05,
        2.8045575163559988e-05,
        2.814746585499961e-05,
        2.575855251052417e-05,
        2.744475204963237e-05,
        2.6390047423774377e-05,
        2.849550401151646e-05,
        2.6655103283701465e-05,
        2.4041224605753087e-05,
        2.644004598550964e-05,
        2.204982411058154e-05,
        2.375830263190437e-05,
        2.2730810087523423e-05,
        2.1293037207215093e-05,
        2.3920953026390634e-05,
        2.19989160541445e-05,
        2.4743680114625022e-05,
        2.2988102500676177e-05
    ],
    "val_accuracy":[
        0.2320648729801178,
        0.2339363694190979,
        0.17903929948806763,
        0.2694946825504303,
        0.25951340794563293,
        0.23955084383487701,
        0.1572052389383316,
        0.26512789726257324,
        0.2195882648229599,
        0.28259512782096863,
        0.23643168807029724,
        0.26512789726257324,
        0.26512789726257324,
        0.3050530254840851,
        0.26512789726257324,
        0.1859014332294464,
        0.13661883771419525,
        0.235807865858078,
        0.26138490438461304,
        0.23331253230571747,
        0.19026824831962585,
        0.3069245219230652,
        0.1784154772758484,
        0.13349968194961548,
        0.13849033415317535,
        0.1965065449476242,
        0.1765439808368683,
        0.2800998091697693,
        0.2620087265968323,
        0.13786649703979492,
        0.235807865858078
    ],
    "val_cosine_similarity":[
        0.9692525267601013,
        0.9681349992752075,
        -0.37928318977355957,
        0.3446725010871887,
        0.9076552987098694,
        -0.008884291164577007,
        0.9988346695899963,
        0.9990154504776001,
        0.8741576671600342,
        0.9985566139221191,
        0.9913890361785889,
        0.9990026354789734,
        0.9990006685256958,
        0.9744816422462463,
        0.9990012049674988,
        0.9008322954177856,
        0.996029257774353,
        0.9986923336982727,
        0.048310138285160065,
        0.9963254928588867,
        0.89223313331604,
        -0.45848220586776733,
        0.5039638876914978,
        0.9974936842918396,
        -0.24595226347446442,
        0.9975510835647583,
        0.9490368962287903,
        -0.05536286160349846,
        0.9985461831092834,
        -0.45405614376068115,
        0.9989793300628662
    ],
    "val_loss":[
        9.071626664081123e-06,
        3.8063631109253038e-06,
        1.3843312444805633e-05,
        5.090631475468399e-06,
        3.466627731540939e-06,
        6.838875833636848e-06,
        8.173435162461828e-06,
        3.1914391001919284e-05,
        5.07651429870748e-06,
        6.06694948146469e-06,
        3.8057735309848795e-06,
        5.01423255627742e-06,
        1.846899976953864e-05,
        8.22241599962581e-06,
        3.319567258586176e-05,
        1.7672865624263068e-06,
        1.77442132098804e-06,
        2.9971919502713718e-05,
        1.233261082234094e-05,
        8.420043741352856e-06,
        2.672152368177194e-05,
        2.609582406876143e-05,
        1.3615384887089022e-05,
        6.767517788830446e-06,
        8.679721759108361e-06,
        1.919050873766537e-06,
        1.9100773442914942e-06,
        2.1440517230075784e-05,
        4.2359547478554305e-06,
        3.438345811446197e-05,
        5.007749223295832e-06
    ],