{
    "accuracy":[
        0.19257086515426636,
        0.18963831663131714,
        0.19403713941574097,
        0.2073558121919632,
        0.20026881992816925,
        0.20796675980091095,
        0.19929130375385284,
        0.20552296936511993,
        0.19904692471027374,
        0.20295698940753937,
        0.21493157744407654,
        0.21664223074913025,
        0.2063782960176468,
        0.2066226750612259,
        0.20503421127796173,
        0.1989247351884842,
        0.20222385227680206,
        0.20197947323322296,
        0.20149071514606476,
        0.20747800171375275,
        0.19806940853595734,
        0.21236559748649597,
        0.20478983223438263,
        0.20821113884449005,
        0.20674486458301544,
        0.20503421127796173,
        0.20356793701648712,
        0.21175464987754822,
        0.20369012653827667,
        0.21664223074913025,
        0.20430107414722443,
        0.2073558121919632,
        0.2083333283662796,
        0.21028836071491241,
        0.21358749270439148,
        0.20026881992816925,
        0.21028836071491241,
        0.21187683939933777,
        0.21126589179039001,
        0.21590909361839294,
        0.21969696879386902,
        0.21761974692344666,
        0.2071114331483841,
        0.21810850501060486,
        0.20625610649585724,
        0.20478983223438263,
        0.20283479988574982,
        0.21395406126976013,
        0.21945258975028992,
        0.21041055023670197,
        0.2095552235841751,
        0.2076001912355423,
        0.2165200412273407,
        0.20821113884449005,
        0.21089930832386017
    ],
    "cosine_similarity":[
        0.9480723738670349,
        0.9391762614250183,
        0.9252503514289856,
        0.9230851531028748,
        0.9296057224273682,
        0.9238008260726929,
        0.9267553091049194,
        0.9342007040977478,
        0.9380514025688171,
        0.9581795334815979,
        0.9587724208831787,
        0.9571972489356995,
        0.9728835821151733,
        0.9638522267341614,
        0.9749439358711243,
        0.9710148572921753,
        0.9712929725646973,
        0.9683330655097961,
        0.9738209843635559,
        0.9709243774414062,
        0.9751148819923401,
        0.976616382598877,
        0.9743527770042419,
        0.9767076969146729,
        0.9767511487007141,
        0.9821008443832397,
        0.9741048812866211,
        0.9748013019561768,
        0.9771379232406616,
        0.9775934815406799,
        0.9774481654167175,
        0.9741573333740234,
        0.9787652492523193,
        0.9731166362762451,
        0.9788262248039246,
        0.974332869052887,
        0.9733315706253052,
        0.9768955707550049,
        0.9789926409721375,
        0.979331374168396,
        0.975368082523346,
        0.9757254123687744,
        0.9772608876228333,
        0.9771910905838013,
        0.9829959273338318,
        0.976951539516449,
        0.9765859246253967,
        0.9816093444824219,
        0.9795513153076172,
        0.9801498651504517,
        0.9849994778633118,
        0.9849488139152527,
        0.9826605916023254,
        0.9860212802886963,
        0.985360860824585
    ],
    "loss":[
        0.0016866573132574558,
        0.00038351857801899314,
        0.0003442974993959069,
        0.0003242245875298977,
        0.0002981243305839598,
        0.00026562277344055474,
        0.00026370849809609354,
        0.00023686721397098154,
        0.00024159828899428248,
        0.00021793004998471588,
        0.00022311524662654847,
        0.0002213643747381866,
        0.0002011665201280266,
        0.00020383922674227506,
        0.00019809615332633257,
        0.00019327514746692032,
        0.0001965356059372425,
        0.0001889345730887726,
        0.00019425476784817874,
        0.0001878091279650107,
        0.00018799553799908608,
        0.00018337911751586944,
        0.00018486376211512834,
        0.00018049032951239496,
        0.00017998786643147469,
        0.00017758662579581141,
        0.000181759794941172,
        0.00018469648784957826,
        0.0001728524948703125,
        0.00018474465468898416,
        0.0001746104098856449,
        0.00017719410243444145,
        0.00017142867727670819,
        0.00017128046602010727,
        0.0001794760610209778,
        0.00017267883231397718,
        0.00017005816334858537,
        0.00016716556274332106,
        0.0001690313802100718,
        0.0001634069485589862,
        0.000170541214174591,
        0.0001669911725912243,
        0.0001712528319330886,
        0.0001679207489360124,
        0.00016560644144192338,
        0.0001598541421117261,
        0.00017050656606443226,
        0.00015912193339318037,
        0.00016098450578283519,
        0.00016171114111784846,
        0.0001553739421069622,
        0.00016258331015706062,
        0.00016235600924119353,
        0.00015951077511999756,
        0.0001593267370481044
    ],
    "mean_absolute_error":[
        0.018064506351947784,
        0.011854958720505238,
        0.011299599893391132,
        0.011174073442816734,
        0.010787840001285076,
        0.010198281146585941,
        0.010163846425712109,
        0.009591464884579182,
        0.009609056636691093,
        0.009127117693424225,
        0.009227721020579338,
        0.009289582259953022,
        0.008786735124886036,
        0.008935519494116306,
        0.008849017322063446,
        0.008765360340476036,
        0.008767067454755306,
        0.008793790824711323,
        0.00870464462786913,
        0.008666950277984142,
        0.008595423772931099,
        0.00854166317731142,
        0.008509436622262001,
        0.00835654977709055,
        0.008372546173632145,
        0.008300245739519596,
        0.008495181798934937,
        0.008520113304257393,
        0.00830887071788311,
        0.008454697206616402,
        0.008225677534937859,
        0.008317612111568451,
        0.008171101100742817,
        0.00831545703113079,
        0.00825187936425209,
        0.008167051710188389,
        0.008176927454769611,
        0.00794301275163889,
        0.00800397526472807,
        0.007989943958818913,
        0.00803463626652956,
        0.007935743778944016,
        0.007988875731825829,
        0.008003453724086285,
        0.0077787404879927635,
        0.007699795067310333,
        0.007965907454490662,
        0.007598782889544964,
        0.007682010531425476,
        0.007665359415113926,
        0.007466020528227091,
        0.007634752430021763,
        0.00764685682952404,
        0.0075488463044166565,
        0.007497821003198624
    ],