{"Strategy Metrics": {"Daily Swing Trade Return": 89.24999999999999, "Buy & Hold Return": 1.5299999999999976, "Auto13($22000) Return": 33513.539999999986}, "Model Metrics": {"loss": 135.03944396972656, "mean_squared_error": 135.03944396972656, "mean_absolute_error": 11.467275619506836, "accuracy": 0.2553648054599762, "cosine_proximity": 0.9998275637626648}, "Class Metrics": {"f1_monark": 0.8169596690796277, "accuracy": 0.8102893890675241, "precision": 0.8195020746887967, "recall": 0.8144329896907216, "roc auc": 0.8101182805596465}}