{
    "accuracy":[
        0.20482808351516724,
        0.19239209592342377,
        0.20190197229385376,
        0.20994879305362701,
        0.2128749042749405,
        0.21360643208026886,
        0.219458669424057,
        0.19678127765655518,
        0.228968545794487,
        0.20482808351516724,
        0.20263350009918213,
        0.2011704444885254,
        0.20409655570983887,
        0.21141184866428375,
        0.1960497498512268,
        0.20994879305362701,
        0.19897586107254028,
        0.18800292909145355,
        0.2128749042749405,
        0.21872714161872864,
        0.2011704444885254,
        0.219458669424057,
        0.22823701798915863,
        0.21360643208026886,
        0.22750549018383026,
        0.19897586107254028,
        0.20702268183231354,
        0.23482076823711395,
        0.23189465701580048,
        0.22311630845069885,
        0.2267739623785019,
        0.21433795988559723,
        0.1960497498512268,
        0.20921726524829865,
        0.19897586107254028,
        0.22750549018383026,
        0.2150695025920868,
        0.22604243457317352,
        0.2267739623785019,
        0.21799561381340027,
        0.22092172503471375,
        0.2267739623785019,
        0.22970007359981537,
        0.20702268183231354,
        0.22165325284004211,
        0.21360643208026886,
        0.22823701798915863,
        0.22165325284004211,
        0.2245793640613556,
        0.21068032085895538,
        0.2267739623785019,
        0.23628383874893188,
        0.219458669424057,
        0.22384783625602722,
        0.21433795988559723,
        0.21799561381340027,
        0.2428675889968872
    ],
    "cosine_similarity":[
        0.8218895196914673,
        0.8603809475898743,
        0.8333162665367126,
        0.8294504284858704,
        0.7997704148292542,
        0.7938888669013977,
        0.7968819737434387,
        0.7916116714477539,
        0.7833472490310669,
        0.7871089577674866,
        0.7776158452033997,
        0.7766653299331665,
        0.7675973176956177,
        0.7712664604187012,
        0.7576435208320618,
        0.7615479230880737,
        0.7714268565177917,
        0.7601581811904907,
        0.7484635710716248,
        0.7550114989280701,
        0.7477579712867737,
        0.7539851069450378,
        0.7563871145248413,
        0.766207754611969,
        0.7727385759353638,
        0.7670073509216309,
        0.7464542388916016,
        0.7756854891777039,
        0.7822360992431641,
        0.7626394033432007,
        0.7525326609611511,
        0.7771162986755371,
        0.7626903057098389,
        0.7579591870307922,
        0.7733962535858154,
        0.7706427574157715,
        0.764345109462738,
        0.7666178345680237,
        0.7698197960853577,
        0.7584898471832275,
        0.7698588967323303,
        0.7608786225318909,
        0.7759479284286499,
        0.7704921960830688,
        0.7669730186462402,
        0.7639213800430298,
        0.7728386521339417,
        0.7852885723114014,
        0.774492084980011,
        0.7796163558959961,
        0.7711998820304871,
        0.7761489152908325,
        0.7765300869941711,
        0.7565290331840515,
        0.7732229828834534,
        0.7717416286468506,
        0.7658776044845581
    ],
    "loss":[
        0.007311881519854069,
        0.00386226549744606,
        0.0030352098401635885,
        0.0026684156619012356,
        0.00270416890271008,
        0.0025914038997143507,
        0.002348061418160796,
        0.002042272360995412,
        0.0019667528104037046,
        0.0019116366747766733,
        0.0018066163174808025,
        0.001993373967707157,
        0.0018816697411239147,
        0.0017736294539645314,
        0.0020675065461546183,
        0.0016504930099472404,
        0.0017995855305343866,
        0.0018355600768700242,
        0.0017994721420109272,
        0.0016946595860645175,
        0.0015138848684728146,
        0.0015729457372799516,
        0.0016979839419946074,
        0.0014460448874160647,
        0.0015374812064692378,
        0.0013302649604156613,
        0.001294677727855742,
        0.0015432396903634071,
        0.001417184597812593,
        0.0014464863343164325,
        0.0012385777663439512,
        0.0013481940841302276,
        0.001528720953501761,
        0.0014959207037463784,
        0.001354449661448598,
        0.0013376460410654545,
        0.0014777033356949687,
        0.0015273158205673099,
        0.001234574941918254,
        0.0013534004101529717,
        0.0013441694900393486,
        0.0013344822218641639,
        0.0012731514871120453,
        0.001259310869500041,
        0.0013130496954545379,
        0.0012428683694452047,
        0.0012242048978805542,
        0.0013151924358680844,
        0.0012745194835588336,
        0.0013441912597045302,
        0.0012794723734259605,
        0.0012392585631459951,
        0.0015162735944613814,
        0.0015313614858314395,
        0.0013401026371866465,
        0.0012389242183417082,
        0.0012799991527572274
    ],
    "mean_absolute_error":[
        0.04736883565783501,
        0.034359175711870193,
        0.0319228321313858,
        0.02990577183663845,
        0.03211594745516777,
        0.030373649671673775,
        0.029263513162732124,
        0.02766609564423561,
        0.026865791529417038,
        0.02678077295422554,
        0.02660992182791233,
        0.027614358812570572,
        0.027985110878944397,
        0.026446489617228508,
        0.027871182188391685,
        0.026130562648177147,
        0.026364628225564957,
        0.027565933763980865,
        0.02729780413210392,
        0.02576766349375248,
        0.025218987837433815,
        0.02520402893424034,
        0.026516340672969818,
        0.024928273633122444,
        0.025745689868927002,
        0.023954186588525772,
        0.023759739473462105,
        0.025096360594034195,
        0.024888666346669197,
        0.025102365761995316,
        0.023631488904356956,
        0.023359045386314392,
        0.025265030562877655,
        0.024882929399609566,
        0.02425398677587509,
        0.02401094324886799,
        0.024272067472338676,
        0.02511148527264595,
        0.023645397275686264,
        0.023898346349596977,
        0.02509853057563305,
        0.02435874007642269,
        0.023564772680401802,
        0.023283256217837334,
        0.023711709305644035,
        0.0229329876601696,
        0.023056747391819954,
        0.023886704817414284,
        0.02303095906972885,
        0.02343970723450184,
        0.023568270727992058,
        0.023031160235404968,
        0.024882519617676735,
        0.025359665974974632,
        0.023769386112689972,
        0.02292916364967823,
        0.02321571111679077
    ],