{
    "accuracy":[
        0.0966101661324501,
        0.08728813380002975,
        0.07118643820285797,
        0.10338982939720154,
        0.08050847798585892,
        0.08474576473236084,
        0.09152542054653168,
        0.10423728823661804,
        0.10338982939720154,
        0.0966101661324501,
        0.08644067496061325,
        0.10423728823661804,
        0.10423728823661804,
        0.09491525590419769,
        0.11186441034078598,
        0.10338982939720154,
        0.08813559263944626,
        0.10254237055778503,
        0.09406779706478119,
        0.11101695150136948,
        0.10762711614370346,
        0.11016949266195297,
        0.11864406615495682,
        0.12288135290145874,
        0.10847457498311996,
        0.11186441034078598,
        0.10254237055778503,
        0.10847457498311996,
        0.10423728823661804,
        0.10932203382253647,
        0.10847457498311996,
        0.1169491559267044,
        0.1144067794084549,
        0.11186441034078598,
        0.11016949266195297,
        0.10593220591545105
    ],
    "cosine_similarity":[
        0.9927826523780823,
        0.9974919557571411,
        0.9979320168495178,
        0.9977515339851379,
        0.997835099697113,
        0.9981471300125122,
        0.9981982111930847,
        0.9982370138168335,
        0.9980069398880005,
        0.9982783794403076,
        0.9981905817985535,
        0.9982866644859314,
        0.9982498288154602,
        0.9968026876449585,
        0.9983739852905273,
        0.9982267618179321,
        0.997545063495636,
        0.9979451894760132,
        0.9983209371566772,
        0.9969309568405151,
        0.998420000076294,
        0.9970517158508301,
        0.9979379177093506,
        0.9979408383369446,
        0.9980969429016113,
        0.9981347918510437,
        0.9970430135726929,
        0.9971762299537659,
        0.9979375004768372,
        0.9981069564819336,
        0.9982243776321411,
        0.9984685182571411,
        0.9982835650444031,
        0.9984565377235413,
        0.9979298710823059,
        0.9985122680664062
    ],
    "loss":[
        0.002511120168492198,
        0.0009452822851017118,
        0.0008678691810928285,
        0.0007779600564390421,
        0.0006975195137783885,
        0.0006715997005812824,
        0.0006622803048230708,
        0.0006231288425624371,
        0.0006341818370856345,
        0.0005837208591401577,
        0.0005898135714232922,
        0.000565664260648191,
        0.0005470168543979526,
        0.0005489769973792136,
        0.0005432934849523008,
        0.0005346222314983606,
        0.0005389024154283106,
        0.0005189547082409263,
        0.0005170272197574377,
        0.0005195908015593886,
        0.0005065189325250685,
        0.0004998120712116361,
        0.0005006595165468752,
        0.0004909353447146714,
        0.0004987944266758859,
        0.0004867723910138011,
        0.0004968553548678756,
        0.0004989325534552336,
        0.0004901481443084776,
        0.0004693161172326654,
        0.00048138381680473685,
        0.0004620687977876514,
        0.0004845878866035491,
        0.00047314484254457057,
        0.00048414571210741997,
        0.0004773972905240953
    ],
    "mean_absolute_error":[
        0.02999124675989151,
        0.022837819531559944,
        0.02168203890323639,
        0.02059599570930004,
        0.019449809566140175,
        0.018867550417780876,
        0.018642818555235863,
        0.018096961081027985,
        0.018497418612241745,
        0.017507310956716537,
        0.017709173262119293,
        0.01715795136988163,
        0.01674696058034897,
        0.01681443862617016,
        0.016624197363853455,
        0.016665423288941383,
        0.016720501706004143,
        0.016321470960974693,
        0.01643838733434677,
        0.016287174075841904,
        0.01616465300321579,
        0.0160257238894701,
        0.01593155413866043,
        0.015977641567587852,
        0.016047805547714233,
        0.015741698443889618,
        0.015751758590340614,
        0.015911253169178963,
        0.01580040715634823,
        0.015448484569787979,
        0.015618493780493736,
        0.015173481777310371,
        0.015622208826243877,
        0.015584890730679035,
        0.01550944335758686,
        0.015549846924841404
    ],
    "mean_squared_error":[
        0.002511120168492198,
        0.0009452822851017118,
        0.0008678691810928285,
        0.0007779600564390421,
        0.0006975195137783885,
        0.0006715997005812824,
        0.0006622803048230708,
        0.0006231288425624371,
        0.0006341818370856345,
        0.0005837208591401577,
        0.0005898135714232922,
        0.000565664260648191,
        0.0005470168543979526,
        0.0005489769973792136,
        0.0005432934849523008,
        0.0005346222314983606,
        0.0005389024154283106,
        0.0005189547082409263,
        0.0005170272197574377,
        0.0005195908015593886,
        0.0005065189325250685,
        0.0004998120712116361,
        0.0005006595165468752,
        0.0004909353447146714,
        0.0004987944266758859,
        0.0004867723910138011,
        0.0004968553548678756,
        0.0004989325534552336,
        0.0004901481443084776,
        0.0004693161172326654,
        0.00048138381680473685,
        0.0004620687977876514,
        0.0004845878866035491,
        0.00047314484254457057,
        0.00048414571210741997,
        0.0004773972905240953
    ],
    "val_accuracy":[
        0.07770270109176636,
        0.07094594836235046,
        0.08445946127176285,
        0.09459459781646729,
        0.0439189188182354,
        0.11148648709058762,
        0.07094594836235046,
        0.07432432472705841,
        0.17229729890823364,
        0.06081081181764603,
        0.13851352035999298,
        0.09121621400117874,
        0.07094594836235046,
        0.10810811072587967,
        0.05743243172764778,
        0.054054055362939835,
        0.10135135054588318,
        0.09121621400117874,
        0.08445946127176285,
        0.04729729890823364,
        0.10810811072587967,
        0.05067567527294159,
        0.054054055362939835,
        0.14189189672470093,
        0.10810811072587967,
        0.12162162363529205,
        0.18243242800235748,
        0.09121621400117874,
        0.1689189225435257,
        0.1756756752729416,
        0.07770270109176636,
        0.08445946127176285,
        0.18918919563293457,
        0.20945945382118225,
        0.15202702581882477,
        0.1317567527294159
    ],
    "val_cosine_similarity":[
        0.9978466629981995,
        0.9974599480628967,
        0.9972900152206421,
        0.9977969527244568,
        0.9976189136505127,
        0.9980213046073914,
        0.9972644448280334,
        0.997802197933197,
        0.9981203675270081,
        0.9981927871704102,
        0.9981268048286438,
        0.9973869323730469,
        0.9979150295257568,
        0.9983125925064087,
        0.9978273510932922,
        0.9981180429458618,
        0.997428297996521,
        0.9969124794006348,
        0.9769537448883057,
        0.9982462525367737,
        0.9980151057243347,
        0.9980508089065552,
        0.9983367919921875,
        0.9984553456306458,
        0.997846245765686,
        0.9983716607093811,
        0.9979485273361206,
        0.9853110313415527,
        0.9978435635566711,
        0.9981077313423157,
        0.9982116222381592,
        0.9979204535484314,
        0.997438907623291,
        0.9981762766838074,
        0.9982931613922119,
        0.9982312321662903
    ],