{"Strategy Metrics": {"Daily Swing Trade Return": 105.25753700000014, "Buy & Hold Return": 96.69393099999999, "Auto13($22000) Return": 15689.164676000088}, "Model Metrics": {"loss": 1907.4578857421875, "mean_squared_error": 1907.4578857421875, "mean_absolute_error": 38.21588134765625, "accuracy": 0.21618904173374176, "cosine_similarity": 0.9996134042739868}, "Class Metrics": {"f1_monark": 0.6690712353471597, "accuracy": 0.6333666333666333, "precision": 0.6369098712446352, "recall": 0.704653371320038, "roc auc": 0.6294605107390495}}