{"Strategy Metrics": {"Daily Swing Trade Return": 15.170500000000004, "Buy & Hold Return": 3.7975000000000003, "Auto13($22000) Return": 21091.16449999999}, "Model Metrics": {"loss": 10.705826759338379, "mean_squared_error": 10.705826759338379, "mean_absolute_error": 3.1719396114349365, "accuracy": 0.07042253762483597, "cosine_similarity": 0.9959459900856018}, "Class Metrics": {"f1_monark": 0.9076517150395779, "accuracy": 0.904891304347826, "precision": 0.8686868686868687, "recall": 0.9502762430939227, "roc auc": 0.9056194049694213}}