{"Strategy Metrics": {"Daily Swing Trade Return": 299.9899729999999, "Buy & Hold Return": 107.58999599999999, "Auto13($22000) Return": 4457.659152}, "Model Metrics": {"loss": 22952.99609375, "mean_squared_error": 22952.99609375, "mean_absolute_error": 147.33328247070312, "accuracy": 0.23888888955116272, "cosine_proximity": 0.999840497970581}, "Class Metrics": {"f1_monark": 0.7018072289156626, "accuracy": 0.6360294117647058, "precision": 0.660056657223796, "recall": 0.7491961414790996, "roc auc": 0.6170873411258159}}