{"Strategy Metrics": {"Daily Swing Trade Return": 47573.60986100003, "Buy & Hold Return": 9192.542725000001, "Auto13($22000) Return": 95147.21972200013}, "Model Metrics": {"loss": 75111024.0, "mean_squared_error": 75111024.0, "mean_absolute_error": 8336.98046875, "accuracy": 0.2006220817565918, "cosine_similarity": 0.9993541240692139}, "Class Metrics": {"f1_monark": 0.7159420289855073, "accuracy": 0.6970633693972179, "precision": 0.7159420289855073, "recall": 0.7159420289855073, "roc auc": 0.6957193588636146}}