{"Strategy Metrics": {"Daily Swing Trade Return": 168.25729999999987, "Buy & Hold Return": -7.227307000000008}, "Model Metrics": {"loss": 421.23114013671875, "mean_squared_error": 421.23114013671875, "mean_absolute_error": 19.311616897583008, "accuracy": 0.06937327235937119, "cosine_similarity": 0.9995026588439941}, "Class Metrics": {"f1_monark": 0.7122849139655862, "accuracy": 0.7180392156862745, "precision": 0.7046714172604909, "recall": 0.7200647249190939, "roc auc": 0.7180993335402167}}