{"Strategy Metrics": {"Daily Swing Trade Return": 42.20000300000001, "Buy & Hold Return": -26.240001, "Auto13($22000) Return": 14299.940364000002}, "Model Metrics": {"loss": 234.76611328125, "mean_squared_error": 234.76611328125, "mean_absolute_error": 13.509747505187988, "accuracy": 0.33908045291900635, "cosine_similarity": 0.9974904656410217}, "Class Metrics": {"f1_monark": 0.7643312101910829, "accuracy": 0.7885714285714286, "precision": 0.7792207792207793, "recall": 0.75, "roc auc": 0.7855263157894737}}