{"Strategy Metrics": {"Daily Swing Trade Return": 810.8120250000004, "Buy & Hold Return": 362.98000299999995, "Auto13($22000) Return": 14194.814385000012}, "Model Metrics": {"loss": 27922.73046875, "mean_squared_error": 27922.73046875, "mean_absolute_error": 123.69985961914062, "accuracy": 0.224609375, "cosine_proximity": 0.9990922808647156}, "Class Metrics": {"f1_monark": 0.7018739352640545, "accuracy": 0.6601941747572816, "precision": 0.6666666666666666, "recall": 0.7410071942446043, "roc auc": 0.6532040190632303}}