{
    "accuracy":[
        0.08934953808784485,
        0.10507505387067795,
        0.09363831579685211,
        0.09792709350585938,
        0.10436026006937027,
        0.1129378154873848,
        0.10436026006937027,
        0.10578984767198563,
        0.1065046489238739,
        0.1250893473625183,
        0.12365975975990295,
        0.10578984767198563,
        0.10936383157968521,
        0.11365260928869247,
        0.11651179194450378,
        0.11007862538099289,
        0.10293066501617432,
        0.1065046489238739,
        0.10507505387067795,
        0.10721944272518158,
        0.10864903777837753,
        0.103645458817482,
        0.10936383157968521,
        0.12437455356121063,
        0.11150822043418884,
        0.11007862538099289,
        0.1065046489238739,
        0.12294495850801468,
        0.11865618079900742,
        0.13223731517791748,
        0.11865618079900742,
        0.10578984767198563,
        0.11651179194450378,
        0.12008577585220337,
        0.1129378154873848,
        0.11865618079900742,
        0.11865618079900742,
        0.12651893496513367,
        0.11651179194450378,
        0.11150822043418884,
        0.11937098205089569,
        0.1250893473625183,
        0.1350964903831482,
        0.10936383157968521,
        0.12437455356121063,
        0.11365260928869247,
        0.125804141163826,
        0.13366690278053284,
        0.12294495850801468,
        0.12080056965351105,
        0.13009291887283325,
        0.12794853746891022,
        0.13009291887283325
    ],
    "cosine_similarity":[
        0.8662846088409424,
        0.839278519153595,
        0.8549104928970337,
        0.8651869893074036,
        0.8593237996101379,
        0.8752029538154602,
        0.8808735013008118,
        0.8865325450897217,
        0.8958935737609863,
        0.8824218511581421,
        0.8798919916152954,
        0.897455096244812,
        0.8778848648071289,
        0.8902826309204102,
        0.8803357481956482,
        0.8982396125793457,
        0.8706986308097839,
        0.8992513418197632,
        0.886383593082428,
        0.8881199955940247,
        0.8794925212860107,
        0.8793386816978455,
        0.9085448980331421,
        0.9080686569213867,
        0.9025599956512451,
        0.9027504324913025,
        0.8930230140686035,
        0.9005954265594482,
        0.8960119485855103,
        0.8883737921714783,
        0.8988620042800903,
        0.8821192383766174,
        0.889665961265564,
        0.8857464790344238,
        0.8771730661392212,
        0.8865004181861877,
        0.8895498514175415,
        0.8807936906814575,
        0.8843474984169006,
        0.8813851475715637,
        0.8724517226219177,
        0.8956582546234131,
        0.8756027817726135,
        0.8754254579544067,
        0.8900055885314941,
        0.8613476753234863,
        0.8824141621589661,
        0.8823360800743103,
        0.8836013078689575,
        0.875442385673523,
        0.8818503618240356,
        0.8828505277633667,
        0.8884681463241577
    ],
    "loss":[
        0.005551855079829693,
        0.0027714595198631287,
        0.0026188611518591642,
        0.0022288847249001265,
        0.0021562441252171993,
        0.0020798849873244762,
        0.001981730107218027,
        0.0018755863420665264,
        0.0018551029497757554,
        0.0018296623602509499,
        0.0017932042246684432,
        0.001808194094337523,
        0.002801756374537945,
        0.0016296509420499206,
        0.001679752953350544,
        0.0015918425051495433,
        0.001950379810295999,
        0.0016472922870889306,
        0.0016204495914280415,
        0.0015982076292857528,
        0.0015927513595670462,
        0.0016376479761675,
        0.0015605947701260448,
        0.0014773616567254066,
        0.001551762456074357,
        0.0015167806996032596,
        0.0014635234838351607,
        0.001414548372849822,
        0.001396552543155849,
        0.0014482999686151743,
        0.001369096920825541,
        0.001434593228623271,
        0.0013598044170066714,
        0.0013795940903946757,
        0.0013627358712255955,
        0.001234832452610135,
        0.0012491095112636685,
        0.0012375392252579331,
        0.0012220458593219519,
        0.00121396966278553,
        0.0012674739118665457,
        0.0011637320276349783,
        0.0011691534891724586,
        0.0012176495511084795,
        0.0011550327762961388,
        0.0011474810307845473,
        0.001102072186768055,
        0.0011732092825695872,
        0.0011549745686352253,
        0.001067203120328486,
        0.0011002467945218086,
        0.0011477580992504954,
        0.0011089206673204899
    ],
    "mean_absolute_error":[
        0.037801675498485565,
        0.028454821556806564,
        0.026721131056547165,
        0.024754317477345467,
        0.02429366298019886,
        0.023455074056982994,
        0.022427214309573174,
        0.02225850522518158,
        0.02141670323908329,
        0.021984562277793884,
        0.021761305630207062,
        0.021621864289045334,
        0.023232607170939445,
        0.020599354058504105,
        0.020896898582577705,
        0.020813627168536186,
        0.022409511730074883,
        0.020712364464998245,
        0.02058124542236328,
        0.02082769013941288,
        0.020400263369083405,
        0.020943092182278633,
        0.019922718405723572,
        0.019531842321157455,
        0.020341472700238228,
        0.019985303282737732,
        0.019644375890493393,
        0.01946748048067093,
        0.01932189241051674,
        0.019923577085137367,
        0.01932518184185028,
        0.019330235198140144,
        0.019213033840060234,
        0.019225863739848137,
        0.019261641427874565,
        0.018651731312274933,
        0.018708042800426483,
        0.018492674455046654,
        0.01865757443010807,
        0.01842716708779335,
        0.018834151327610016,
        0.017715441063046455,
        0.017867568880319595,
        0.01843172311782837,
        0.017987120896577835,
        0.01850113645195961,
        0.01763523742556572,
        0.018048888072371483,
        0.01777902990579605,
        0.017755812034010887,
        0.017352771013975143,
        0.01776019111275673,
        0.017721686512231827
    ],
    "mean_squared_error":[
        0.005551855079829693,
        0.0027714595198631287,
        0.0026188611518591642,
        0.0022288847249001265,
        0.0021562441252171993,
        0.0020798849873244762,
        0.001981730107218027,
        0.0018755863420665264,
        0.0018551029497757554,
        0.0018296623602509499,
        0.0017932042246684432,
        0.001808194094337523,
        0.002801756374537945,
        0.0016296509420499206,
        0.001679752953350544,
        0.0015918425051495433,
        0.001950379810295999,
        0.0016472922870889306,
        0.0016204495914280415,
        0.0015982076292857528,
        0.0015927513595670462,
        0.0016376479761675,
        0.0015605947701260448,
        0.0014773616567254066,
        0.001551762456074357,
        0.0015167806996032596,
        0.0014635234838351607,
        0.001414548372849822,
        0.001396552543155849,
        0.0014482999686151743,
        0.001369096920825541,
        0.001434593228623271,
        0.0013598044170066714,
        0.0013795940903946757,
        0.0013627358712255955,
        0.001234832452610135,
        0.0012491095112636685,
        0.0012375392252579331,
        0.0012220458593219519,
        0.00121396966278553,
        0.0012674739118665457,
        0.0011637320276349783,
        0.0011691534891724586,
        0.0012176495511084795,
        0.0011550327762961388,
        0.0011474810307845473,
        0.001102072186768055,
        0.0011732092825695872,
        0.0011549745686352253,
        0.001067203120328486,
        0.0011002467945218086,
        0.0011477580992504954,
        0.0011089206673204899
    ],