{"Strategy Metrics": {"Daily Swing Trade Return": 1288.454046000001, "Buy & Hold Return": 371.8280019999999, "Auto13($22000) Return": 44910.18404899999}, "Model Metrics": {"loss": 28077.4609375, "mean_squared_error": 28077.4609375, "mean_absolute_error": 124.12633514404297, "accuracy": 0.22396856546401978, "cosine_similarity": 0.9988275170326233}, "Class Metrics": {"f1_monark": 0.8747795414462082, "accuracy": 0.861328125, "precision": 0.8581314878892734, "recall": 0.8920863309352518, "roc auc": 0.8584363278607883}}