{"Strategy Metrics": {"Daily Swing Trade Return": 1187.8360900000011, "Buy & Hold Return": 361.7360029999999, "Auto13($22000) Return": 31511.902437000048}, "Model Metrics": {"loss": 28159.30078125, "mean_squared_error": 28159.30078125, "mean_absolute_error": 124.07070922851562, "accuracy": 0.3126213550567627, "cosine_similarity": 0.99949049949646}, "Class Metrics": {"f1_monark": 0.8084358523725833, "accuracy": 0.7887596899224806, "precision": 0.7903780068728522, "recall": 0.8273381294964028, "roc auc": 0.7855178042439998}}