{
    "accuracy":[
        0.16853933036327362,
        0.17977528274059296,
        0.1910112351179123,
        0.20224718749523163,
        0.16853933036327362,
        0.14606741070747375,
        0.16853933036327362,
        0.15730337798595428,
        0.16853933036327362,
        0.08988764137029648,
        0.26966291666030884,
        0.21348313987255096,
        0.1910112351179123,
        0.16853933036327362,
        0.17977528274059296,
        0.21348313987255096,
        0.15730337798595428,
        0.14606741070747375,
        0.16853933036327362,
        0.20224718749523163,
        0.1910112351179123,
        0.14606741070747375,
        0.20224718749523163,
        0.07865168899297714,
        0.15730337798595428,
        0.17977528274059296,
        0.30337077379226685,
        0.15730337798595428,
        0.15730337798595428,
        0.2584269642829895,
        0.2921348214149475,
        0.21348313987255096,
        0.23595505952835083,
        0.23595505952835083,
        0.23595505952835083,
        0.26966291666030884,
        0.2247191071510315,
        0.31460675597190857,
        0.23595505952835083,
        0.21348313987255096,
        0.31460675597190857,
        0.23595505952835083,
        0.24719101190567017,
        0.2247191071510315,
        0.31460675597190857,
        0.30337077379226685,
        0.21348313987255096,
        0.26966291666030884,
        0.30337077379226685,
        0.2921348214149475,
        0.2808988690376282,
        0.2921348214149475,
        0.30337077379226685,
        0.31460675597190857,
        0.31460675597190857,
        0.2921348214149475,
        0.26966291666030884,
        0.24719101190567017,
        0.2808988690376282,
        0.3258427083492279,
        0.31460675597190857,
        0.31460675597190857,
        0.3595505654811859,
        0.30337077379226685,
        0.33707866072654724,
        0.2921348214149475
    ],
    "cosine_similarity":[
        0.6763838529586792,
        0.9211603999137878,
        0.9497582316398621,
        0.9569491147994995,
        0.9590593576431274,
        0.9635438323020935,
        0.9640337228775024,
        0.9646962285041809,
        0.9708635807037354,
        0.9711650609970093,
        0.9734736084938049,
        0.9737961292266846,
        0.9696537256240845,
        0.9749377965927124,
        0.9725806713104248,
        0.9748243689537048,
        0.9740780591964722,
        0.9746829271316528,
        0.9741256237030029,
        0.9747910499572754,
        0.9753098487854004,
        0.9759225845336914,
        0.9725930690765381,
        0.9722519516944885,
        0.9745815396308899,
        0.9722071290016174,
        0.9723479151725769,
        0.9642884135246277,
        0.9764601588249207,
        0.9604723453521729,
        0.9780121445655823,
        0.9133509993553162,
        0.9701581001281738,
        0.9777147173881531,
        0.9442459940910339,
        0.9682349562644958,
        0.9306333661079407,
        0.9746283292770386,
        0.9656485319137573,
        0.9569234848022461,
        0.9749796986579895,
        0.9697664976119995,
        0.9513944387435913,
        0.9740381240844727,
        0.9725318551063538,
        0.9575520157814026,
        0.9605969786643982,
        0.9684520959854126,
        0.9779483079910278,
        0.9767090082168579,
        0.9456053972244263,
        0.9702345728874207,
        0.9780027270317078,
        0.980297327041626,
        0.9640046954154968,
        0.9103760719299316,
        0.9563043117523193,
        0.9273987412452698,
        0.981304407119751,
        0.9806424379348755,
        0.9378198981285095,
        0.9845426082611084,
        0.9770516157150269,
        0.9762980341911316,
        0.974658727645874,
        0.9829086065292358
    ],
    "loss":[
        0.17722219228744507,
        0.08251219242811203,
        0.06264832615852356,
        0.06661383807659149,
        0.0628213956952095,
        0.0554518923163414,
        0.054658543318510056,
        0.049624133855104446,
        0.05102849751710892,
        0.042786579579114914,
        0.041819311678409576,
        0.041623521596193314,
        0.047476623207330704,
        0.03899453580379486,
        0.037588365375995636,
        0.03935893252491951,
        0.04534376785159111,
        0.03681381791830063,
        0.03266444802284241,
        0.03599592670798302,
        0.029629457741975784,
        0.0330856628715992,
        0.038338061422109604,
        0.025497697293758392,
        0.02585347555577755,
        0.026582930237054825,
        0.02221074514091015,
        0.028057783842086792,
        0.023385241627693176,
        0.02634846791625023,
        0.030518358573317528,
        0.02453269250690937,
        0.0207328163087368,
        0.021650953218340874,
        0.0194653682410717,
        0.021622806787490845,
        0.022067353129386902,
        0.018826795741915703,
        0.016642289236187935,
        0.018056349828839302,
        0.017783261835575104,
        0.019432909786701202,
        0.01502558309584856,
        0.014400008134543896,
        0.01468043401837349,
        0.01430025789886713,
        0.01358040515333414,
        0.012286814860999584,
        0.014464209787547588,
        0.011535635218024254,
        0.011422974057495594,
        0.010705467313528061,
        0.011698291637003422,
        0.013409878127276897,
        0.01655246503651142,
        0.01678582839667797,
        0.014353681355714798,
        0.01407474372535944,
        0.01434473879635334,
        0.01505165733397007,
        0.013277863152325153,
        0.01353444904088974,
        0.012085489928722382,
        0.011974738910794258,
        0.010463820770382881,
        0.011958694085478783
    ],
    "mean_absolute_error":[
        0.32906103134155273,
        0.22222532331943512,
        0.20691192150115967,
        0.20317904651165009,
        0.19601063430309296,
        0.1856653094291687,
        0.18472597002983093,
        0.18046247959136963,
        0.1763298213481903,
        0.16190554201602936,
        0.15809106826782227,
        0.1576927751302719,
        0.16955198347568512,
        0.14898470044136047,
        0.15456517040729523,
        0.1543247550725937,
        0.16309091448783875,
        0.1544068455696106,
        0.14040756225585938,
        0.1489257663488388,
        0.1357651650905609,
        0.13777455687522888,
        0.15109972655773163,
        0.12034811824560165,
        0.12555402517318726,
        0.12554891407489777,
        0.11407376080751419,
        0.1289672702550888,
        0.11587237566709518,
        0.12301354855298996,
        0.1351272314786911,
        0.12047858536243439,
        0.10968978703022003,
        0.11482387781143188,
        0.1055959090590477,
        0.11490027606487274,
        0.10763245820999146,
        0.10279414057731628,
        0.09776758402585983,
        0.0997072160243988,
        0.09818167239427567,
        0.10261821746826172,
        0.09352686256170273,
        0.09031632542610168,
        0.09069810062646866,
        0.08930250257253647,
        0.08859456330537796,
        0.07950206845998764,
        0.08798124641180038,
        0.08027731627225876,
        0.08144208788871765,
        0.07714515924453735,
        0.07708073407411575,
        0.08642697334289551,
        0.10350533574819565,
        0.09680192172527313,
        0.08927441388368607,
        0.08664046972990036,
        0.08868998289108276,
        0.09063229709863663,
        0.08887795358896255,
        0.08389156311750412,
        0.08030737936496735,
        0.0835517942905426,
        0.08056662976741791,
        0.0824839398264885
    ],