{
    "accuracy":[
        0.10294117778539658,
        0.10477941483259201,
        0.07904411852359772,
        0.10110294073820114,
        0.10110294073820114,
        0.0882352963089943,
        0.08639705926179886,
        0.10110294073820114,
        0.09742647409439087,
        0.09558823704719543,
        0.09007352590560913,
        0.08088235557079315,
        0.11029411852359772,
        0.09742647409439087,
        0.09007352590560913,
        0.07536764442920685,
        0.1194852963089943,
        0.11580882221460342,
        0.09558823704719543,
        0.11213235557079315,
        0.09375,
        0.12132352590560913,
        0.10294117778539658,
        0.08455882221460342,
        0.09375,
        0.12132352590560913
    ],
    "cosine_similarity":[
        0.9894934296607971,
        0.9979181885719299,
        0.9979416131973267,
        0.9979701042175293,
        0.9980024695396423,
        0.9980617761611938,
        0.998019814491272,
        0.9980632662773132,
        0.9980640411376953,
        0.9980630278587341,
        0.9980814456939697,
        0.9980682134628296,
        0.9980743527412415,
        0.9981285333633423,
        0.9980788230895996,
        0.9980928897857666,
        0.9981313347816467,
        0.9981656074523926,
        0.9981402158737183,
        0.998077929019928,
        0.9981119632720947,
        0.9981587529182434,
        0.9981465339660645,
        0.9981301426887512,
        0.9981222748756409,
        0.9981799125671387
    ],
    "loss":[
        0.019092723727226257,
        0.0069084432907402515,
        0.0063314298167824745,
        0.006178435869514942,
        0.005457669030874968,
        0.005377396009862423,
        0.005146542098373175,
        0.005189012736082077,
        0.004844501614570618,
        0.004806870594620705,
        0.004934444557875395,
        0.004954187665134668,
        0.004457922652363777,
        0.004665210377424955,
        0.004618600010871887,
        0.004307833965867758,
        0.004433568567037582,
        0.004316848702728748,
        0.004311848431825638,
        0.004376008175313473,
        0.004127418622374535,
        0.004234238062053919,
        0.0042595406994223595,
        0.004444699734449387,
        0.004126011859625578,
        0.004102742299437523
    ],
    "mean_absolute_error":[
        0.09325315803289413,
        0.06427256017923355,
        0.06190381199121475,
        0.060582488775253296,
        0.0570056326687336,
        0.05545986443758011,
        0.05471250042319298,
        0.05489687621593475,
        0.05234012380242348,
        0.05285690352320671,
        0.0531245656311512,
        0.05413316190242767,
        0.050024792551994324,
        0.05176042020320892,
        0.05163245275616646,
        0.04953175038099289,
        0.049992792308330536,
        0.049397360533475876,
        0.04928131774067879,
        0.05032361298799515,
        0.04832950234413147,
        0.048618383705616,
        0.04963451996445656,
        0.05027336999773979,
        0.04784594848752022,
        0.0481644831597805
    ],
    "mean_squared_error":[
        0.019092723727226257,
        0.0069084432907402515,
        0.0063314298167824745,
        0.006178435869514942,
        0.005457669030874968,
        0.005377396009862423,
        0.005146542098373175,
        0.005189012736082077,
        0.004844501614570618,
        0.004806870594620705,
        0.004934444557875395,
        0.004954187665134668,
        0.004457922652363777,
        0.004665210377424955,
        0.004618600010871887,
        0.004307833965867758,
        0.004433568567037582,
        0.004316848702728748,
        0.004311848431825638,
        0.004376008175313473,
        0.004127418622374535,
        0.004234238062053919,
        0.0042595406994223595,
        0.004444699734449387,
        0.004126011859625578,
        0.004102742299437523
    ],
    "val_accuracy":[
        0.11029411852359772,
        0.05882352963089943,
        0.06617647409439087,
        0.05147058889269829,
        0.11029411852359772,
        0.05147058889269829,
        0.08088235557079315,
        0.05882352963089943,
        0.14705882966518402,
        0.05882352963089943,
        0.06617647409439087,
        0.22794117033481598,
        0.022058824077248573,
        0.18382352590560913,
        0.07352941483259201,
        0.18382352590560913,
        0.1617647111415863,
        0.10294117778539658,
        0.09558823704719543,
        0.06617647409439087,
        0.13970588147640228,
        0.16911764442920685,
        0.04411764815449715,
        0.0882352963089943,
        0.09558823704719543,
        0.11764705926179886
    ],
    "val_cosine_similarity":[
        0.9966945648193359,
        0.9976119995117188,
        0.997592568397522,
        0.9978237152099609,
        0.9977278113365173,
        0.9977835416793823,
        0.9979771971702576,
        0.9979216456413269,
        0.9979825019836426,
        0.9976134300231934,
        0.9980098605155945,
        0.997945249080658,
        0.9977256655693054,
        0.9980111718177795,
        0.9977395534515381,
        0.9980604648590088,
        0.9980760216712952,
        0.9979960322380066,
        0.9980157017707825,
        0.9976119995117188,
        0.9979884028434753,
        0.9979470372200012,
        0.9979967474937439,
        0.9979868531227112,
        0.9980698823928833,
        0.9978874325752258
    ],
    "val_loss":[
        0.010382265783846378,
        0.005559432785958052,
        0.005034883040934801,
        0.0048017436638474464,
        0.006793855689466,
        0.004435893148183823,
        0.00644091097638011,
        0.005312983877956867,
        0.005675415974110365,
        0.004300394095480442,
        0.004019967280328274,
        0.00425494322553277,
        0.004437279887497425,
        0.003845457686111331,
        0.004027701914310455,
        0.0038153205532580614,
        0.003877020440995693,
        0.0039223115891218185,
        0.004101309925317764,
        0.004369254224002361,
        0.004326911177486181,
        0.004200916737318039,
        0.0044339485466480255,
        0.005726480856537819,
        0.004965085070580244,
        0.004981303121894598
    ],
    "val_mean_absolute_error":[
        0.08308097720146179,
        0.05768242105841637,
        0.05407988280057907,
        0.05159981548786163,
        0.06677573919296265,
        0.04991796985268593,
        0.06139305606484413,
        0.05581466853618622,
        0.05986703187227249,
        0.04826682433485985,
        0.04665984958410263,
        0.04818834364414215,
        0.05011548846960068,
        0.04499158263206482,
        0.04518496245145798,
        0.04448217526078224,
        0.044488325715065,
        0.044736240059137344,
        0.04779735952615738,
        0.0480755940079689,
        0.04720570892095566,
        0.048845287412405014,
        0.047195132821798325,
        0.055169638246297836,
        0.05267556756734848,
        0.05402489751577377
    ],
    "val_mean_squared_error":[
        0.010382265783846378,
        0.005559432785958052,
        0.005034883040934801,
        0.0048017436638474464,
        0.006793855689466,
        0.004435893148183823,
        0.00644091097638011,
        0.005312983877956867,
        0.005675415974110365,
        0.004300394095480442,
        0.004019967280328274,
        0.00425494322553277,
        0.004437279887497425,
        0.003845457686111331,
        0.004027701914310455,
        0.0038153205532580614,
        0.003877020440995693,
        0.0039223115891218185,
        0.004101309925317764,
        0.004369254224002361,
        0.004326911177486181,
        0.004200916737318039,
        0.0044339485466480255,
        0.005726480856537819,
        0.004965085070580244,
        0.004981303121894598
    ]
}