{"Strategy Metrics": {"Daily Swing Trade Return": 239.87229799999997, "Buy & Hold Return": -6.669615000000001, "Auto13($22000) Return": 120485.70556399986}, "Model Metrics": {"loss": 419.6253356933594, "mean_squared_error": 419.6253356933594, "mean_absolute_error": 19.268775939941406, "accuracy": 0.1480611115694046, "cosine_proximity": 0.9998384118080139}, "Class Metrics": {"f1_monark": 0.8802873104549082, "accuracy": 0.8826291079812206, "precision": 0.8705603788476717, "recall": 0.8902340597255851, "roc auc": 0.8828543115636278}}