{
    "accuracy":[
        0.06402736902236938,
        0.07086998969316483,
        0.07502444088459015,
        0.08137829601764679,
        0.08394428342580795,
        0.0826001986861229,
        0.09005376696586609,
        0.08760996907949448,
        0.0833333358168602,
        0.08186705410480499,
        0.08492179960012436,
        0.08504398912191391
    ],
    "cosine_similarity":[
        0.7861059308052063,
        0.7848355770111084,
        0.7972119450569153,
        0.7997944355010986,
        0.8088584542274475,
        0.8050702810287476,
        0.817500650882721,
        0.8185163140296936,
        0.8212542533874512,
        0.8155910968780518,
        0.8128340840339661,
        0.8186917304992676
    ],
    "loss":[
        0.0029620265122503042,
        0.0015455413376912475,
        0.0013669631443917751,
        0.0012492071837186813,
        0.0011730864644050598,
        0.0010816174326464534,
        0.0010300426511093974,
        0.0009813450742512941,
        0.000955806637648493,
        0.0009215190657414496,
        0.0008877567015588284,
        0.0008761273347772658
    ],
    "mean_absolute_error":[
        0.03423001617193222,
        0.02766575664281845,
        0.02570822276175022,
        0.024698352441191673,
        0.023949721828103065,
        0.023051299154758453,
        0.02256717160344124,
        0.021913139149546623,
        0.02153748646378517,
        0.02114276960492134,
        0.02064337395131588,
        0.020809471607208252
    ],
    "mean_squared_error":[
        0.0029620265122503042,
        0.0015455413376912475,
        0.0013669631443917751,
        0.0012492071837186813,
        0.0011730864644050598,
        0.0010816174326464534,
        0.0010300426511093974,
        0.0009813450742512941,
        0.000955806637648493,
        0.0009215190657414496,
        0.0008877567015588284,
        0.0008761273347772658
    ],
    "val_accuracy":[
        0.054252199828624725,
        0.09188660979270935,
        0.11925708502531052,
        0.0845552310347557,
        0.11436950415372849,
        0.0830889567732811,
        0.08748777955770493,
        0.08504398912191391,
        0.13685239851474762,
        0.08944281190633774,
        0.10703812539577484,
        0.05327468365430832
    ],
    "val_cosine_similarity":[
        0.3488752245903015,
        0.5259724259376526,
        0.9948725700378418,
        0.9981697201728821,
        0.9967668056488037,
        0.9981278777122498,
        0.5454352498054504,
        0.9981362819671631,
        0.9101433157920837,
        0.9982353448867798,
        0.9980578422546387,
        0.997761607170105
    ],
    "val_loss":[
        0.0008241117466241121,
        0.0003983663918916136,
        0.000843943387735635,
        0.0006426387699320912,
        0.00047977507347241044,
        0.0008292915881611407,
        0.0004225588636472821,
        0.0008973057265393436,
        0.0010930469725281,
        0.0004263701557647437,
        0.0013128936989232898,
        0.0004103213723283261
    ],
    "val_mean_absolute_error":[
        0.02374657243490219,
        0.013875623233616352,
        0.015738273039460182,
        0.018321990966796875,
        0.010828198865056038,
        0.022194497287273407,
        0.01563025824725628,
        0.021436668932437897,
        0.02214454486966133,
        0.013549611903727055,
        0.023182496428489685,
        0.012219693511724472
    ],
    "val_mean_squared_error":[
        0.0008241117466241121,
        0.0003983663918916136,
        0.000843943387735635,
        0.0006426387699320912,
        0.00047977507347241044,
        0.0008292915881611407,
        0.0004225588636472821,
        0.0008973057265393436,
        0.0010930469725281,
        0.0004263701557647437,
        0.0013128936989232898,
        0.0004103213723283261
    ]
}