{"Strategy Metrics": {"Daily Swing Trade Return": 2.419999999999998, "Buy & Hold Return": -10.610000000000001, "Auto13($22000) Return": 1551.4400290000121}, "Model Metrics": {"loss": 134.88381958007812, "mean_squared_error": 134.88381958007812, "mean_absolute_error": 11.295334815979004, "accuracy": 0.17419354617595673, "cosine_proximity": 0.9768374562263489}, "Class Metrics": {"f1_monark": 0.4900662251655629, "accuracy": 0.5126582278481012, "precision": 0.4868421052631579, "recall": 0.49333333333333335, "roc auc": 0.5117269076305221}}