{
    "accuracy":[
        0.07151589542627335,
        0.08985330164432526,
        0.08435207605361938,
        0.08190709352493286,
        0.0867970660328865,
        0.09413202852010727,
        0.08801955729722977,
        0.08618582040071487,
        0.09841075539588928,
        0.07701711356639862,
        0.09657701849937439,
        0.08496332168579102,
        0.09413202852010727,
        0.09290953725576401,
        0.08496332168579102,
        0.09841075539588928,
        0.09046454727649689,
        0.09107579290866852,
        0.09596577286720276,
        0.08618582040071487,
        0.09046454727649689
    ],
    "cosine_similarity":[
        0.9254215359687805,
        0.916416585445404,
        0.917837381362915,
        0.9231736660003662,
        0.9308894276618958,
        0.9234043955802917,
        0.9348482489585876,
        0.9386838674545288,
        0.929648756980896,
        0.9349455237388611,
        0.9419149160385132,
        0.9401487112045288,
        0.943244457244873,
        0.945743978023529,
        0.9463003277778625,
        0.944537341594696,
        0.9423599243164062,
        0.9472953081130981,
        0.9471464157104492,
        0.9416474103927612,
        0.9572681784629822
    ],
    "loss":[
        0.00017124817532021552,
        8.055722719291225e-05,
        7.190082396846265e-05,
        6.740510434610769e-05,
        6.453183596022427e-05,
        6.060902524041012e-05,
        5.7114102673949674e-05,
        5.57838284294121e-05,
        5.6660835980437696e-05,
        5.549120032810606e-05,
        5.238600351731293e-05,
        5.371039151214063e-05,
        5.1542287110351026e-05,
        5.1587569032562897e-05,
        5.4307565733324736e-05,
        5.036827496951446e-05,
        5.2298884838819504e-05,
        5.226831490290351e-05,
        5.124433300807141e-05,
        4.973051545675844e-05,
        4.855452789342962e-05
    ],
    "mean_absolute_error":[
        0.008902521803975105,
        0.006700472440570593,
        0.006389161571860313,
        0.0061868769116699696,
        0.005981708876788616,
        0.005832483991980553,
        0.005549542605876923,
        0.005541319493204355,
        0.005574972368776798,
        0.005480002146214247,
        0.005307274870574474,
        0.00539050530642271,
        0.005232539959251881,
        0.0052765244618058205,
        0.005350111052393913,
        0.005165932700037956,
        0.0052940561436116695,
        0.005238870158791542,
        0.00518400315195322,
        0.005157014820724726,
        0.005019336473196745
    ],
    "mean_squared_error":[
        0.00017124817532021552,
        8.055722719291225e-05,
        7.190082396846265e-05,
        6.740510434610769e-05,
        6.453183596022427e-05,
        6.060902524041012e-05,
        5.7114102673949674e-05,
        5.57838284294121e-05,
        5.6660835980437696e-05,
        5.549120032810606e-05,
        5.238600351731293e-05,
        5.371039151214063e-05,
        5.1542287110351026e-05,
        5.1587569032562897e-05,
        5.4307565733324736e-05,
        5.036827496951446e-05,
        5.2298884838819504e-05,
        5.226831490290351e-05,
        5.124433300807141e-05,
        4.973051545675844e-05,
        4.855452789342962e-05
    ],
    "val_accuracy":[
        0.17073170840740204,
        0.05121951177716255,
        0.039024390280246735,
        0.1609756052494049,
        0.08536585420370102,
        0.04146341606974602,
        0.04878048598766327,
        0.08292683213949203,
        0.05609755963087082,
        0.1317073106765747,
        0.05609755963087082,
        0.07804878056049347,
        0.08780487626791,
        0.09756097197532654,
        0.15121951699256897,
        0.07804878056049347,
        0.08292683213949203,
        0.06829268485307693,
        0.0585365854203701,
        0.05121951177716255,
        0.05609755963087082
    ],
    "val_cosine_similarity":[
        0.9952999353408813,
        0.9951043128967285,
        0.9931182265281677,
        0.9936572313308716,
        0.9957745671272278,
        0.989486038684845,
        0.9958591461181641,
        0.9932909607887268,
        0.996164083480835,
        0.9916216135025024,
        0.9892125725746155,
        0.9759517312049866,
        0.9951500296592712,
        0.9879348278045654,
        0.9938329458236694,
        0.9941715002059937,
        0.9928390383720398,
        0.9590356349945068,
        0.571982204914093,
        0.9944188594818115,
        0.985925018787384
    ],
    "val_loss":[
        0.0001513189636170864,
        0.0001402309280820191,
        4.534773324849084e-05,
        5.8125668147113174e-05,
        4.406372318044305e-05,
        4.645016451831907e-05,
        4.1246537875849754e-05,
        4.417357558850199e-05,
        4.264629023964517e-05,
        3.283372279838659e-05,
        3.2407195249106735e-05,
        4.255977546563372e-05,
        5.044996942160651e-05,
        3.577615643735044e-05,
        3.705090784933418e-05,
        3.5795746953226626e-05,
        4.011502824141644e-05,
        3.452474265941419e-05,
        6.315225618891418e-05,
        3.553070200723596e-05,
        3.3280623028986156e-05
    ],
    "val_mean_absolute_error":[
        0.010738072916865349,
        0.01015055924654007,
        0.004582954570651054,
        0.006209969986230135,
        0.004686999134719372,
        0.004723669961094856,
        0.004457521252334118,
        0.0050544170662760735,
        0.005329702515155077,
        0.003986635245382786,
        0.003846200881525874,
        0.004527480807155371,
        0.004812338855117559,
        0.004112724680453539,
        0.0041664340533316135,
        0.0042308601550757885,
        0.004997955169528723,
        0.004185876809060574,
        0.006735256407409906,
        0.0039132763631641865,
        0.00393121549859643
    ],
    "val_mean_squared_error":[
        0.0001513189636170864,
        0.0001402309280820191,
        4.534773324849084e-05,
        5.8125668147113174e-05,
        4.406372318044305e-05,
        4.645016451831907e-05,
        4.1246537875849754e-05,
        4.417357558850199e-05,
        4.264629023964517e-05,
        3.283372279838659e-05,
        3.2407195249106735e-05,
        4.255977546563372e-05,
        5.044996942160651e-05,
        3.577615643735044e-05,
        3.705090784933418e-05,
        3.5795746953226626e-05,
        4.011502824141644e-05,
        3.452474265941419e-05,
        6.315225618891418e-05,
        3.553070200723596e-05,
        3.3280623028986156e-05
    ]
}