{"Strategy Metrics": {"Daily Swing Trade Return": 33696.78954900004, "Buy & Hold Return": 2715.7939449999994, "Auto13($22000) Return": 67393.57909800006}, "Model Metrics": {"loss": 84735944.0, "mean_squared_error": 84735944.0, "mean_absolute_error": 9080.5810546875, "accuracy": 0.1631205677986145, "cosine_proximity": 0.9994716048240662}, "Class Metrics": {"f1_monark": 0.7813953488372093, "accuracy": 0.7793427230046949, "precision": 0.7850467289719626, "recall": 0.7777777777777778, "roc auc": 0.7793650793650793}}