{"Strategy Metrics": {"Daily Swing Trade Return": 96.3300170000001, "Buy & Hold Return": -5.919999999999998, "Auto13($22000) Return": 13088.422487000018}, "Model Metrics": {"loss": 1054.8172607421875, "mean_squared_error": 1054.8172607421875, "mean_absolute_error": 32.320072174072266, "accuracy": 0.24629630148410797, "cosine_similarity": 0.9997134804725647}, "Class Metrics": {"f1_monark": 0.9620689655172414, "accuracy": 0.9595588235294118, "precision": 0.9554794520547946, "recall": 0.96875, "roc auc": 0.958984375}}