{"Strategy Metrics": {"Daily Swing Trade Return": 117.3499930000001, "Buy & Hold Return": -4.090000000000002, "Auto13($22000) Return": 64259.79508000004}, "Model Metrics": {"loss": 113.60623931884766, "mean_squared_error": 113.60623931884766, "mean_absolute_error": 10.044957160949707, "accuracy": 0.26350900530815125, "cosine_similarity": 0.9992920756340027}, "Class Metrics": {"f1_monark": 0.7318327974276527, "accuracy": 0.7225548902195609, "precision": 0.714824120603015, "recall": 0.7496706192358367, "roc auc": 0.7222815461770581}}