{
    "accuracy":[
        0.3543965220451355,
        0.32631227374076843,
        0.33701103925704956,
        0.3309929668903351,
        0.3360080122947693,
        0.3343363404273987,
        0.3323303163051605,
        0.3206285536289215,
        0.34971582889556885,
        0.3273152709007263,
        0.35071882605552673,
        0.3553995192050934,
        0.34637245535850525,
        0.3600802421569824,
        0.3400200605392456,
        0.33868271112442017,
        0.3577398955821991,
        0.3483784794807434,
        0.3356736898422241,
        0.3410230576992035,
        0.3243062496185303,
        0.3460381031036377,
        0.3373453617095947,
        0.33366766571998596,
        0.350050151348114,
        0.3406887352466583,
        0.34570378065109253,
        0.350050151348114,
        0.34035438299179077,
        0.35138750076293945,
        0.33467069268226624,
        0.3299899697303772,
        0.34369775652885437,
        0.3450351059436798,
        0.3510531485080719,
        0.3299899697303772,
        0.36676695942878723,
        0.3537278473377228,
        0.34035438299179077,
        0.3440321087837219,
        0.3350050151348114,
        0.3373453617095947
    ],
    "cosine_similarity":[
        0.9247856140136719,
        0.922879695892334,
        0.9174655079841614,
        0.9136024713516235,
        0.9248985648155212,
        0.934429407119751,
        0.931448221206665,
        0.9321627020835876,
        0.9228689670562744,
        0.9305644631385803,
        0.9289159178733826,
        0.9325548410415649,
        0.9287272691726685,
        0.9296125769615173,
        0.9350329041481018,
        0.9320475459098816,
        0.9351722002029419,
        0.9348919987678528,
        0.9366726279258728,
        0.9380645155906677,
        0.940493106842041,
        0.9371127486228943,
        0.9365594387054443,
        0.9310595989227295,
        0.9406944513320923,
        0.9317837953567505,
        0.9320306181907654,
        0.936419665813446,
        0.9393791556358337,
        0.932903528213501,
        0.9333670735359192,
        0.941027045249939,
        0.9371476769447327,
        0.9394309520721436,
        0.9337210655212402,
        0.9400678277015686,
        0.9415827393531799,
        0.9412476420402527,
        0.9368875622749329,
        0.9387814402580261,
        0.9408112168312073,
        0.9361497759819031
    ],
    "loss":[
        0.004325516987591982,
        0.002237848471850157,
        0.0017960694385692477,
        0.0016232929192483425,
        0.0015489833895117044,
        0.0014238680014386773,
        0.001398096326738596,
        0.0013634345959872007,
        0.0013268847251310945,
        0.0012418973492458463,
        0.0011935102520510554,
        0.0012803759891539812,
        0.0011226816568523645,
        0.0011406433768570423,
        0.0011401097290217876,
        0.0011564462911337614,
        0.001059646951034665,
        0.0011619034921750426,
        0.0010558011708781123,
        0.0010692267678678036,
        0.0010835900902748108,
        0.0010206432780250907,
        0.0010360634187236428,
        0.001076704473234713,
        0.001017846050672233,
        0.0010204139398410916,
        0.0009904520120471716,
        0.0010429061949253082,
        0.0010250586783513427,
        0.0009855700191110373,
        0.0009218286722898483,
        0.0009874237002804875,
        0.0010135890915989876,
        0.0009882613085210323,
        0.000915125769097358,
        0.0009125503129325807,
        0.0009146372904069722,
        0.00094828219152987,
        0.0009230755385942757,
        0.0010223333956673741,
        0.0009056173730641603,
        0.0009426602628082037
    ],
    "mean_absolute_error":[
        0.04473690688610077,
        0.03378741070628166,
        0.031202340498566628,
        0.02990748919546604,
        0.029167693108320236,
        0.027881748974323273,
        0.02771901898086071,
        0.027355888858437538,
        0.026639636605978012,
        0.026013337075710297,
        0.025516359135508537,
        0.02619204856455326,
        0.024988802149891853,
        0.02482052706182003,
        0.025182582437992096,
        0.025350917130708694,
        0.024192532524466515,
        0.02498249150812626,
        0.0241167563945055,
        0.024296244606375694,
        0.024302128702402115,
        0.023679276928305626,
        0.023951349779963493,
        0.024430055171251297,
        0.023449232801795006,
        0.02350902184844017,
        0.02322106622159481,
        0.023831171914935112,
        0.023508593440055847,
        0.0233620535582304,
        0.022406980395317078,
        0.0230729803442955,
        0.023312294855713844,
        0.02297070622444153,
        0.022426392883062363,
        0.022336963564157486,
        0.022710468620061874,
        0.022346578538417816,
        0.022333117201924324,
        0.023471014574170113,
        0.022407367825508118,
        0.0228083748370409
    ],
    "mean_squared_error":[
        0.004325516987591982,
        0.002237848471850157,
        0.0017960694385692477,
        0.0016232929192483425,
        0.0015489833895117044,
        0.0014238680014386773,
        0.001398096326738596,
        0.0013634345959872007,
        0.0013268847251310945,
        0.0012418973492458463,
        0.0011935102520510554,
        0.0012803759891539812,
        0.0011226816568523645,
        0.0011406433768570423,
        0.0011401097290217876,
        0.0011564462911337614,
        0.001059646951034665,
        0.0011619034921750426,
        0.0010558011708781123,
        0.0010692267678678036,
        0.0010835900902748108,
        0.0010206432780250907,
        0.0010360634187236428,
        0.001076704473234713,
        0.001017846050672233,
        0.0010204139398410916,
        0.0009904520120471716,
        0.0010429061949253082,
        0.0010250586783513427,
        0.0009855700191110373,
        0.0009218286722898483,
        0.0009874237002804875,
        0.0010135890915989876,
        0.0009882613085210323,
        0.000915125769097358,
        0.0009125503129325807,
        0.0009146372904069722,
        0.00094828219152987,
        0.0009230755385942757,
        0.0010223333956673741,
        0.0009056173730641603,
        0.0009426602628082037
    ],
    "val_accuracy":[
        0.3649732768535614,
        0.3636363744735718,
        0.2754010558128357,
        0.26203209161758423,
        0.3382352888584137,
        0.39438503980636597,
        0.32085561752319336,
        0.35160428285598755,
        0.3863636255264282,
        0.3970588147640228,
        0.3957219123840332,
        0.38903743028640747,
        0.27272728085517883,
        0.3957219123840332,
        0.38235294818878174,
        0.3970588147640228,
        0.35160428285598755,
        0.35561496019363403,
        0.37299466133117676,
        0.3957219123840332,
        0.2954545319080353,
        0.3970588147640228,
        0.3141711354255676,
        0.39304813742637634,
        0.3810160458087921,
        0.3489304780960083,
        0.3903743326663971,
        0.3850267231464386,
        0.39304813742637634,
        0.3435828983783722,
        0.312834233045578,
        0.23796790838241577,
        0.23262031376361847,
        0.32486632466316223,
        0.3074866235256195,
        0.37834224104881287,
        0.3796791434288025,
        0.30882352590560913,
        0.28475937247276306,
        0.4050801992416382,
        0.3863636255264282,
        0.36229947209358215
    ],