{"Strategy Metrics": {"Daily Swing Trade Return": 566.8431920000003, "Buy & Hold Return": 98.304645, "Auto13($22000) Return": 126389.00394399988}, "Model Metrics": {"loss": 1906.0438232421875, "mean_squared_error": 1906.0438232421875, "mean_absolute_error": 38.21730422973633, "accuracy": 0.09310518205165863, "cosine_similarity": 0.999476969242096}, "Class Metrics": {"f1_monark": 0.9636277751535192, "accuracy": 0.9615, "precision": 0.9586466165413534, "recall": 0.9686609686609686, "roc auc": 0.9610992277306956}}