{
    "accuracy":[
        0.15596330165863037,
        0.1813690960407257,
        0.1785462200641632,
        0.1700776219367981,
        0.1813690960407257,
        0.17078334093093872,
        0.14255470037460327,
        0.16866619884967804,
        0.16937191784381866,
        0.16443189978599548,
        0.17925193905830383,
        0.17784050107002258,
        0.1672547608613968,
        0.18560338020324707,
        0.1672547608613968,
        0.16654904186725616,
        0.1651376187801361,
        0.1757233589887619,
        0.1700776219367981,
        0.1700776219367981,
        0.17431192100048065,
        0.1729004979133606,
        0.18560338020324707,
        0.16372618079185486,
        0.1947776973247528,
        0.1785462200641632,
        0.19054339826107025,
        0.1813690960407257,
        0.16654904186725616,
        0.20112915337085724,
        0.18701481819152832,
        0.20395201444625854,
        0.20677487552165985,
        0.20112915337085724,
        0.20677487552165985,
        0.21524347364902496,
        0.19548341631889343,
        0.20112915337085724,
        0.1947776973247528,
        0.20324629545211792,
        0.21030345559120178,
        0.20606915652751923,
        0.20748059451580048,
        0.199717715382576,
        0.2081863135099411,
        0.18066337704658508,
        0.21030345559120178,
        0.19336625933647156,
        0.20183485746383667,
        0.199717715382576,
        0.20324629545211792,
        0.18278051912784576,
        0.18701481819152832,
        0.18701481819152832,
        0.19689485430717468,
        0.2159491926431656,
        0.19336625933647156,
        0.18701481819152832,
        0.19124911725521088
    ],
    "cosine_similarity":[
        0.8746935129165649,
        0.8653900623321533,
        0.8506236672401428,
        0.8445443511009216,
        0.8441097736358643,
        0.8473573327064514,
        0.8524394035339355,
        0.8493133783340454,
        0.8599390983581543,
        0.8488785624504089,
        0.8550649881362915,
        0.8604292869567871,
        0.8597424030303955,
        0.8564544320106506,
        0.8630738258361816,
        0.8633992075920105,
        0.8551092743873596,
        0.8748272061347961,
        0.8530294895172119,
        0.870232343673706,
        0.8417769074440002,
        0.8672763109207153,
        0.8744984269142151,
        0.8661707043647766,
        0.8751935958862305,
        0.8676013350486755,
        0.8645004630088806,
        0.8703441023826599,
        0.8725156784057617,
        0.884177565574646,
        0.8688613176345825,
        0.8634561896324158,
        0.8570101857185364,
        0.8639270663261414,
        0.8727218508720398,
        0.8748626112937927,
        0.8622568845748901,
        0.8652676343917847,
        0.8714737296104431,
        0.8613699674606323,
        0.8780494332313538,
        0.8888274431228638,
        0.8767457008361816,
        0.8710263967514038,
        0.8764950037002563,
        0.8780736327171326,
        0.8607802391052246,
        0.8708583116531372,
        0.8851190209388733,
        0.8749138712882996,
        0.8787240386009216,
        0.8587111234664917,
        0.8668033480644226,
        0.8669936060905457,
        0.8751729130744934,
        0.8718597888946533,
        0.8798750638961792,
        0.8773953318595886,
        0.8752999901771545
    ],
    "loss":[
        0.00042739338823594153,
        0.00013830182433594018,
        0.00011867270950460806,
        0.00010143390682060272,
        0.00010469331755302846,
        9.076948481379077e-05,
        8.075728692347184e-05,
        7.756047125440091e-05,
        7.275558891706169e-05,
        7.587466097902507e-05,
        7.273150549735874e-05,
        7.426443335134536e-05,
        7.353661203524098e-05,
        6.645796383963898e-05,
        6.349252362269908e-05,
        7.21176402294077e-05,
        6.448508793255314e-05,
        6.266809941735119e-05,
        6.934850534889847e-05,
        6.214939639903605e-05,
        6.727443542331457e-05,
        5.469002644531429e-05,
        5.8930858358507976e-05,
        6.038938954588957e-05,
        6.556773587362841e-05,
        6.085542918299325e-05,
        6.0763617511838675e-05,
        5.7358065532753244e-05,
        5.663805131916888e-05,
        6.382837455021217e-05,
        6.562784983543679e-05,
        6.032709279679693e-05,
        5.940275877946988e-05,
        6.0319034673739225e-05,
        5.761394277215004e-05,
        5.3558065701508895e-05,
        5.700206384062767e-05,
        5.656164648826234e-05,
        5.4928139434196055e-05,
        5.907713057240471e-05,
        5.632975080516189e-05,
        5.809369031339884e-05,
        5.627854625345208e-05,
        6.028424468240701e-05,
        5.4122858273331076e-05,
        5.4451760661322623e-05,
        6.04220804234501e-05,
        5.094960579299368e-05,
        5.379590584198013e-05,
        5.336798858479597e-05,
        5.802524901810102e-05,
        5.610615698969923e-05,
        5.305999729898758e-05,
        5.157821215107106e-05,
        5.3662879508920014e-05,
        5.199913721298799e-05,
        4.78735237265937e-05,
        5.466599395731464e-05,
        5.59995933144819e-05
    ],
    "mean_absolute_error":[
        0.014532297849655151,
        0.009036111645400524,
        0.008444903418421745,
        0.007812244817614555,
        0.00798279419541359,
        0.007409349549561739,
        0.006970851682126522,
        0.006876098923385143,
        0.006678794045001268,
        0.006764720659703016,
        0.006658157799392939,
        0.006743949372321367,
        0.006636554375290871,
        0.006428365129977465,
        0.00619511678814888,
        0.006566416937857866,
        0.006292227189987898,
        0.006082690786570311,
        0.006520942319184542,
        0.006167265120893717,
        0.006385520100593567,
        0.005759426858276129,
        0.0059397113509476185,
        0.006017493084073067,
        0.006312368903309107,
        0.006083151791244745,
        0.006028723903000355,
        0.005879017058759928,
        0.005810217931866646,
        0.006233541760593653,
        0.006314130034297705,
        0.00599192688241601,
        0.005987892858684063,
        0.005983916111290455,
        0.005898273084312677,
        0.0056803422048687935,
        0.005945051088929176,
        0.005905216559767723,
        0.005730255972594023,
        0.0059835356660187244,
        0.005828186869621277,
        0.00587600888684392,
        0.005768829025328159,
        0.006024339701980352,
        0.0057316129095852375,
        0.005707069765776396,
        0.006022200454026461,
        0.005567863583564758,
        0.005633928347378969,
        0.005623524077236652,
        0.005791327450424433,
        0.005849054083228111,
        0.0057102288119494915,
        0.005551534239202738,
        0.0057046078145504,
        0.005642903968691826,
        0.005409234203398228,
        0.005750293377786875,
        0.005808056332170963
    ],