{"Strategy Metrics": {"Daily Swing Trade Return": 37.930000000000035, "Buy & Hold Return": 1.3199999999999985, "Auto13($22000) Return": 7547.6700000000055}, "Model Metrics": {"loss": 135.11863708496094, "mean_squared_error": 135.11863708496094, "mean_absolute_error": 11.469134330749512, "accuracy": 0.14626218378543854, "cosine_similarity": 0.9994737505912781}, "Class Metrics": {"f1_monark": 0.6262833675564682, "accuracy": 0.6090225563909775, "precision": 0.6211812627291242, "recall": 0.6314699792960663, "roc auc": 0.6081457039337475}}