{"Strategy Metrics": {"Daily Swing Trade Return": 3722.950000000008, "Buy & Hold Return": 662.5809999999983, "Auto13($22000) Return": 7445.9000000000015}, "Model Metrics": {"loss": 137488320.0, "mean_squared_error": 137488320.0, "mean_absolute_error": 11717.908203125, "accuracy": 0.37603306770324707, "cosine_similarity": 0.9475866556167603}, "Class Metrics": {"f1_monark": 0.7027027027027026, "accuracy": 0.611764705882353, "precision": 0.6290322580645161, "recall": 0.7959183673469388, "roc auc": 0.578514739229025}}