{
    "accuracy":[
        0.11021920293569565,
        0.11361531168222427,
        0.10280951112508774,
        0.09725223481655121,
        0.09570854902267456,
        0.10188329964876175,
        0.10373572260141373,
        0.10805804282426834,
        0.10589688271284103,
        0.10497067123651505,
        0.1003396138548851,
        0.10280951112508774,
        0.09972213953733444,
        0.10682309418916702,
        0.10404445976018906,
        0.11886384338140488,
        0.10805804282426834,
        0.12133374810218811,
        0.10682309418916702,
        0.11330657452344894,
        0.12009879946708679,
        0.12349490821361542,
        0.10991046577692032,
        0.12009879946708679,
        0.1191725805401802,
        0.12812596559524536,
        0.12812596559524536,
        0.1139240488409996,
        0.12812596559524536
    ],
    "cosine_similarity":[
        0.957200825214386,
        0.9569186568260193,
        0.943334698677063,
        0.93979811668396,
        0.9357149004936218,
        0.940295398235321,
        0.929516077041626,
        0.9451785683631897,
        0.9410324096679688,
        0.9411547183990479,
        0.9394387006759644,
        0.9369156956672668,
        0.948489785194397,
        0.9371388554573059,
        0.9441112279891968,
        0.9502041935920715,
        0.9461356997489929,
        0.9463012218475342,
        0.9454448819160461,
        0.9464223980903625,
        0.946733295917511,
        0.9470765590667725,
        0.9346678256988525,
        0.944133996963501,
        0.9511756896972656,
        0.9443294405937195,
        0.9485915303230286,
        0.9415889382362366,
        0.9489275217056274
    ],
    "loss":[
        0.007842074148356915,
        0.0033938316628336906,
        0.0025312784127891064,
        0.0022840911988168955,
        0.0020668336655944586,
        0.001996563049033284,
        0.001903685973957181,
        0.0019080089405179024,
        0.0018886657198891044,
        0.0018421021522954106,
        0.0016971681034192443,
        0.0019053809810429811,
        0.0017120378324761987,
        0.0017150798812508583,
        0.0017209036741405725,
        0.001617414760403335,
        0.001581071875989437,
        0.0015623598592355847,
        0.0018429599003866315,
        0.0016619963571429253,
        0.0017227985663339496,
        0.0016985221300274134,
        0.00158333545550704,
        0.0015888987109065056,
        0.0017464340198785067,
        0.0016713307704776525,
        0.0016832054825499654,
        0.0015770336613059044,
        0.0015887924237176776
    ],
    "mean_absolute_error":[
        0.054062530398368835,
        0.037091828882694244,
        0.03323671594262123,
        0.032459747046232224,
        0.030708787962794304,
        0.03098427690565586,
        0.030306275933980942,
        0.029889777302742004,
        0.03022690676152706,
        0.02965642884373665,
        0.029156899079680443,
        0.029706282541155815,
        0.028859542682766914,
        0.0287307295948267,
        0.028934039175510406,
        0.02813909389078617,
        0.027204934507608414,
        0.02777724899351597,
        0.029533712193369865,
        0.028491001576185226,
        0.028673222288489342,
        0.02852846309542656,
        0.027992375195026398,
        0.027639521285891533,
        0.02842658944427967,
        0.02859087847173214,
        0.028366712853312492,
        0.027458172291517258,
        0.02795672044157982
    ],
    "mean_squared_error":[
        0.007842074148356915,
        0.0033938316628336906,
        0.0025312784127891064,
        0.0022840911988168955,
        0.0020668336655944586,
        0.001996563049033284,
        0.001903685973957181,
        0.0019080089405179024,
        0.0018886657198891044,
        0.0018421021522954106,
        0.0016971681034192443,
        0.0019053809810429811,
        0.0017120378324761987,
        0.0017150798812508583,
        0.0017209036741405725,
        0.001617414760403335,
        0.001581071875989437,
        0.0015623598592355847,
        0.0018429599003866315,
        0.0016619963571429253,
        0.0017227985663339496,
        0.0016985221300274134,
        0.00158333545550704,
        0.0015888987109065056,
        0.0017464340198785067,
        0.0016713307704776525,
        0.0016832054825499654,
        0.0015770336613059044,
        0.0015887924237176776
    ],
    "val_accuracy":[
        0.08148147910833359,
        0.056790124624967575,
        0.09012345969676971,
        0.07530864328145981,
        0.11728394776582718,
        0.08271604776382446,
        0.08641975373029709,
        0.1061728373169899,
        0.05308641865849495,
        0.09506172686815262,
        0.06913580000400543,
        0.12839506566524506,
        0.08518518507480621,
        0.1666666716337204,
        0.17283950746059418,
        0.17037037014961243,
        0.09382715821266174,
        0.12469135969877243,
        0.11851851642131805,
        0.20617283880710602,
        0.11851851642131805,
        0.12839506566524506,
        0.13333334028720856,
        0.1975308656692505,
        0.13827160000801086,
        0.08888889104127884,
        0.15925925970077515,
        0.08024691045284271,
        0.10246913880109787
    ],
    "val_cosine_similarity":[
        0.9850009679794312,
        0.9953720569610596,
        0.9961894750595093,
        0.9872117638587952,
        0.9819058179855347,
        0.9961966276168823,
        0.9963259696960449,
        0.9952079653739929,
        0.9962787628173828,
        0.9959782361984253,
        0.9962674379348755,
        0.9962913990020752,
        0.9962711334228516,
        0.9963452219963074,
        0.9961533546447754,
        0.9963235259056091,
        0.9958782196044922,
        0.9962776303291321,
        0.9963353276252747,
        0.996353805065155,
        0.996322512626648,
        0.9962814450263977,
        0.996296226978302,
        0.9960392117500305,
        0.9963920712471008,
        0.996353805065155,
        0.9963859915733337,
        0.9955646991729736,
        0.9963195323944092
    ],
    "val_loss":[
        0.0010599270462989807,
        0.0009695594781078398,
        0.0010797573486343026,
        0.0014742645435035229,
        0.0008166651823557913,
        0.0010650750482454896,
        0.0009595235460437834,
        0.0009604740189388394,
        0.0013345932820811868,
        0.000752720981836319,
        0.000854849349707365,
        0.0013097769115120173,
        0.0008055517100729048,
        0.0007540793158113956,
        0.0007320705917663872,
        0.0010725975735113025,
        0.0007236881065182388,
        0.0012796432711184025,
        0.0013167121214792132,
        0.00077181396773085,
        0.0008248815429396927,
        0.0007161027751863003,
        0.0006921928143128753,
        0.0007917284965515137,
        0.0007944547687657177,
        0.001370948157273233,
        0.0008628827054053545,
        0.0007017223979346454,
        0.0007734604878351092
    ],
    "val_mean_absolute_error":[
        0.021813364699482918,
        0.021407829597592354,
        0.024968735873699188,
        0.024745769798755646,
        0.01901826076209545,
        0.025575105100870132,
        0.02152392826974392,
        0.01932276412844658,
        0.024493860080838203,
        0.017683610320091248,
        0.020893676206469536,
        0.02615119144320488,
        0.017566658556461334,
        0.01865232177078724,
        0.016986090689897537,
        0.0225315373390913,
        0.01668313518166542,
        0.02326205186545849,
        0.028374522924423218,
        0.0197953712195158,
        0.020789027214050293,
        0.016851160675287247,
        0.016400080174207687,
        0.01764560304582119,
        0.017770251259207726,
        0.023953162133693695,
        0.018788082525134087,
        0.016476191580295563,
        0.017288129776716232
    ],