{"Strategy Metrics": {"Daily Swing Trade Return": -36.70248100000015, "Buy & Hold Return": 96.69393099999999, "Auto13($22000) Return": 5298.32108899999}, "Model Metrics": {"loss": 1936.46044921875, "mean_squared_error": 1936.46044921875, "mean_absolute_error": 38.39350891113281, "accuracy": 0.23111556470394135, "cosine_similarity": 0.999869167804718}, "Class Metrics": {"f1_monark": 0.5730027548209367, "accuracy": 0.5354645354645354, "precision": 0.5546666666666666, "recall": 0.5925925925925926, "roc auc": 0.5323342309643679}}