{
    "accuracy":[
        0.19611848890781403,
        0.21348313987255096,
        0.2155260443687439,
        0.2019067108631134,
        0.21007831394672394,
        0.2032686471939087,
        0.18930882215499878,
        0.21348313987255096,
        0.2093973457813263,
        0.21041879057884216,
        0.19782090187072754,
        0.20905685424804688,
        0.21041879057884216,
        0.21280217170715332,
        0.21518556773662567,
        0.20292815566062927,
        0.21007831394672394,
        0.19305413961410522,
        0.20429009199142456,
        0.19816139340400696,
        0.20565202832221985,
        0.1940755844116211,
        0.21893088519573212,
        0.20871637761592865,
        0.20360912382602692,
        0.19748042523860931,
        0.2124616950750351,
        0.20837590098381042,
        0.2110997587442398,
        0.21961185336112976,
        0.2032686471939087,
        0.2093973457813263,
        0.21450459957122803,
        0.2019067108631134,
        0.22199523448944092,
        0.19986380636692047,
        0.21382363140583038,
        0.2093973457813263,
        0.20667347311973572,
        0.21893088519573212,
        0.21314266324043274,
        0.22437861561775208
    ],
    "cosine_similarity":[
        0.9674831032752991,
        0.984463095664978,
        0.9727796912193298,
        0.9616408944129944,
        0.9598478078842163,
        0.9546184539794922,
        0.9548313021659851,
        0.9528805017471313,
        0.951063871383667,
        0.9457333087921143,
        0.9535650014877319,
        0.9488189816474915,
        0.9426717758178711,
        0.9409563541412354,
        0.9419230222702026,
        0.947019636631012,
        0.9462531805038452,
        0.9435500502586365,
        0.9429793953895569,
        0.9441234469413757,
        0.9456295371055603,
        0.9465004801750183,
        0.9432917833328247,
        0.9480682611465454,
        0.9444156289100647,
        0.9422102570533752,
        0.9453559517860413,
        0.9447962045669556,
        0.9487114548683167,
        0.9453443288803101,
        0.9546896815299988,
        0.9500605463981628,
        0.9484661221504211,
        0.9591566920280457,
        0.949579119682312,
        0.9569027423858643,
        0.9532485008239746,
        0.9560491442680359,
        0.95355224609375,
        0.9578168988227844,
        0.9581483602523804,
        0.9577539563179016
    ],
    "loss":[
        0.009281891398131847,
        0.00399914663285017,
        0.003199649043381214,
        0.0029255314730107784,
        0.0021296257618814707,
        0.002047129673883319,
        0.0020105952862650156,
        0.001719134859740734,
        0.0017244616756215692,
        0.0016264747828245163,
        0.0014751252019777894,
        0.0015314060728996992,
        0.0014744939981028438,
        0.0015314894262701273,
        0.0014114388031885028,
        0.0013202698901295662,
        0.0013400742318481207,
        0.001361113041639328,
        0.0013709631748497486,
        0.0012102274922654033,
        0.0012859143316745758,
        0.0012759793316945434,
        0.0012308889999985695,
        0.0012947937939316034,
        0.001217846293002367,
        0.0012405419256538153,
        0.0011370130814611912,
        0.0012505396734923124,
        0.001181833678856492,
        0.0011280080070719123,
        0.0011020097881555557,
        0.001112522091716528,
        0.0011111932108178735,
        0.001154120429418981,
        0.0011021195678040385,
        0.001104825991205871,
        0.001191195915453136,
        0.001141768298111856,
        0.0010799241717904806,
        0.0010992914903908968,
        0.0011791377328336239,
        0.0010471655987203121
    ],
    "mean_absolute_error":[
        0.05904392898082733,
        0.041077032685279846,
        0.037334948778152466,
        0.036022502928972244,
        0.031547755002975464,
        0.031230276450514793,
        0.030930785462260246,
        0.028954222798347473,
        0.02974693477153778,
        0.028586801141500473,
        0.02767913229763508,
        0.027765629813075066,
        0.027788372710347176,
        0.028505733236670494,
        0.027338169515132904,
        0.026473572477698326,
        0.0265498124063015,
        0.02644078992307186,
        0.02728435955941677,
        0.025553220883011818,
        0.026165412738919258,
        0.026153070852160454,
        0.025687551125884056,
        0.026121580973267555,
        0.025488318875432014,
        0.025705521926283836,
        0.024855608120560646,
        0.025891009718179703,
        0.025478146970272064,
        0.02443920262157917,
        0.024344418197870255,
        0.024509387090802193,
        0.024336963891983032,
        0.024746986106038094,
        0.02466607838869095,
        0.02434021793305874,
        0.025211403146386147,
        0.02492654137313366,
        0.024066157639026642,
        0.02451787330210209,
        0.02515627071261406,
        0.024006538093090057
    ],
    "mean_squared_error":[
        0.009281891398131847,
        0.00399914663285017,
        0.003199649043381214,
        0.0029255314730107784,
        0.0021296257618814707,
        0.002047129673883319,
        0.0020105952862650156,
        0.001719134859740734,
        0.0017244616756215692,
        0.0016264747828245163,
        0.0014751252019777894,
        0.0015314060728996992,
        0.0014744939981028438,
        0.0015314895426854491,
        0.0014114388031885028,
        0.0013202698901295662,
        0.0013400742318481207,
        0.001361113041639328,
        0.0013709631748497486,
        0.0012102274922654033,
        0.0012859143316745758,
        0.0012759793316945434,
        0.0012308889999985695,
        0.0012947937939316034,
        0.001217846293002367,
        0.0012405419256538153,
        0.0011370130814611912,
        0.0012505396734923124,
        0.001181833678856492,
        0.0011280080070719123,
        0.0011020099045708776,
        0.001112522091716528,
        0.0011111932108178735,
        0.001154120429418981,
        0.0011021195678040385,
        0.001104825991205871,
        0.001191195915453136,
        0.001141768298111856,
        0.0010799241717904806,
        0.0010992914903908968,
        0.0011791378492489457,
        0.0010471655987203121
    ],
    "val_accuracy":[
        0.25850340723991394,
        0.2421768754720688,
        0.22857142984867096,
        0.16734693944454193,
        0.2340136021375656,
        0.20272108912467957,
        0.2013605386018753,
        0.16054421663284302,
        0.20680272579193115,
        0.2489795982837677,
        0.21088434755802155,
        0.17278911173343658,
        0.24081632494926453,
        0.2707482874393463,
        0.18367347121238708,
        0.15646257996559143,
        0.2340136021375656,
        0.24081632494926453,
        0.17414966225624084,
        0.23537415266036987,
        0.22176870703697205,
        0.22448979318141937,
        0.2571428716182709,
        0.21496598422527313,
        0.17278911173343658,
        0.19591836631298065,
        0.21496598422527313,
        0.19863945245742798,
        0.2122448980808258,
        0.17142857611179352,
        0.21768707036972046,
        0.21904762089252472,
        0.15102040767669678,
        0.27619048953056335,
        0.19183672964572906,
        0.26530611515045166,
        0.2448979616165161,
        0.16054421663284302,
        0.1755101978778839,
        0.2272108793258667,
        0.2013605386018753,
        0.259863942861557
    ],