{"Strategy Metrics": {"Daily Swing Trade Return": 107.01652399999983, "Buy & Hold Return": -8.284999999999998, "Auto13($22000) Return": 15664.33848499995}, "Model Metrics": {"loss": 420.5312805175781, "mean_squared_error": 420.5312805175781, "mean_absolute_error": 19.29023551940918, "accuracy": 0.176702082157135, "cosine_proximity": 0.9998404383659363}, "Class Metrics": {"f1_monark": 0.6168674698795181, "accuracy": 0.625, "precision": 0.6095238095238096, "recall": 0.624390243902439, "roc auc": 0.6249805100790735}}