{"Strategy Metrics": {"Daily Swing Trade Return": 1326.2240470000006, "Buy & Hold Return": 370.56400299999996, "Auto13($22000) Return": 50419.42780099998}, "Model Metrics": {"loss": 26781.595703125, "mean_squared_error": 26781.595703125, "mean_absolute_error": 121.9645767211914, "accuracy": 0.0684104636311531, "cosine_similarity": 0.9954611659049988}, "Class Metrics": {"f1_monark": 0.9160839160839161, "accuracy": 0.9058823529411765, "precision": 0.888135593220339, "recall": 0.9458483754512635, "roc auc": 0.902108737081855}}