{
    "accuracy":[
        0.1672268956899643,
        0.16568627953529358,
        0.15938375890254974,
        0.1693277359008789,
        0.16540616750717163,
        0.16512605547904968,
        0.17563025653362274,
        0.16792717576026917,
        0.17843137681484222,
        0.17885154485702515,
        0.18529412150382996,
        0.18795518577098846,
        0.18865546584129333,
        0.18529412150382996,
        0.18109244108200073,
        0.17885154485702515,
        0.1882352977991104,
        0.1872549057006836,
        0.18753501772880554,
        0.1817927211523056,
        0.18473389744758606,
        0.185014009475708,
        0.1829131692647934,
        0.17927171289920807,
        0.17619048058986664,
        0.1823529452085495,
        0.190476194024086,
        0.18263305723667145,
        0.18767507374286652,
        0.1942577064037323,
        0.18753501772880554,
        0.1704481840133667,
        0.18375350534915924,
        0.1861344575881958,
        0.18277311325073242,
        0.18865546584129333,
        0.18809524178504944,
        0.18543417751789093,
        0.18109244108200073,
        0.17773109674453735,
        0.18739496171474457,
        0.1840336173772812
    ],
    "cosine_similarity":[
        0.8502161502838135,
        0.7763317227363586,
        0.7649776339530945,
        0.7637040615081787,
        0.7653669118881226,
        0.7668707370758057,
        0.7570810914039612,
        0.7664797902107239,
        0.7736459374427795,
        0.7692016363143921,
        0.769169807434082,
        0.7610829472541809,
        0.7652013897895813,
        0.7731747031211853,
        0.7714579701423645,
        0.7685300707817078,
        0.7582956552505493,
        0.7786624431610107,
        0.7632007002830505,
        0.768312931060791,
        0.7630273699760437,
        0.769752562046051,
        0.7643300294876099,
        0.7844060063362122,
        0.7763926982879639,
        0.7655771374702454,
        0.7804736495018005,
        0.7725179195404053,
        0.7622801661491394,
        0.7706558108329773,
        0.7789876461029053,
        0.7707713842391968,
        0.7666754722595215,
        0.7722021341323853,
        0.7678501009941101,
        0.7769707441329956,
        0.7621273994445801,
        0.7714260220527649,
        0.7774695158004761,
        0.7788673639297485,
        0.7711514234542847,
        0.7813116908073425
    ],
    "loss":[
        0.0044471402652561665,
        0.001928497920744121,
        0.0016924879746511579,
        0.0014081404078751802,
        0.0014037602813914418,
        0.001296981587074697,
        0.0013129321159794927,
        0.0013326803455129266,
        0.0012475140392780304,
        0.001278156298212707,
        0.001210531103424728,
        0.0012338943779468536,
        0.001212432631291449,
        0.0012593974824994802,
        0.0011910231551155448,
        0.0012482012389227748,
        0.0011958341347053647,
        0.0011352713918313384,
        0.0011120396666228771,
        0.001234013237990439,
        0.0012058112770318985,
        0.0012511337408795953,
        0.001162777771241963,
        0.0010812116088345647,
        0.0011073213536292315,
        0.0011307272361591458,
        0.0011454574996605515,
        0.001168575370684266,
        0.001166048226878047,
        0.0011719100875779986,
        0.00116356008220464,
        0.0011733180144801736,
        0.0011404937831684947,
        0.001189313130453229,
        0.0011289900867268443,
        0.001111439778469503,
        0.0010928434785455465,
        0.0011679359013214707,
        0.0010963946115225554,
        0.0010702309664338827,
        0.0011666446225717664,
        0.001072094775736332
    ],
    "mean_absolute_error":[
        0.03375137597322464,
        0.026172257959842682,
        0.025784235447645187,
        0.023950528353452682,
        0.024089191108942032,
        0.02323121577501297,
        0.023481516167521477,
        0.023274609819054604,
        0.023357363417744637,
        0.02298232913017273,
        0.022630656138062477,
        0.022483834996819496,
        0.022459764033555984,
        0.022585120052099228,
        0.022488201037049294,
        0.022695356979966164,
        0.022442173212766647,
        0.021729467436671257,
        0.021522480994462967,
        0.022262176498770714,
        0.022655626758933067,
        0.022713415324687958,
        0.02204403653740883,
        0.02125995047390461,
        0.02188413217663765,
        0.02158493921160698,
        0.021734466776251793,
        0.02180449664592743,
        0.02203376591205597,
        0.022212745621800423,
        0.02189626358449459,
        0.021904107183218002,
        0.02170858532190323,
        0.021719953045248985,
        0.021661408245563507,
        0.021472811698913574,
        0.021635210141539574,
        0.021963145583868027,
        0.021431971341371536,
        0.02103632688522339,
        0.021816648542881012,
        0.020949475467205048
    ],
    "mean_squared_error":[
        0.0044471402652561665,
        0.001928497920744121,
        0.0016924879746511579,
        0.0014081404078751802,
        0.0014037602813914418,
        0.001296981587074697,
        0.0013129321159794927,
        0.0013326803455129266,
        0.0012475140392780304,
        0.0012781561817973852,
        0.001210531103424728,
        0.0012338943779468536,
        0.001212432631291449,
        0.0012593974824994802,
        0.0011910231551155448,
        0.0012482012389227748,
        0.0011958341347053647,
        0.0011352713918313384,
        0.0011120396666228771,
        0.001234013237990439,
        0.0012058112770318985,
        0.0012511337408795953,
        0.001162777771241963,
        0.0010812116088345647,
        0.0011073213536292315,
        0.0011307272361591458,
        0.0011454574996605515,
        0.001168575370684266,
        0.001166048226878047,
        0.0011719100875779986,
        0.00116356008220464,
        0.0011733180144801736,
        0.0011404937831684947,
        0.001189313130453229,
        0.0011289900867268443,
        0.001111439778469503,
        0.0010928434785455465,
        0.0011679359013214707,
        0.0010963946115225554,
        0.0010702309664338827,
        0.0011666446225717664,
        0.001072094775736332
    ],
    "val_accuracy":[
        0.17581187188625336,
        0.16741321980953217,
        0.1444568932056427,
        0.13437849283218384,
        0.25923851132392883,
        0.2306830883026123,
        0.14613661170005798,
        0.14725643396377563,
        0.19652855396270752,
        0.12597984075546265,
        0.14557670056819916,
        0.20212766528129578,
        0.2329227328300476,
        0.13829787075519562,
        0.20940649509429932,
        0.1270996630191803,
        0.1422172486782074,
        0.18868981301784515,
        0.20604702830314636,
        0.1528555452823639,
        0.1444568932056427,
        0.1808510571718216,
        0.25083985924720764,
        0.19036954641342163,
        0.19148936867713928,
        0.22340425848960876,
        0.24468085169792175,
        0.13493840396404266,
        0.13941769301891327,
        0.20996640622615814,
        0.18197087943553925,
        0.176931694149971,
        0.14333707094192505,
        0.20380738377571106,
        0.17357222735881805,
        0.19484882056713104,
        0.1959686428308487,
        0.20996640622615814,
        0.11926091462373734,
        0.24692049622535706,
        0.22060470283031464,
        0.12038073688745499
    ],