{
    "accuracy":[
        0.08547008782625198,
        0.07692307978868484,
        0.07478632777929306,
        0.0683760717511177,
        0.0655270665884018,
        0.07122506946325302,
        0.07122506946325302,
        0.07621082663536072,
        0.07549857348203659,
        0.08760683983564377,
        0.08760683983564377,
        0.09971509873867035,
        0.09544159471988678,
        0.10470085591077805,
        0.10754986107349396,
        0.10256410390138626,
        0.10541310906410217,
        0.12962962687015533,
        0.1160968691110611,
        0.09615384787321091,
        0.11965811997652054,
        0.12393162399530411,
        0.11823362112045288,
        0.12749287486076355,
        0.12321937084197998,
        0.13960114121437073,
        0.1289173811674118,
        0.1339031308889389,
        0.12321937084197998,
        0.12820513546466827,
        0.13532763719558716,
        0.14458689093589783,
        0.1339031308889389,
        0.13817663490772247,
        0.1360398828983307,
        0.1360398828983307,
        0.1260683834552765,
        0.14743590354919434,
        0.14102564752101898,
        0.12535612285137177,
        0.1210826188325882,
        0.13532763719558716,
        0.1160968691110611,
        0.11680911481380463,
        0.13176637887954712,
        0.13319088518619537,
        0.1367521435022354,
        0.1289173811674118,
        0.13176637887954712,
        0.12321937084197998,
        0.14031338691711426,
        0.13176637887954712,
        0.12250712513923645,
        0.13176637887954712,
        0.14245013892650604,
        0.1210826188325882
    ],
    "cosine_similarity":[
        0.8081964254379272,
        0.7579002380371094,
        0.7379496693611145,
        0.7363584637641907,
        0.7319216728210449,
        0.729597806930542,
        0.7399682402610779,
        0.7340055704116821,
        0.7425033450126648,
        0.7335478663444519,
        0.7417128086090088,
        0.735426664352417,
        0.7314134240150452,
        0.7498072385787964,
        0.7303810119628906,
        0.7370877861976624,
        0.7369906306266785,
        0.7346252202987671,
        0.7363659739494324,
        0.7391083836555481,
        0.7568798661231995,
        0.7511841654777527,
        0.751217246055603,
        0.7695662975311279,
        0.7692790031433105,
        0.7549271583557129,
        0.7491149306297302,
        0.752823531627655,
        0.7604494690895081,
        0.7635353803634644,
        0.7717612981796265,
        0.7668660283088684,
        0.7647429704666138,
        0.7679075598716736,
        0.7789914608001709,
        0.7798067927360535,
        0.769664466381073,
        0.767325222492218,
        0.7607969045639038,
        0.7852864265441895,
        0.7739332318305969,
        0.7786718010902405,
        0.7641201615333557,
        0.8029283285140991,
        0.7602810263633728,
        0.7627332806587219,
        0.7743513584136963,
        0.7839953899383545,
        0.7828558087348938,
        0.776290774345398,
        0.77901291847229,
        0.783960223197937,
        0.7910751104354858,
        0.7739928364753723,
        0.7769961357116699,
        0.7895850539207458
    ],
    "loss":[
        0.007367779966443777,
        0.003980722744017839,
        0.0033387597650289536,
        0.003059616545215249,
        0.0029816206078976393,
        0.002830602927133441,
        0.0027680392377078533,
        0.002734413603320718,
        0.002764766337350011,
        0.002906108507886529,
        0.002644663443788886,
        0.002823916496708989,
        0.0026674370747059584,
        0.002531156176701188,
        0.002554439939558506,
        0.0026365320663899183,
        0.0025571405421942472,
        0.0025926190428435802,
        0.002536097541451454,
        0.002373832743614912,
        0.0026174215599894524,
        0.00252164201810956,
        0.0025795474648475647,
        0.00236172741279006,
        0.0025429525412619114,
        0.002472951775416732,
        0.0025981583166867495,
        0.002506641671061516,
        0.002495319116860628,
        0.0022410487290471792,
        0.0024523052852600813,
        0.002220541937276721,
        0.0023241115268319845,
        0.0022625902201980352,
        0.0022979811765253544,
        0.0023738315794616938,
        0.0023536249063909054,
        0.002332778647542,
        0.0022716468665748835,
        0.0021924336906522512,
        0.0021479937713593245,
        0.0022735835518687963,
        0.0022070761770009995,
        0.0022307054605334997,
        0.0023138548713177443,
        0.0022327618207782507,
        0.002236248692497611,
        0.0021038916893303394,
        0.0021579351741820574,
        0.002247167518362403,
        0.002195167588070035,
        0.002219531452283263,
        0.0022647581063210964,
        0.0020903474651277065,
        0.0021257582120597363,
        0.0021522550377994776
    ],
    "mean_absolute_error":[
        0.04831899330019951,
        0.037304021418094635,
        0.03521706536412239,
        0.03366057574748993,
        0.033230867236852646,
        0.032735858112573624,
        0.03240169212222099,
        0.03180822357535362,
        0.03244488686323166,
        0.03198941797018051,
        0.03216846287250519,
        0.03240726515650749,
        0.031687233597040176,
        0.030848782509565353,
        0.03153769299387932,
        0.031198056414723396,
        0.030802223831415176,
        0.03137531876564026,
        0.031007010489702225,
        0.030005602166056633,
        0.031238453462719917,
        0.03076157532632351,
        0.031060542911291122,
        0.029351703822612762,
        0.030850190669298172,
        0.030677838250994682,
        0.030582861974835396,
        0.030003678053617477,
        0.03049101121723652,
        0.02930729277431965,
        0.029823292046785355,
        0.029411308467388153,
        0.029493793845176697,
        0.029663879424333572,
        0.029317457228899002,
        0.029638366773724556,
        0.029582548886537552,
        0.02985428087413311,
        0.029405802488327026,
        0.02877911739051342,
        0.02882836014032364,
        0.029071548953652382,
        0.02902878448367119,
        0.02897142432630062,
        0.028850270435214043,
        0.02900245226919651,
        0.029469318687915802,
        0.028890259563922882,
        0.02859504334628582,
        0.029465988278388977,
        0.028789687901735306,
        0.02856464870274067,
        0.02889816276729107,
        0.028464745730161667,
        0.02906830795109272,
        0.02841321751475334
    ],