{"Strategy Metrics": {"Daily Swing Trade Return": 343.2299769999999, "Buy & Hold Return": 107.58999599999999, "Auto13($22000) Return": 5645.499017000002}, "Model Metrics": {"loss": 22968.626953125, "mean_squared_error": 22968.626953125, "mean_absolute_error": 147.379150390625, "accuracy": 0.3185185194015503, "cosine_similarity": 0.9998416304588318}, "Class Metrics": {"f1_monark": 0.7237237237237237, "accuracy": 0.6617647058823529, "precision": 0.6788732394366197, "recall": 0.77491961414791, "roc auc": 0.6428246139409078}}