{
    "accuracy":[
        0.06989247351884842,
        0.07090053707361221,
        0.06619623303413391,
        0.07426075637340546,
        0.07258064299821854,
        0.08770161122083664,
        0.08669354766607285,
        0.07896505296230316,
        0.09408602118492126,
        0.09173387289047241,
        0.08366935700178146,
        0.09576612710952759,
        0.09677419066429138,
        0.09543010592460632,
        0.08266129344701767,
        0.09408602118492126,
        0.10450268536806107,
        0.09979838877916336,
        0.08568548411130905,
        0.09442204236984253,
        0.10752688348293304,
        0.0947580635547638,
        0.09778226166963577,
        0.09408602118492126,
        0.08366935700178146,
        0.09206989407539368,
        0.08938171714544296,
        0.0823252722620964,
        0.09778226166963577,
        0.09106183052062988,
        0.08501344174146652,
        0.10013440996408463,
        0.09106183052062988,
        0.0890456959605217,
        0.0984543040394783
    ],
    "cosine_similarity":[
        0.9320837259292603,
        0.9197235703468323,
        0.9171460866928101,
        0.9214045405387878,
        0.9302883148193359,
        0.9342637658119202,
        0.9382882714271545,
        0.9369125366210938,
        0.9427613019943237,
        0.9400269985198975,
        0.9449897408485413,
        0.9400163888931274,
        0.9402016997337341,
        0.9508854746818542,
        0.9434373378753662,
        0.9464329481124878,
        0.9495188593864441,
        0.9462513327598572,
        0.9445310831069946,
        0.9442144632339478,
        0.9464862942695618,
        0.9460569024085999,
        0.9567424058914185,
        0.9491378664970398,
        0.9489874243736267,
        0.9445133209228516,
        0.9513124227523804,
        0.9554216861724854,
        0.9468719959259033,
        0.9528449177742004,
        0.943272590637207,
        0.9436270594596863,
        0.9511979818344116,
        0.9425047039985657,
        0.9462271928787231
    ],
    "loss":[
        0.006373213604092598,
        0.0032826270908117294,
        0.002810262842103839,
        0.0025061103515326977,
        0.0023667444474995136,
        0.002139662392437458,
        0.002231370424851775,
        0.0020718181040138006,
        0.00206460477784276,
        0.0020583735313266516,
        0.0019797668792307377,
        0.0019309286726638675,
        0.0018732872558757663,
        0.0019208223093301058,
        0.0017978888936340809,
        0.001832887646742165,
        0.001789313624612987,
        0.0017905673012137413,
        0.0017912506591528654,
        0.0018418958643451333,
        0.0017204653704538941,
        0.001742480555549264,
        0.0017848730785772204,
        0.0017123257275670767,
        0.0017550353659316897,
        0.0017554633086547256,
        0.0016794605180621147,
        0.0016768404748290777,
        0.001671157660894096,
        0.0016955912578850985,
        0.0016879827016964555,
        0.0015867893816903234,
        0.001677807653322816,
        0.0016565732657909393,
        0.0016432837583124638
    ],
    "mean_absolute_error":[
        0.05164191871881485,
        0.041383106261491776,
        0.03879280388355255,
        0.0367891900241375,
        0.035370148718357086,
        0.034091342240571976,
        0.03421283885836601,
        0.03322586417198181,
        0.03329459950327873,
        0.033024873584508896,
        0.0325053445994854,
        0.03196627274155617,
        0.031567320227622986,
        0.03179549798369408,
        0.03067360445857048,
        0.031143540516495705,
        0.030856138095259666,
        0.030907994136214256,
        0.031093541532754898,
        0.031690411269664764,
        0.030411554500460625,
        0.03032371774315834,
        0.030449384823441505,
        0.030247367918491364,
        0.030599519610404968,
        0.030576074495911598,
        0.029859432950615883,
        0.029665270820260048,
        0.029685840010643005,
        0.029696397483348846,
        0.02963591180741787,
        0.02907012403011322,
        0.029822219163179398,
        0.029650218784809113,
        0.029544999822974205
    ],
    "mean_squared_error":[
        0.006373213604092598,
        0.0032826270908117294,
        0.002810262842103839,
        0.0025061103515326977,
        0.0023667444474995136,
        0.002139662392437458,
        0.002231370424851775,
        0.0020718181040138006,
        0.00206460477784276,
        0.0020583735313266516,
        0.0019797668792307377,
        0.0019309286726638675,
        0.0018732872558757663,
        0.0019208223093301058,
        0.0017978888936340809,
        0.001832887646742165,
        0.001789313624612987,
        0.0017905673012137413,
        0.0017912506591528654,
        0.0018418958643451333,
        0.0017204653704538941,
        0.001742480555549264,
        0.0017848730785772204,
        0.0017123257275670767,
        0.0017550353659316897,
        0.0017554633086547256,
        0.0016794605180621147,
        0.0016768404748290777,
        0.001671157660894096,
        0.0016955912578850985,
        0.0016879827016964555,
        0.0015867893816903234,
        0.001677807653322816,
        0.0016565732657909393,
        0.0016432837583124638
    ],
    "val_accuracy":[
        0.10349462181329727,
        0.13037633895874023,
        0.08467742055654526,
        0.05510752648115158,
        0.10349462181329727,
        0.10080645233392715,
        0.12768816947937012,
        0.15860214829444885,
        0.05645161122083664,
        0.14919355511665344,
        0.12768816947937012,
        0.1666666716337204,
        0.12903225421905518,
        0.07526881992816925,
        0.07526881992816925,
        0.0994623675942421,
        0.057795699685811996,
        0.10349462181329727,
        0.08602150529623032,
        0.06317204236984253,
        0.09139785170555115,
        0.06451612710952759,
        0.06182795763015747,
        0.1317204236984253,
        0.0994623675942421,
        0.060483869165182114,
        0.11424731463193893,
        0.12903225421905518,
        0.07526881992816925,
        0.14381720125675201,
        0.15322580933570862,
        0.06317204236984253,
        0.06182795763015747,
        0.09677419066429138,
        0.057795699685811996
    ],
    "val_cosine_similarity":[
        0.9875331521034241,
        0.9960368275642395,
        0.9954450726509094,
        0.9961386322975159,
        0.9960000514984131,
        0.996468186378479,
        0.9931433200836182,
        0.9556852579116821,
        0.9958703517913818,
        0.8611809611320496,
        0.996210515499115,
        0.9964235424995422,
        0.993511974811554,
        0.8337375521659851,
        0.996252715587616,
        0.9957050085067749,
        0.9961604475975037,
        0.9963867664337158,
        0.995599627494812,
        0.9964889287948608,
        0.9066408276557922,
        0.9964045882225037,
        0.7814404964447021,
        0.9965436458587646,
        0.9961715340614319,
        0.996505081653595,
        0.9961998462677002,
        0.8064550757408142,
        0.9963080286979675,
        0.90839684009552,
        0.8062355518341064,
        0.9963207244873047,
        0.7937456369400024,
        0.9884294867515564,
        0.9951419830322266
    ],