{"Strategy Metrics": {"Daily Swing Trade Return": 243.54577699999953, "Buy & Hold Return": -25.84269299999994, "Auto13($22000) Return": 53995.711779999925}, "Model Metrics": {"loss": 530.3348388671875, "mean_squared_error": 530.3348388671875, "mean_absolute_error": 21.419885635375977, "accuracy": 0.23586387932300568, "cosine_proximity": 0.9997631311416626}, "Class Metrics": {"f1_monark": 0.6576013054120208, "accuracy": 0.6707635983263598, "precision": 0.6642857142857143, "recall": 0.6510500807754442, "roc auc": 0.6702123815163443}}