{
    "accuracy":[
        0.06527093797922134,
        0.0714285746216774,
        0.07635468244552612,
        0.07204433530569077,
        0.07512315362691879,
        0.07019704580307007,
        0.07266009598970413,
        0.07820197194814682,
        0.07389162480831146,
        0.07204433530569077,
        0.07881773263216019,
        0.08435960859060287,
        0.0732758641242981,
        0.08374384045600891,
        0.08004926145076752,
        0.08435960859060287,
        0.08559112995862961,
        0.09913793206214905,
        0.08374384045600891,
        0.07635468244552612,
        0.07943350076675415,
        0.08866994827985764,
        0.09729064255952835,
        0.10652709007263184,
        0.092980295419693,
        0.08189655095338821,
        0.09174876660108566,
        0.08128079026937485,
        0.11268472671508789,
        0.08805418759584427,
        0.09236453473567963,
        0.1052955687046051,
        0.09605911374092102,
        0.09790640324354172
    ],
    "cosine_similarity":[
        0.8889809846878052,
        0.8970153331756592,
        0.8696366548538208,
        0.881436824798584,
        0.8782065510749817,
        0.8746833205223083,
        0.8743324279785156,
        0.8723716735839844,
        0.8820049166679382,
        0.8721325397491455,
        0.8728528022766113,
        0.8757877349853516,
        0.87235426902771,
        0.8811706304550171,
        0.876142144203186,
        0.8690640330314636,
        0.8787553906440735,
        0.8701934218406677,
        0.8858696818351746,
        0.8907082080841064,
        0.8870016932487488,
        0.8877721428871155,
        0.8930988311767578,
        0.9131057858467102,
        0.8977116346359253,
        0.8796781301498413,
        0.8885549902915955,
        0.9027383923530579,
        0.8934194445610046,
        0.8979636430740356,
        0.8884864449501038,
        0.8936589360237122,
        0.8895638585090637,
        0.8964870572090149
    ],
    "loss":[
        0.0003335664514452219,
        0.00014107894094195217,
        0.00011544737935764715,
        0.0001038845075527206,
        9.874186798697338e-05,
        9.70237742876634e-05,
        9.580393088981509e-05,
        8.9128443505615e-05,
        8.589075150666758e-05,
        8.815025648800656e-05,
        8.663353219162673e-05,
        9.3250630015973e-05,
        8.616722334409133e-05,
        8.28254924272187e-05,
        7.556404307251796e-05,
        9.285219857702032e-05,
        7.868876855354756e-05,
        8.051346230786294e-05,
        7.492419535992667e-05,
        7.312805973924696e-05,
        7.642845594091341e-05,
        7.51940970076248e-05,
        7.60648472351022e-05,
        6.709093577228487e-05,
        6.915975973242894e-05,
        7.863749488024041e-05,
        7.727110642008483e-05,
        7.009491673670709e-05,
        6.544251664308831e-05,
        7.495423778891563e-05,
        7.379068119917065e-05,
        7.129852019716054e-05,
        7.313222158700228e-05,
        6.665351247647777e-05
    ],
    "mean_absolute_error":[
        0.012752232141792774,
        0.009157863445580006,
        0.00828541535884142,
        0.007874644361436367,
        0.007714614272117615,
        0.007670409977436066,
        0.007590052671730518,
        0.007290979847311974,
        0.007173529826104641,
        0.007295507472008467,
        0.007327826227992773,
        0.007438521832227707,
        0.0071780383586883545,
        0.00697957631200552,
        0.006729515735059977,
        0.007436139974743128,
        0.006880190689116716,
        0.006943997461348772,
        0.006645184941589832,
        0.006530968006700277,
        0.006775175221264362,
        0.006689615081995726,
        0.0066877868957817554,
        0.0062056370079517365,
        0.006375717930495739,
        0.006836992222815752,
        0.00676156859844923,
        0.006349700503051281,
        0.0062379902228713036,
        0.0066763791255652905,
        0.006532599683851004,
        0.006517528090626001,
        0.0065834494307637215,
        0.006270625162869692
    ],
    "mean_squared_error":[
        0.0003335664514452219,
        0.00014107894094195217,
        0.00011544737935764715,
        0.0001038845075527206,
        9.874186798697338e-05,
        9.70237742876634e-05,
        9.580393088981509e-05,
        8.9128443505615e-05,
        8.589075150666758e-05,
        8.815024921204895e-05,
        8.663352491566911e-05,
        9.3250630015973e-05,
        8.616722334409133e-05,
        8.28254924272187e-05,
        7.556404307251796e-05,
        9.285219857702032e-05,
        7.868876855354756e-05,
        8.051346230786294e-05,
        7.492420263588428e-05,
        7.312805973924696e-05,
        7.642845594091341e-05,
        7.51940970076248e-05,
        7.60648472351022e-05,
        6.709093577228487e-05,
        6.915975973242894e-05,
        7.863749488024041e-05,
        7.727110642008483e-05,
        7.009491673670709e-05,
        6.544251664308831e-05,
        7.495423778891563e-05,
        7.379068119917065e-05,
        7.129852019716054e-05,
        7.313222158700228e-05,
        6.665351247647777e-05
    ],
    "val_accuracy":[
        0.07125306874513626,
        0.11547911912202835,
        0.10565110296010971,
        0.09090909361839294,
        0.04422604292631149,
        0.0810810774564743,
        0.07371007651090622,
        0.03194103017449379,
        0.0810810774564743,
        0.051597051322460175,
        0.18427518010139465,
        0.0933660939335823,
        0.07862407714128494,
        0.08845208585262299,
        0.08599508553743362,
        0.17690417170524597,
        0.09828009456396103,
        0.03439803421497345,
        0.051597051322460175,
        0.08845208585262299,
        0.09090909361839294,
        0.06142506003379822,
        0.06142506003379822,
        0.08845208585262299,
        0.051597051322460175,
        0.12285012006759644,
        0.0687960684299469,
        0.10073710232973099,
        0.13267813622951508,
        0.0687960684299469,
        0.07862407714128494,
        0.13022112846374512,
        0.13267813622951508,
        0.09582309424877167
    ],
    "val_cosine_similarity":[
        0.9761109352111816,
        0.9082884788513184,
        0.993453860282898,
        0.9956912994384766,
        0.6535807847976685,
        0.9956902861595154,
        0.9771588444709778,
        0.9957403540611267,
        0.995162308216095,
        0.9898658394813538,
        0.990398645401001,
        0.9952049851417542,
        0.7295955419540405,
        0.991341769695282,
        0.9892995953559875,
        0.9963280558586121,
        0.9517907500267029,
        0.9966777563095093,
        0.5535275340080261,
        0.9953714609146118,
        0.5377686619758606,
        0.9968957304954529,
        0.9911670684814453,
        0.9921364188194275,
        0.9954075813293457,
        0.9960909485816956,
        0.9964295029640198,
        0.9781380891799927,
        0.9962493181228638,
        0.9742023944854736,
        0.9133185148239136,
        0.9959518909454346,
        0.9963404536247253,
        0.9964256286621094
    ],