{"Strategy Metrics": {"Daily Swing Trade Return": 1226.1740040000004, "Buy & Hold Return": 370.56400299999996, "Auto13($22000) Return": 38020.888421000025}, "Model Metrics": {"loss": 26788.484375, "mean_squared_error": 26788.484375, "mean_absolute_error": 121.97637176513672, "accuracy": 0.04426559433341026, "cosine_similarity": 0.9952365756034851}, "Class Metrics": {"f1_monark": 0.8372093023255813, "accuracy": 0.8215686274509804, "precision": 0.8297872340425532, "recall": 0.8447653429602888, "roc auc": 0.819378379634651}}