{"Strategy Metrics": {"Daily Swing Trade Return": 108.95, "Buy & Hold Return": 3.169999999999998, "Auto13($22000) Return": 67881.1199999999}, "Model Metrics": {"loss": 101.05518341064453, "mean_squared_error": 101.05518341064453, "mean_absolute_error": 9.451313972473145, "accuracy": 0.1189267560839653, "cosine_similarity": 0.9994320273399353}, "Class Metrics": {"f1_monark": 0.7686832740213524, "accuracy": 0.765003615328995, "precision": 0.7703281027104137, "recall": 0.7670454545454546, "roc auc": 0.7649660262417994}}