{
    "accuracy":[
        0.20068879425525665,
        0.20601126551628113,
        0.1981840878725052,
        0.19630557298660278,
        0.1938008815050125,
        0.2038196623325348,
        0.20726361870765686,
        0.20068879425525665,
        0.1981840878725052,
        0.19755792617797852,
        0.19943644106388092,
        0.20538510382175446,
        0.1844082623720169,
        0.21070757508277893,
        0.20914214849472046,
        0.20507201552391052,
        0.20820288360118866,
        0.20507201552391052,
        0.2122730165719986,
        0.1938008815050125,
        0.20162805914878845,
        0.2085159718990326,
        0.2122730165719986,
        0.20601126551628113,
        0.20538510382175446,
        0.2113337516784668,
        0.21728239953517914
    ],
    "cosine_similarity":[
        0.9758408069610596,
        0.9891991019248962,
        0.9762300252914429,
        0.9727144241333008,
        0.9690799117088318,
        0.9605380892753601,
        0.9608067274093628,
        0.9510225057601929,
        0.9604743123054504,
        0.9579100012779236,
        0.9574347138404846,
        0.9626122117042542,
        0.9583730101585388,
        0.9553629159927368,
        0.9611024260520935,
        0.9610766768455505,
        0.9571478962898254,
        0.9640536308288574,
        0.9611884355545044,
        0.9650193452835083,
        0.961126446723938,
        0.9599109292030334,
        0.9591172337532043,
        0.9615024328231812,
        0.9677791595458984,
        0.9592485427856445,
        0.9659531712532043
    ],
    "loss":[
        0.0063735260628163815,
        0.002707414561882615,
        0.00214715045876801,
        0.0017641086596995592,
        0.0014464666601270437,
        0.001604076474905014,
        0.001374842133373022,
        0.0015178077155724168,
        0.0011696381261572242,
        0.0012175734154880047,
        0.0010949628194794059,
        0.0011137648252770305,
        0.0011323884828016162,
        0.0010645234724506736,
        0.0010676869424059987,
        0.0010820095194503665,
        0.0010642345296218991,
        0.0010488444240763783,
        0.0010177879594266415,
        0.0009603239595890045,
        0.00095194554887712,
        0.0009904289618134499,
        0.0010168554726988077,
        0.0009435070678591728,
        0.0010012866696342826,
        0.0009079994633793831,
        0.0009046804043464363
    ],
    "mean_absolute_error":[
        0.046059634536504745,
        0.031734541058540344,
        0.02896774373948574,
        0.026920994743704796,
        0.025015678256750107,
        0.02580924518406391,
        0.024780388921499252,
        0.02673952281475067,
        0.02344292402267456,
        0.023740602657198906,
        0.02270505204796791,
        0.022933831438422203,
        0.023366864770650864,
        0.022642556577920914,
        0.022957000881433487,
        0.02246410772204399,
        0.02267259545624256,
        0.022648721933364868,
        0.022151293233036995,
        0.02149367332458496,
        0.021481305360794067,
        0.022322803735733032,
        0.022345978766679764,
        0.021698592230677605,
        0.022004790604114532,
        0.021162936463952065,
        0.020907357335090637
    ],
    "mean_squared_error":[
        0.0063735260628163815,
        0.002707414561882615,
        0.00214715045876801,
        0.0017641086596995592,
        0.0014464666601270437,
        0.001604076474905014,
        0.001374842133373022,
        0.0015178077155724168,
        0.0011696381261572242,
        0.0012175734154880047,
        0.0010949628194794059,
        0.0011137648252770305,
        0.0011323883663862944,
        0.0010645234724506736,
        0.0010676869424059987,
        0.0010820095194503665,
        0.0010642345296218991,
        0.0010488444240763783,
        0.0010177879594266415,
        0.0009603239595890045,
        0.00095194554887712,
        0.0009904289618134499,
        0.0010168554726988077,
        0.0009435070678591728,
        0.0010012866696342826,
        0.0009079994633793831,
        0.0009046804043464363
    ],
    "val_accuracy":[
        0.1401752233505249,
        0.1401752233505249,
        0.19023779034614563,
        0.19274093210697174,
        0.22653315961360931,
        0.19649562239646912,
        0.16020025312900543,
        0.17772215604782104,
        0.19023779034614563,
        0.2027534395456314,
        0.22027534246444702,
        0.28160199522972107,
        0.22152690589427948,
        0.20775969326496124,
        0.23529411852359772,
        0.27284106612205505,
        0.19774718582630157,
        0.26408010721206665,
        0.16020025312900543,
        0.26783478260040283,
        0.2327909916639328,
        0.22778473794460297,
        0.17146432399749756,
        0.20775969326496124,
        0.19524405896663666,
        0.13892365992069244,
        0.2002503126859665
    ],
    "val_cosine_similarity":[
        0.9972211122512817,
        0.9968857765197754,
        0.9980381727218628,
        0.914870023727417,
        0.9979974627494812,
        0.9518566131591797,
        0.9982557892799377,
        0.9982907176017761,
        0.9969905614852905,
        0.99831622838974,
        0.9809746146202087,
        0.9982240796089172,
        0.9980575442314148,
        0.9982088208198547,
        0.9982336759567261,
        0.9981162548065186,
        0.9981203079223633,
        0.9193191528320312,
        0.9978729486465454,
        0.9983497858047485,
        0.9983620047569275,
        0.998258113861084,
        0.9982947111129761,
        0.9982541799545288,
        0.8563197255134583,
        0.9981988072395325,
        0.998149037361145
    ],
    "val_loss":[
        0.001031388295814395,
        0.0010894536972045898,
        0.000803859147708863,
        0.0010038879700005054,
        0.0012405931483954191,
        0.002175451023504138,
        0.002705351449549198,
        0.0009147557429969311,
        0.0005036704242229462,
        0.0011157377157360315,
        0.0006448840140365064,
        0.0008972826763056219,
        0.0004964993568137288,
        0.00047741891467012465,
        0.0004585281712934375,
        0.00047057218034751713,
        0.00042988688801415265,
        0.0007786264177411795,
        0.0004358549485914409,
        0.0007025566883385181,
        0.0006348695023916662,
        0.0005682949558831751,
        0.0006367829628288746,
        0.0007892328430898488,
        0.0021519444417208433,
        0.0005287615931592882,
        0.0005323642981238663
    ],
    "val_mean_absolute_error":[
        0.020415011793375015,
        0.02142530493438244,
        0.01843578927218914,
        0.024118831381201744,
        0.0231546089053154,
        0.03183585777878761,
        0.036787256598472595,
        0.019835885614156723,
        0.014556563459336758,
        0.023875195533037186,
        0.018865637481212616,
        0.01965634524822235,
        0.01481874193996191,
        0.014354611746966839,
        0.0135106910020113,
        0.014212760142982006,
        0.012990832328796387,
        0.02168242447078228,
        0.013114904053509235,
        0.01697465032339096,
        0.015962671488523483,
        0.014819004572927952,
        0.01626860536634922,
        0.02036316692829132,
        0.03520040959119797,
        0.014332368038594723,
        0.01604078896343708
    ],