{"Strategy Metrics": {"Daily Swing Trade Return": -3.0060000000000855, "Buy & Hold Return": -25.310000000000002, "Auto13($22000) Return": -29.947000000003754}, "Model Metrics": {"loss": 189835.90625, "mean_squared_error": 189835.90625, "mean_absolute_error": 435.5921936035156, "accuracy": 0.9272727370262146, "cosine_similarity": 0.8547679781913757}, "Class Metrics": {"f1_monark": 0.509090909090909, "accuracy": 0.6029411764705882, "precision": 0.5384615384615384, "recall": 0.4827586206896552, "roc auc": 0.5875331564986738}}