{"Strategy Metrics": {"Daily Swing Trade Return": 117.26999099999998, "Buy & Hold Return": -4.6499999999999995, "Auto13($22000) Return": 79575.87612700004}, "Model Metrics": {"loss": 145.58596801757812, "mean_squared_error": 145.58596801757812, "mean_absolute_error": 11.685544967651367, "accuracy": 0.07042253762483597, "cosine_similarity": 0.9982199668884277}, "Class Metrics": {"f1_monark": 0.9247524752475248, "accuracy": 0.9245283018867925, "precision": 0.9229249011857708, "recall": 0.9265873015873016, "roc auc": 0.9245262551674083}}