{
    "accuracy":[
        0.33288607001304626,
        0.3320322036743164,
        0.3392290771007538,
        0.3422785997390747,
        0.3395950198173523,
        0.34898754954338074,
        0.3359355926513672,
        0.3382532298564911,
        0.3372773826122284,
        0.3428885042667389,
        0.33520370721817017,
        0.34410831332206726,
        0.34740179777145386,
        0.34240058064460754,
        0.34203463792800903,
        0.3372773826122284,
        0.3409368097782135,
        0.33849719166755676,
        0.3360575735569,
        0.3455720841884613,
        0.3478897213935852,
        0.34764575958251953,
        0.34276652336120605,
        0.3393510580062866,
        0.3303244709968567,
        0.3422785997390747,
        0.34837764501571655,
        0.3426445424556732,
        0.3432544469833374,
        0.3382532298564911,
        0.34447425603866577,
        0.34337642788887024,
        0.33739936351776123
    ],
    "cosine_similarity":[
        0.7736765742301941,
        0.7708393335342407,
        0.7826299071311951,
        0.7863674759864807,
        0.7961218953132629,
        0.7902999520301819,
        0.7948658466339111,
        0.7950716018676758,
        0.8011757731437683,
        0.8001210689544678,
        0.801121711730957,
        0.8063982129096985,
        0.816448450088501,
        0.8096502423286438,
        0.8119671940803528,
        0.8173506259918213,
        0.8161969780921936,
        0.8145309686660767,
        0.8147374391555786,
        0.8166946172714233,
        0.8118376135826111,
        0.8142643570899963,
        0.8196730613708496,
        0.8132484555244446,
        0.8235432505607605,
        0.8118496537208557,
        0.8183966875076294,
        0.8201302886009216,
        0.8232748508453369,
        0.8162978887557983,
        0.8159667253494263,
        0.8175045847892761,
        0.8198411464691162
    ],
    "loss":[
        0.002562884707003832,
        0.0013206106377765536,
        0.0011133217485621572,
        0.0010232250206172466,
        0.0009896609699353576,
        0.0009506524074822664,
        0.0009377875830978155,
        0.0009009320056065917,
        0.0008296099840663373,
        0.0008332959259860218,
        0.0007970462320372462,
        0.000778212386649102,
        0.000755297252908349,
        0.0007627498707734048,
        0.0007155460771173239,
        0.0006974483258090913,
        0.0006993449060246348,
        0.0007201842381618917,
        0.000689852109644562,
        0.0006635835743509233,
        0.0006740523967891932,
        0.0006861176225356758,
        0.0006528561934828758,
        0.0006748349405825138,
        0.0006754847127012908,
        0.0006682611419819295,
        0.0006638991762883961,
        0.0006632526637986302,
        0.0006523062475025654,
        0.000654370931442827,
        0.0006484374171122909,
        0.0006432092050090432,
        0.0006195080932229757
    ],
    "mean_absolute_error":[
        0.03201812133193016,
        0.02586275152862072,
        0.023853210732340813,
        0.02307656966149807,
        0.022383050993084908,
        0.02215453051030636,
        0.021601630374789238,
        0.02137690596282482,
        0.020725296810269356,
        0.02047654427587986,
        0.020098593086004257,
        0.019861117005348206,
        0.0194704569876194,
        0.019358638674020767,
        0.019116509705781937,
        0.018560847267508507,
        0.018944762647151947,
        0.018848512321710587,
        0.018762782216072083,
        0.018376784399151802,
        0.01847832277417183,
        0.0184777919203043,
        0.018229803070425987,
        0.018246127292513847,
        0.018369516357779503,
        0.01832001470029354,
        0.01816110499203205,
        0.018160874024033546,
        0.018018526956439018,
        0.018059974536299706,
        0.01810712181031704,
        0.017589649185538292,
        0.017621928825974464
    ],
    "mean_squared_error":[
        0.002562884707003832,
        0.0013206106377765536,
        0.0011133217485621572,
        0.0010232250206172466,
        0.0009896609699353576,
        0.0009506524074822664,
        0.0009377875830978155,
        0.0009009320056065917,
        0.0008296099840663373,
        0.0008332959259860218,
        0.0007970462320372462,
        0.000778212386649102,
        0.000755297252908349,
        0.0007627498707734048,
        0.0007155460771173239,
        0.0006974483258090913,
        0.0006993449060246348,
        0.0007201842381618917,
        0.000689852109644562,
        0.0006635835743509233,
        0.0006740523967891932,
        0.0006861176225356758,
        0.0006528561934828758,
        0.0006748349405825138,
        0.0006754847127012908,
        0.0006682611419819295,
        0.0006638991762883961,
        0.0006632526637986302,
        0.0006523062475025654,
        0.000654370931442827,
        0.0006484374171122909,
        0.0006432092050090432,
        0.0006195080932229757
    ],
    "val_accuracy":[
        0.3356097638607025,
        0.28878048062324524,
        0.34390243887901306,
        0.3112195134162903,
        0.3219512104988098,
        0.3546341359615326,
        0.3502438962459564,
        0.3209756016731262,
        0.3824390172958374,
        0.3565853536128998,
        0.3517073094844818,
        0.31414633989334106,
        0.3643902540206909,
        0.3926829397678375,
        0.2668292820453644,
        0.3541463315486908,
        0.3502438962459564,
        0.3087804913520813,
        0.4000000059604645,
        0.40146341919898987,
        0.3043902516365051,
        0.33024391531944275,
        0.3502438962459564,
        0.3395121991634369,
        0.40341463685035706,
        0.3492682874202728,
        0.3507317006587982,
        0.3497560918331146,
        0.40341463685035706,
        0.36000001430511475,
        0.40292683243751526,
        0.30292683839797974,
        0.3497560918331146
    ],
    "val_cosine_similarity":[
        0.934782087802887,
        0.999572217464447,
        0.9996153116226196,
        0.9176822900772095,
        0.9995365142822266,
        0.9995908141136169,
        0.9986306428909302,
        0.9995991587638855,
        0.9066998362541199,
        0.3846733272075653,
        0.9996055364608765,
        0.8498129844665527,
        0.9995658993721008,
        0.40423092246055603,
        0.8141668438911438,
        0.9994611144065857,
        0.9618549346923828,
        0.9989801645278931,
        0.9994521737098694,
        0.9563963413238525,
        0.9996132850646973,
        0.8456591963768005,
        0.9992979764938354,
        0.9995762705802917,
        0.9356595873832703,
        0.9996182918548584,
        0.7352988123893738,
        0.9874123930931091,
        0.7893714904785156,
        0.9995146989822388,
        0.9995678067207336,
        0.9995458722114563,
        0.9760376811027527
    ],
    "val_loss":[
        0.0002482969721313566,
        0.000199318936211057,
        0.0006784805445931852,
        0.0006956404540687799,
        0.0005104718147777021,
        0.00013922374637331814,
        0.00030701246578246355,
        0.00028991061844863,
        0.00017230454250238836,
        0.00029267018544487655,
        0.0004179699462838471,
        0.0002753457229118794,
        0.00011450178135419264,
        0.00022450833057519048,
        0.00017868666327558458,
        0.0001912674051709473,
        0.00010748396744020283,
        0.00010142593237105757,
        0.0005095322849228978,
        0.0002071913331747055,
        0.00015819670807104558,
        0.0002452142653055489,
        0.00020963771385140717,
        0.00014893706247676164,
        0.00021562137408182025,
        0.00015143195923883468,
        0.00012981444888282567,
        0.00010606187424855307,
        0.0001592283952049911,
        0.00020763509382959455,
        0.00022579448705073446,
        0.0003463531320448965,
        0.00018227921100333333
    ],