{"Strategy Metrics": {"Daily Swing Trade Return": 104.18000000000005, "Buy & Hold Return": -0.07000000000000206, "Auto13($22000) Return": 71343.46000000008}, "Model Metrics": {"loss": 135.47132873535156, "mean_squared_error": 135.47132873535156, "mean_absolute_error": 11.48349666595459, "accuracy": 0.06673960387706757, "cosine_similarity": 0.9991609454154968}, "Class Metrics": {"f1_monark": 0.9772256728778467, "accuracy": 0.9762675296655879, "precision": 0.9711934156378601, "recall": 0.9833333333333333, "roc auc": 0.9760067114093959}}