{"Strategy Metrics": {"Daily Swing Trade Return": 17.65, "Buy & Hold Return": -18.49999900000001, "Auto13($22000) Return": 5152.859970000005}, "Model Metrics": {"loss": 142.39036560058594, "mean_squared_error": 142.39036560058594, "mean_absolute_error": 11.457715034484863, "accuracy": 0.10526315867900848, "cosine_proximity": 0.9108589291572571}, "Class Metrics": {"f1_monark": 0.5921052631578947, "accuracy": 0.6242424242424243, "precision": 0.6, "recall": 0.5844155844155844, "roc auc": 0.6217532467532467}}