{"Strategy Metrics": {"Daily Swing Trade Return": 892.5659640000001, "Buy & Hold Return": 362.98000299999995, "Auto13($22000) Return": 17595.669531}, "Model Metrics": {"loss": 27921.44921875, "mean_squared_error": 27921.44921875, "mean_absolute_error": 123.69783782958984, "accuracy": 0.171875, "cosine_similarity": 0.9991286993026733}, "Class Metrics": {"f1_monark": 0.7167235494880545, "accuracy": 0.6776699029126214, "precision": 0.6818181818181818, "recall": 0.7553956834532374, "roc auc": 0.670946786874298}}