{
    "accuracy":[
        0.07582791894674301,
        0.0776849240064621,
        0.07428041100502014,
        0.0755184143781662,
        0.07273290306329727,
        0.0622098408639431,
        0.06344784796237946,
        0.0733519047498703,
        0.07304240018129349,
        0.0755184143781662,
        0.07087589055299759,
        0.0665428638458252,
        0.07489941269159317,
        0.07489941269159317,
        0.08016093820333481,
        0.07397090643644333,
        0.08170844614505768,
        0.07644692063331604,
        0.07830393314361572,
        0.08418446034193039,
        0.08820798248052597,
        0.08016093820333481,
        0.09532652795314789,
        0.08387496322393417,
        0.08696997910737991,
        0.08975549042224884,
        0.08975549042224884,
        0.08820798248052597,
        0.0909935012459755,
        0.0866604745388031,
        0.09223150461912155,
        0.09656453132629395,
        0.0909935012459755,
        0.09470751881599426,
        0.10399257391691208,
        0.09594552963972092,
        0.10275456309318542
    ],
    "cosine_similarity":[
        0.9568145275115967,
        0.9737890958786011,
        0.9659924507141113,
        0.9651762843132019,
        0.9606142640113831,
        0.9576572179794312,
        0.9535277485847473,
        0.956773042678833,
        0.9523027539253235,
        0.9563326835632324,
        0.9539551138877869,
        0.958304762840271,
        0.95045405626297,
        0.9545571208000183,
        0.9485399723052979,
        0.9524425864219666,
        0.9576109051704407,
        0.9518261551856995,
        0.9588392972946167,
        0.9586309790611267,
        0.954004168510437,
        0.957054078578949,
        0.9587688446044922,
        0.9551394581794739,
        0.9570038914680481,
        0.9583712816238403,
        0.9557185173034668,
        0.9632260203361511,
        0.9540777802467346,
        0.9659122228622437,
        0.9517992734909058,
        0.9629337191581726,
        0.957209050655365,
        0.9550256729125977,
        0.9612089395523071,
        0.9628234505653381,
        0.9578423500061035
    ],
    "loss":[
        0.01016818918287754,
        0.003404590068385005,
        0.00249719456769526,
        0.0022425325587391853,
        0.002002325840294361,
        0.0019744671881198883,
        0.0018185112858191133,
        0.001715879887342453,
        0.0017243208130821586,
        0.0017080840189009905,
        0.0015968295047059655,
        0.0015367870219051838,
        0.001628482830710709,
        0.0014823367819190025,
        0.0015605805674567819,
        0.0014654600527137518,
        0.001520482706837356,
        0.0015500030713155866,
        0.001414202619343996,
        0.0015009595081210136,
        0.0015153564745560288,
        0.0014666931238025427,
        0.0014773407019674778,
        0.0013875772710889578,
        0.0014258212177082896,
        0.0014539706753566861,
        0.0013548971619457006,
        0.0015478245913982391,
        0.0014339808840304613,
        0.0013709618942812085,
        0.0014168503694236279,
        0.0014109979383647442,
        0.00135671382304281,
        0.0014725947985425591,
        0.0013288968475535512,
        0.0014149631606414914,
        0.0013520456850528717
    ],
    "mean_absolute_error":[
        0.0572015680372715,
        0.036630455404520035,
        0.03202837333083153,
        0.030684765428304672,
        0.029201654717326164,
        0.029281696304678917,
        0.028014106675982475,
        0.027831796556711197,
        0.02781730890274048,
        0.0278608538210392,
        0.027064204216003418,
        0.026682980358600616,
        0.027454104274511337,
        0.026376165449619293,
        0.026781627908349037,
        0.026095397770404816,
        0.026724131777882576,
        0.026728404685854912,
        0.025596845895051956,
        0.02612330950796604,
        0.026171043515205383,
        0.025971967726945877,
        0.02616751939058304,
        0.025449220091104507,
        0.02572713792324066,
        0.025694921612739563,
        0.025241989642381668,
        0.026797646656632423,
        0.025884641334414482,
        0.02525394596159458,
        0.025812411680817604,
        0.025648701936006546,
        0.025372643023729324,
        0.02586396597325802,
        0.025011377409100533,
        0.025435900315642357,
        0.025089282542467117
    ],
    "mean_squared_error":[
        0.01016818918287754,
        0.003404590068385005,
        0.00249719456769526,
        0.0022425325587391853,
        0.002002325840294361,
        0.0019744671881198883,
        0.0018185112858191133,
        0.001715879887342453,
        0.0017243208130821586,
        0.0017080840189009905,
        0.0015968295047059655,
        0.0015367870219051838,
        0.001628482830710709,
        0.0014823367819190025,
        0.0015605805674567819,
        0.0014654600527137518,
        0.001520482706837356,
        0.0015500030713155866,
        0.001414202619343996,
        0.0015009595081210136,
        0.0015153564745560288,
        0.0014666931238025427,
        0.0014773407019674778,
        0.0013875772710889578,
        0.0014258212177082896,
        0.0014539706753566861,
        0.0013548971619457006,
        0.0015478245913982391,
        0.0014339808840304613,
        0.0013709618942812085,
        0.0014168503694236279,
        0.0014109979383647442,
        0.00135671382304281,
        0.0014725947985425591,
        0.0013288968475535512,
        0.0014149631606414914,
        0.0013520456850528717
    ],
    "val_accuracy":[
        0.0891089141368866,
        0.06064356490969658,
        0.08787129074335098,
        0.05816831812262535,
        0.0717821791768074,
        0.06930693238973618,
        0.0445544570684433,
        0.07054455578327179,
        0.0445544570684433,
        0.05445544421672821,
        0.06683168560266495,
        0.07054455578327179,
        0.10519801825284958,
        0.10891088843345642,
        0.08292078971862793,
        0.11138613522052765,
        0.07301980257034302,
        0.14108911156654358,
        0.07301980257034302,
        0.06930693238973618,
        0.1522277295589447,
        0.07920791953802109,
        0.08168316632509232,
        0.14727722108364105,
        0.1163366362452507,
        0.059405941516160965,
        0.14727722108364105,
        0.10272277146577835,
        0.059405941516160965,
        0.14480197429656982,
        0.17079207301139832,
        0.10024752467870712,
        0.13613861799240112,
        0.11757425963878632,
        0.08539603650569916,
        0.12995049357414246,
        0.09034653753042221
    ],
    "val_cosine_similarity":[
        0.9955853819847107,
        0.9959948658943176,
        0.9861770272254944,
        0.9962454438209534,
        0.9964333176612854,
        0.996326208114624,
        0.9961225390434265,
        0.9910232424736023,
        0.9963864684104919,
        0.9964796900749207,
        0.9963840246200562,
        0.9909133911132812,
        0.9958289861679077,
        0.9966105818748474,
        0.9962227940559387,
        0.9836875200271606,
        0.9957079887390137,
        0.9921408295631409,
        0.9939109683036804,
        0.9965627193450928,
        0.9965265989303589,
        0.9966051578521729,
        0.9395912885665894,
        0.9965753555297852,
        0.9964924454689026,
        0.9964790940284729,
        0.989063024520874,
        0.9951717853546143,
        0.9965122938156128,
        0.9735074043273926,
        0.9963430166244507,
        0.9966468214988708,
        0.9966801404953003,
        0.9966433048248291,
        0.996631383895874,
        0.9695215225219727,
        0.9966086149215698
    ],