{"Strategy Metrics": {"Daily Swing Trade Return": 324.794, "Buy & Hold Return": 360.138, "Auto13($22000) Return": 6588.215999999997}, "Model Metrics": {"loss": 56204.15625, "mean_squared_error": 56204.15625, "mean_absolute_error": 188.8321533203125, "accuracy": 0.0, "cosine_similarity": 0.9225745797157288}, "Class Metrics": {"f1_monark": 0.6956521739130435, "accuracy": 0.5625, "precision": 0.7272727272727273, "recall": 0.6666666666666666, "roc auc": 0.4583333333333333}}