{
    "accuracy":[
        0.06748315691947937,
        0.0665033683180809,
        0.07078995555639267,
        0.06674831360578537,
        0.07152479887008667,
        0.06772810965776443,
        0.07078995555639267,
        0.07911818474531174,
        0.08218003809452057,
        0.0826699361205101,
        0.0815676674246788,
        0.0819350853562355,
        0.09050826728343964,
        0.0914880558848381,
        0.08315982669591904,
        0.0863441526889801,
        0.08609920740127563,
        0.08499693870544434,
        0.08462951332330704,
        0.08291488140821457,
        0.0900183692574501,
        0.08254745602607727,
        0.08732394129037857,
        0.08536435663700104,
        0.0925903245806694,
        0.0867115706205368
    ],
    "cosine_similarity":[
        0.8444320559501648,
        0.8027793765068054,
        0.7974955439567566,
        0.7943152785301208,
        0.8064337372779846,
        0.8100194334983826,
        0.8105610013008118,
        0.8101034760475159,
        0.8145307302474976,
        0.8275884985923767,
        0.8248175978660583,
        0.8287233710289001,
        0.8306390047073364,
        0.8255002498626709,
        0.82823646068573,
        0.8288708329200745,
        0.8316629528999329,
        0.8336126208305359,
        0.8406673073768616,
        0.8290020227432251,
        0.8361717462539673,
        0.8366462588310242,
        0.8507757186889648,
        0.8437837958335876,
        0.8450571298599243,
        0.850496768951416
    ],
    "loss":[
        0.003194013610482216,
        0.001315077650360763,
        0.0011902094120159745,
        0.00101491529494524,
        0.0010176534997299314,
        0.001001068507321179,
        0.0008611278608441353,
        0.0009120753966271877,
        0.0008483419078402221,
        0.000863957277033478,
        0.0008345659589394927,
        0.0007720536086708307,
        0.0007416245061904192,
        0.0007767921779304743,
        0.0007643374265171587,
        0.0007180739194154739,
        0.0007099434151314199,
        0.0007353767286986113,
        0.0006953863194212317,
        0.0007011992856860161,
        0.0007189742173068225,
        0.0006927635986357927,
        0.0006701518432237208,
        0.000683373655192554,
        0.0007091319421306252,
        0.0006533420528285205
    ],
    "mean_absolute_error":[
        0.030209563672542572,
        0.023586135357618332,
        0.02301996760070324,
        0.02177426777780056,
        0.021656284108757973,
        0.021642660722136497,
        0.020137537270784378,
        0.020700206980109215,
        0.019899148494005203,
        0.01980377361178398,
        0.019577190279960632,
        0.018733693286776543,
        0.018581202253699303,
        0.01867368072271347,
        0.018906384706497192,
        0.01829042285680771,
        0.01813153363764286,
        0.018375243991613388,
        0.0178928691893816,
        0.01807785965502262,
        0.018158255144953728,
        0.01797899231314659,
        0.017532898113131523,
        0.017770737409591675,
        0.018046457320451736,
        0.01741410233080387
    ],
    "mean_squared_error":[
        0.003194013610482216,
        0.001315077650360763,
        0.0011902094120159745,
        0.00101491529494524,
        0.0010176534997299314,
        0.001001068507321179,
        0.0008611278608441353,
        0.0009120753966271877,
        0.0008483419078402221,
        0.000863957277033478,
        0.0008345659589394927,
        0.0007720536086708307,
        0.0007416245061904192,
        0.0007767921779304743,
        0.0007643374265171587,
        0.0007180739194154739,
        0.0007099434151314199,
        0.0007353767286986113,
        0.0006953863194212317,
        0.0007011992856860161,
        0.0007189742173068225,
        0.0006927635986357927,
        0.0006701517850160599,
        0.000683373655192554,
        0.0007091319421306252,
        0.0006533420528285205
    ],
    "val_accuracy":[
        0.08129285275936127,
        0.08227228373289108,
        0.06219392642378807,
        0.08667972683906555,
        0.05190989375114441,
        0.0832517147064209,
        0.10186091810464859,
        0.06562194228172302,
        0.10137120634317398,
        0.10088148713111877,
        0.06953966617584229,
        0.07982370257377625,
        0.07002938538789749,
        0.11067580431699753,
        0.10186091810464859,
        0.05190989375114441,
        0.03966699168086052,
        0.0901077389717102,
        0.07443682849407196,
        0.09745347499847412,
        0.06660137325525284,
        0.13124388456344604,
        0.06072477996349335,
        0.07835455238819122,
        0.08374142646789551,
        0.06709108501672745
    ],
    "val_cosine_similarity":[
        0.9817006587982178,
        0.9860955476760864,
        0.997920036315918,
        0.959872841835022,
        0.9973076581954956,
        0.996109664440155,
        0.9981138706207275,
        0.9951514601707458,
        0.42861253023147583,
        0.9872518181800842,
        0.6711860299110413,
        0.99661785364151,
        0.9981005191802979,
        0.9981746673583984,
        0.475881963968277,
        0.9946625232696533,
        0.9975217580795288,
        0.9975790977478027,
        0.9558348655700684,
        0.996005654335022,
        0.4674539268016815,
        0.9844393134117126,
        0.9900639653205872,
        0.9650525450706482,
        0.5421639680862427,
        0.9980211853981018
    ],
    "val_loss":[
        0.0006370595074258745,
        0.0005857045180164278,
        0.0006645863759331405,
        0.0003530600806698203,
        0.0004893341101706028,
        0.0004559730878099799,
        0.00039898333488963544,
        0.0003242621896788478,
        0.0007099441718310118,
        0.0011578020639717579,
        0.00039438807289116085,
        0.000310557137709111,
        0.0004473294538911432,
        0.0004074293829035014,
        0.00041215322562493384,
        0.00030769684235565364,
        0.0004887368413619697,
        0.000369031447917223,
        0.00038445350946858525,
        0.00037333290674723685,
        0.0005069026374258101,
        0.0003334810317028314,
        0.0003822854778263718,
        0.00045129022328183055,
        0.0003972720878664404,
        0.0004274151287972927
    ],
    "val_mean_absolute_error":[
        0.01196132693439722,
        0.01312639843672514,
        0.021182753145694733,
        0.010067090392112732,
        0.014273016713559628,
        0.011479418724775314,
        0.01287191454321146,
        0.008594159968197346,
        0.019395848736166954,
        0.019019652158021927,
        0.012801719829440117,
        0.008521762676537037,
        0.014516526833176613,
        0.014537825249135494,
        0.014495870098471642,
        0.00888888631016016,
        0.012625724077224731,
        0.011060463264584541,
        0.011340723372995853,
        0.009884425438940525,
        0.016242658719420433,
        0.01114881131798029,
        0.01186353899538517,
        0.01219873782247305,
        0.014612384140491486,
        0.012612452730536461
    ],