{
    "accuracy":[
        0.07501550018787384,
        0.06230626255273819,
        0.07439553737640381,
        0.07687538862228394,
        0.07749535143375397,
        0.0722256675362587,
        0.08431494235992432,
        0.09268444031476974,
        0.08555486798286438,
        0.09051457047462463,
        0.08648481220006943,
        0.08307501673698425,
        0.08276503533124924,
        0.0917544960975647,
        0.08710477501153946,
        0.0858648493885994,
        0.08090514689683914,
        0.09082455188035965,
        0.09082455188035965,
        0.09981401264667511,
        0.0821450725197792
    ],
    "cosine_similarity":[
        0.9887818098068237,
        0.9893068671226501,
        0.9897289872169495,
        0.9860848784446716,
        0.9879335165023804,
        0.9898348450660706,
        0.9920808672904968,
        0.991402804851532,
        0.9877315759658813,
        0.991478443145752,
        0.9895635843276978,
        0.9913023114204407,
        0.9903531074523926,
        0.9919611215591431,
        0.9885439276695251,
        0.9924096465110779,
        0.9878749251365662,
        0.9915810823440552,
        0.9906464219093323,
        0.9903948307037354,
        0.9939652681350708
    ],
    "loss":[
        0.0024677086621522903,
        0.0013712504878640175,
        0.0012402823194861412,
        0.0011045336723327637,
        0.0010035656159743667,
        0.0010064372327178717,
        0.0009664730168879032,
        0.000988358398899436,
        0.0009721347596496344,
        0.00095501629402861,
        0.0009614363079890609,
        0.0009364457800984383,
        0.0009240435902029276,
        0.000920973252505064,
        0.0009271097951568663,
        0.0009257285855710506,
        0.0009246180416084826,
        0.0009361853008158505,
        0.0009179970365948975,
        0.0009280992089770734,
        0.0009187830146402121
    ],
    "mean_absolute_error":[
        0.03026958741247654,
        0.024084843695163727,
        0.022670254111289978,
        0.021250048652291298,
        0.020383285358548164,
        0.020218176767230034,
        0.019652029499411583,
        0.01999508962035179,
        0.0196080319583416,
        0.019257910549640656,
        0.019495418295264244,
        0.019176660105586052,
        0.019154243171215057,
        0.019099093973636627,
        0.01923096366226673,
        0.019116397947072983,
        0.019194524735212326,
        0.019122185185551643,
        0.01908254623413086,
        0.019113868474960327,
        0.018893249332904816
    ],
    "mean_squared_error":[
        0.0024677086621522903,
        0.0013712504878640175,
        0.0012402823194861412,
        0.0011045336723327637,
        0.0010035656159743667,
        0.0010064372327178717,
        0.0009664730168879032,
        0.000988358398899436,
        0.0009721347596496344,
        0.00095501629402861,
        0.0009614363079890609,
        0.0009364457800984383,
        0.0009240435902029276,
        0.000920973252505064,
        0.0009271097951568663,
        0.0009257285855710506,
        0.0009246180416084826,
        0.0009361853008158505,
        0.0009179970365948975,
        0.0009280992089770734,
        0.0009187830146402121
    ],
    "val_accuracy":[
        0.08054523169994354,
        0.05576208233833313,
        0.13258983194828033,
        0.09789343178272247,
        0.048327136784791946,
        0.047087978571653366,
        0.04213134944438934,
        0.10161090642213821,
        0.047087978571653366,
        0.14498141407966614,
        0.10780669003725052,
        0.07558859884738922,
        0.13258983194828033,
        0.08426269888877869,
        0.14498141407966614,
        0.06567534059286118,
        0.06071871146559715,
        0.07187112420797348,
        0.07558859884738922,
        0.08921933174133301,
        0.07187112420797348
    ],
    "val_cosine_similarity":[
        0.9948519468307495,
        0.9922664761543274,
        0.9948297739028931,
        0.9939086437225342,
        0.9956918954849243,
        0.9728040099143982,
        0.9953106641769409,
        0.9954462051391602,
        0.9941951036453247,
        0.9952566027641296,
        0.9957395792007446,
        0.9891345500946045,
        0.9955118298530579,
        0.9887111186981201,
        0.9948864579200745,
        0.9954228401184082,
        0.9815248847007751,
        0.9954589605331421,
        0.9954810738563538,
        0.9954907894134521,
        0.9951045513153076
    ],
    "val_loss":[
        0.0016745399916544557,
        0.0009036215487867594,
        0.0011962727876380086,
        0.0008462032419629395,
        0.001258573611266911,
        0.0014329921687021852,
        0.0008355401805602014,
        0.000969790096860379,
        0.0007989194127731025,
        0.0007900150958448648,
        0.0007623628480359912,
        0.0008223183103837073,
        0.0010811688844114542,
        0.0007943143718875945,
        0.0008516847738064826,
        0.0011020213132724166,
        0.0008302113274112344,
        0.0008570405771024525,
        0.0009203713270835578,
        0.0008280400652438402,
        0.00089498539455235
    ],
    "val_mean_absolute_error":[
        0.033836089074611664,
        0.018863731995224953,
        0.021730126813054085,
        0.01684977486729622,
        0.024897027760744095,
        0.024259762838482857,
        0.017004329711198807,
        0.020620794966816902,
        0.01651005819439888,
        0.017701445147395134,
        0.015893789008259773,
        0.01697660982608795,
        0.019217198714613914,
        0.01715203747153282,
        0.018273169174790382,
        0.022406473755836487,
        0.018021903932094574,
        0.017938053235411644,
        0.018942207098007202,
        0.017887940630316734,
        0.017589546740055084
    ],
    "val_mean_squared_error":[
        0.0016745399916544557,
        0.0009036215487867594,
        0.0011962727876380086,
        0.0008462032419629395,
        0.001258573611266911,
        0.0014329921687021852,
        0.0008355401805602014,
        0.000969790096860379,
        0.0007989194127731025,
        0.0007900150958448648,
        0.0007623628480359912,
        0.0008223183103837073,
        0.0010811688844114542,
        0.0007943143718875945,
        0.0008516847738064826,
        0.0011020213132724166,
        0.0008302113274112344,
        0.0008570405771024525,
        0.0009203713270835578,
        0.0008280400652438402,
        0.00089498539455235
    ]
}