{"Strategy Metrics": {"Daily Swing Trade Return": 533.6532129999999, "Buy & Hold Return": 98.304645, "Auto13($22000) Return": 70882.69583899993}, "Model Metrics": {"loss": 1907.6197509765625, "mean_squared_error": 1907.6197509765625, "mean_absolute_error": 38.23300552368164, "accuracy": 0.04026170074939728, "cosine_similarity": 0.9986485838890076}, "Class Metrics": {"f1_monark": 0.863593603010348, "accuracy": 0.855, "precision": 0.8555452003727866, "recall": 0.8717948717948718, "roc auc": 0.8540600546936346}}