{"Strategy Metrics": {"Daily Swing Trade Return": 825.1340470000005, "Buy & Hold Return": 359.80000299999995, "Auto13($22000) Return": 15460.814721999996}, "Model Metrics": {"loss": 28085.677734375, "mean_squared_error": 28085.677734375, "mean_absolute_error": 123.9068603515625, "accuracy": 0.2868216931819916, "cosine_proximity": 0.9995227456092834}, "Class Metrics": {"f1_monark": 0.7084745762711864, "accuracy": 0.6673114119922631, "precision": 0.6698717948717948, "recall": 0.7517985611510791, "roc auc": 0.6604181090274224}}