{
    "accuracy":[
        0.2082294225692749,
        0.21134662628173828,
        0.21758104860782623,
        0.20261844992637634,
        0.2063591033220291,
        0.19950124621391296,
        0.20012468099594116,
        0.2088528722524643,
        0.2094763070344925,
        0.21508727967739105,
        0.21197007596492767,
        0.21758104860782623,
        0.21446384489536285,
        0.21633416414260864,
        0.19638404250144958,
        0.2076059877872467,
        0.21758104860782623,
        0.2069825381040573,
        0.21072319149971008,
        0.2094763070344925,
        0.20137156546115875,
        0.21072319149971008,
        0.21197007596492767,
        0.21758104860782623,
        0.21009975671768188,
        0.21009975671768188,
        0.19887781143188477,
        0.22568579018115997,
        0.21134662628173828,
        0.21197007596492767,
        0.2082294225692749
    ],
    "cosine_similarity":[
        0.9102408289909363,
        0.917792797088623,
        0.8923051357269287,
        0.8718450665473938,
        0.8798275589942932,
        0.8757676482200623,
        0.8811233639717102,
        0.8799684047698975,
        0.8765242695808411,
        0.8817858695983887,
        0.8731265068054199,
        0.8694751262664795,
        0.8835603594779968,
        0.8695555329322815,
        0.8909398913383484,
        0.8876968622207642,
        0.869057297706604,
        0.8927536010742188,
        0.8851211667060852,
        0.8817315697669983,
        0.8848778009414673,
        0.885807991027832,
        0.8998590111732483,
        0.8957019448280334,
        0.8861530423164368,
        0.8823717832565308,
        0.8900160193443298,
        0.8829850554466248,
        0.8899269700050354,
        0.9062855243682861,
        0.8826483488082886
    ],
    "loss":[
        0.0003732551704160869,
        0.00015034286479931325,
        0.00011903823906322941,
        0.00011196509876754135,
        0.00010148490400752053,
        9.002885053632781e-05,
        9.010850772028789e-05,
        9.156129090115428e-05,
        7.863804785301909e-05,
        7.294901297427714e-05,
        7.084585377015173e-05,
        8.33665908430703e-05,
        6.930642121005803e-05,
        7.728566561127082e-05,
        7.217704114736989e-05,
        6.879420106997713e-05,
        7.113473111530766e-05,
        6.248139106901363e-05,
        6.0216672864044085e-05,
        6.733946793247014e-05,
        6.265254341997206e-05,
        6.4352665503975e-05,
        5.748717376263812e-05,
        5.5232121667359024e-05,
        5.862867328687571e-05,
        6.0801950894529e-05,
        5.5903205065988004e-05,
        6.695213232887909e-05,
        5.545792373595759e-05,
        5.463323395815678e-05,
        5.323873119778e-05
    ],
    "mean_absolute_error":[
        0.013368451967835426,
        0.009084357880055904,
        0.008334983140230179,
        0.00820365734398365,
        0.007765078451484442,
        0.007330542430281639,
        0.007352852262556553,
        0.00743247801437974,
        0.006842398550361395,
        0.006592481397092342,
        0.006586059927940369,
        0.0071615916676819324,
        0.00638087373226881,
        0.006842274218797684,
        0.006582865957170725,
        0.006376152392476797,
        0.00651925802230835,
        0.006101700942963362,
        0.005926547106355429,
        0.006343682762235403,
        0.006119399797171354,
        0.006153165362775326,
        0.005735374055802822,
        0.005695125553756952,
        0.005916309077292681,
        0.006106073502451181,
        0.005744515918195248,
        0.006346638314425945,
        0.00576808862388134,
        0.005689425393939018,
        0.005612512584775686
    ],
    "mean_squared_error":[
        0.0003732551704160869,
        0.00015034286479931325,
        0.00011903823906322941,
        0.00011196509876754135,
        0.00010148490400752053,
        9.002885053632781e-05,
        9.010850044433028e-05,
        9.156129090115428e-05,
        7.863804785301909e-05,
        7.294901297427714e-05,
        7.084585377015173e-05,
        8.33665908430703e-05,
        6.930642121005803e-05,
        7.728566561127082e-05,
        7.217704114736989e-05,
        6.879420106997713e-05,
        7.113473111530766e-05,
        6.248139106901363e-05,
        6.0216672864044085e-05,
        6.733946793247014e-05,
        6.265254341997206e-05,
        6.4352665503975e-05,
        5.748717376263812e-05,
        5.5232121667359024e-05,
        5.862867328687571e-05,
        6.0801950894529e-05,
        5.5903205065988004e-05,
        6.695213232887909e-05,
        5.545792373595759e-05,
        5.463323395815678e-05,
        5.323873119778e-05
    ],
    "val_accuracy":[
        0.22885571420192719,
        0.305970162153244,
        0.2014925330877304,
        0.2537313401699066,
        0.22636815905570984,
        0.2064676582813263,
        0.2587064802646637,
        0.29104477167129517,
        0.13930347561836243,
        0.12189054489135742,
        0.305970162153244,
        0.12437810748815536,
        0.2985074520111084,
        0.2537313401699066,
        0.18656715750694275,
        0.2587064802646637,
        0.1840796023607254,
        0.17661692202091217,
        0.23880596458911896,
        0.29601991176605225,
        0.13930347561836243,
        0.2860696613788605,
        0.14676617085933685,
        0.2985074520111084,
        0.20398010313510895,
        0.2064676582813263,
        0.30845770239830017,
        0.16417910158634186,
        0.13930347561836243,
        0.2189054787158966,
        0.1318407952785492
    ],
    "val_cosine_similarity":[
        0.9571747779846191,
        0.966184675693512,
        0.9938148260116577,
        0.9948391914367676,
        0.9939830899238586,
        0.9987338185310364,
        0.9905459880828857,
        0.924980640411377,
        0.9976446628570557,
        0.9831592440605164,
        0.962737500667572,
        0.9975301027297974,
        0.9168975353240967,
        0.9968744516372681,
        0.9988348484039307,
        0.9567638635635376,
        0.9955282807350159,
        0.9944860339164734,
        0.9958113431930542,
        0.7257938385009766,
        0.9960248470306396,
        0.8256341814994812,
        0.9980458617210388,
        0.6323482990264893,
        0.9980446100234985,
        0.9975993633270264,
        0.9982666373252869,
        0.8810252547264099,
        0.9936143755912781,
        0.9987667202949524,
        0.9979090094566345
    ],
    "val_loss":[
        5.22411210113205e-05,
        4.462799188331701e-05,
        8.594671089667827e-05,
        6.0092206695117056e-05,
        6.585886876564473e-05,
        0.00012154821888543665,
        3.483443651930429e-05,
        3.751116310013458e-05,
        2.971623143821489e-05,
        3.533314520609565e-05,
        6.559383473359048e-05,
        4.8930058255791664e-05,
        3.03821998386411e-05,
        5.749375486630015e-05,
        4.1639006667537615e-05,
        2.8644493795582093e-05,
        2.567188857938163e-05,
        2.509047590137925e-05,
        3.0058019547141157e-05,
        8.939656981965527e-05,
        2.3234111722558737e-05,
        3.224400643375702e-05,
        2.3521337425336242e-05,
        3.460281004663557e-05,
        4.4259391870582476e-05,
        3.670205478556454e-05,
        2.76378050330095e-05,
        2.6422010705573484e-05,
        4.052604708704166e-05,
        2.3354572476819158e-05,
        3.0746610718779266e-05
    ],