{"Strategy Metrics": {"Daily Swing Trade Return": 145.9199940000001, "Buy & Hold Return": -4.090000000000002, "Auto13($22000) Return": 112564.49386399993}, "Model Metrics": {"loss": 113.75479125976562, "mean_squared_error": 113.75479125976562, "mean_absolute_error": 10.053973197937012, "accuracy": 0.2201467603445053, "cosine_similarity": 0.9991418719291687}, "Class Metrics": {"f1_monark": 0.8079207920792079, "accuracy": 0.8063872255489022, "precision": 0.8095238095238095, "recall": 0.8063241106719368, "roc auc": 0.8063878617875813}}