{"Strategy Metrics": {"Daily Swing Trade Return": 21.950000000000003, "Buy & Hold Return": -25.770000000000003, "Auto13($22000) Return": 5129.7599910000135}, "Model Metrics": {"loss": 162.16925048828125, "mean_squared_error": 162.16925048828125, "mean_absolute_error": 11.943278312683105, "accuracy": 0.18471337854862213, "cosine_proximity": 0.9261123538017273}, "Class Metrics": {"f1_monark": 0.6282051282051282, "accuracy": 0.6588235294117647, "precision": 0.620253164556962, "recall": 0.6363636363636364, "roc auc": 0.6568914956011731}}