{"Strategy Metrics": {"Daily Swing Trade Return": 2361.760131000002, "Buy & Hold Return": 34.70999899999998, "Auto13($22000) Return": 151269.252435}, "Model Metrics": {"loss": 21317.32421875, "mean_squared_error": 21317.32421875, "mean_absolute_error": 141.6952667236328, "accuracy": 0.14345549046993256, "cosine_similarity": 0.9999003410339355}, "Class Metrics": {"f1_monark": 0.871729743459487, "accuracy": 0.867939330543933, "precision": 0.8631790744466801, "recall": 0.8804515135967163, "roc auc": 0.8676924234650247}}