{
    "accuracy":[
        0.17675070464611053,
        0.168767511844635,
        0.1710084080696106,
        0.17170868813991547,
        0.18039216101169586,
        0.17941176891326904,
        0.18277311325073242,
        0.18515406548976898,
        0.1806722730398178,
        0.1829131692647934,
        0.19411765038967133,
        0.18487395346164703,
        0.190476194024086,
        0.1931372582912445,
        0.19243697822093964,
        0.18431372940540314,
        0.1844537854194641,
        0.18655462563037872,
        0.18711484968662262,
        0.19089636206626892,
        0.18515406548976898,
        0.18039216101169586,
        0.18487395346164703,
        0.18977591395378113,
        0.1823529452085495,
        0.1893557459115982,
        0.18137255311012268,
        0.19285714626312256,
        0.18739496171474457,
        0.18571428954601288,
        0.19131653010845184,
        0.19439776241779327,
        0.185014009475708,
        0.18585434556007385,
        0.18109244108200073,
        0.19089636206626892,
        0.18711484968662262,
        0.19019608199596405,
        0.1866946816444397,
        0.1883753538131714,
        0.18249300122261047,
        0.18627451360225677,
        0.1887955218553543,
        0.18515406548976898,
        0.19299720227718353,
        0.18053221702575684,
        0.1921568661928177,
        0.18487395346164703,
        0.18543417751789093,
        0.19299720227718353,
        0.18389356136322021,
        0.19145658612251282
    ],
    "cosine_similarity":[
        0.7740642428398132,
        0.717286229133606,
        0.7168030738830566,
        0.7122042775154114,
        0.7249095439910889,
        0.7293846011161804,
        0.7269922494888306,
        0.7306770086288452,
        0.7228260636329651,
        0.7241567969322205,
        0.7279669046401978,
        0.7336744070053101,
        0.7322877049446106,
        0.7227916717529297,
        0.7326409816741943,
        0.7263475060462952,
        0.7427225112915039,
        0.7246389985084534,
        0.7246249914169312,
        0.7332649230957031,
        0.7419711351394653,
        0.7288916707038879,
        0.7501829862594604,
        0.7454754710197449,
        0.7401790618896484,
        0.7420374751091003,
        0.733042299747467,
        0.740625262260437,
        0.7459151744842529,
        0.7501325607299805,
        0.7451502680778503,
        0.7407199740409851,
        0.729756236076355,
        0.7380610704421997,
        0.7343031167984009,
        0.7428016662597656,
        0.7445284724235535,
        0.7427531480789185,
        0.7381919622421265,
        0.7436022162437439,
        0.7492753863334656,
        0.7547578811645508,
        0.7472884058952332,
        0.7402999401092529,
        0.7529512047767639,
        0.7442179918289185,
        0.7591376304626465,
        0.7401077747344971,
        0.7412703037261963,
        0.7406131029129028,
        0.7453070282936096,
        0.7439749836921692
    ],
    "loss":[
        0.0026726170908659697,
        0.0011700637405738235,
        0.0009744288981892169,
        0.0008279985631816089,
        0.0007982811075635254,
        0.0007966182311065495,
        0.0007838563760742545,
        0.0007797786965966225,
        0.0007313177920877934,
        0.0007197155500762165,
        0.0007097313646227121,
        0.0007304892642423511,
        0.0007524183019995689,
        0.00072490080492571,
        0.0007103639072738588,
        0.0007041150238364935,
        0.0007211526390165091,
        0.0006874719983898103,
        0.000720650190487504,
        0.0006636933539994061,
        0.0006863301969133317,
        0.0007164452690631151,
        0.0006670886650681496,
        0.0006737540243193507,
        0.0006823672447353601,
        0.0006901553133502603,
        0.0007111803279258311,
        0.0006824423908255994,
        0.0006778946262784302,
        0.0006892597884871066,
        0.0006354829529300332,
        0.0006579445907846093,
        0.000714171095751226,
        0.0006826181779615581,
        0.0006943683256395161,
        0.0006698333891108632,
        0.0006706782151013613,
        0.0006660405779257417,
        0.0006608057883568108,
        0.0006496188580058515,
        0.0006510915118269622,
        0.0006814697990193963,
        0.0006409513298422098,
        0.0006910086376592517,
        0.0006468920619226992,
        0.0006773437489755452,
        0.0006561075570061803,
        0.0006540134781971574,
        0.0006571459816768765,
        0.0006658647325821221,
        0.0006789421895518899,
        0.0006461365264840424
    ],
    "mean_absolute_error":[
        0.029649509117007256,
        0.023147623986005783,
        0.02182738296687603,
        0.02028469927608967,
        0.020040104165673256,
        0.01969059370458126,
        0.0196571983397007,
        0.01970548741519451,
        0.01913493126630783,
        0.018959246575832367,
        0.01885674148797989,
        0.018976062536239624,
        0.019247543066740036,
        0.01892436109483242,
        0.018788184970617294,
        0.018722694367170334,
        0.01873369701206684,
        0.01849285699427128,
        0.01880498230457306,
        0.018234306946396828,
        0.018273841589689255,
        0.018700433894991875,
        0.0182519368827343,
        0.01831386610865593,
        0.01836412586271763,
        0.018247172236442566,
        0.018754586577415466,
        0.018316635861992836,
        0.018236028030514717,
        0.018439607694745064,
        0.017786478623747826,
        0.018111931160092354,
        0.018626632168889046,
        0.01824045181274414,
        0.018427107483148575,
        0.01811923272907734,
        0.01827939972281456,
        0.01809939183294773,
        0.01825469173491001,
        0.01780351810157299,
        0.017929455265402794,
        0.018209615722298622,
        0.01776163838803768,
        0.01821010559797287,
        0.017749551683664322,
        0.01819751225411892,
        0.017814205959439278,
        0.01790742576122284,
        0.01801694557070732,
        0.017960449680685997,
        0.018202072009444237,
        0.01787247322499752
    ],
    "mean_squared_error":[
        0.0026726170908659697,
        0.0011700637405738235,
        0.0009744288981892169,
        0.0008279985631816089,
        0.0007982811075635254,
        0.0007966182311065495,
        0.0007838563760742545,
        0.0007797786965966225,
        0.0007313177920877934,
        0.0007197155500762165,
        0.0007097313646227121,
        0.0007304892642423511,
        0.0007524183019995689,
        0.00072490080492571,
        0.000710363790858537,
        0.0007041150238364935,
        0.0007211526390165091,
        0.0006874719983898103,
        0.000720650190487504,
        0.0006636933539994061,
        0.0006863301969133317,
        0.0007164452690631151,
        0.0006670886650681496,
        0.0006737540243193507,
        0.0006823672447353601,
        0.0006901553133502603,
        0.0007111803279258311,
        0.0006824423908255994,
        0.0006778946262784302,
        0.0006892597884871066,
        0.0006354829529300332,
        0.0006579445907846093,
        0.000714171095751226,
        0.0006826181779615581,
        0.000694368383847177,
        0.0006698333891108632,
        0.0006706782151013613,
        0.0006660405779257417,
        0.0006608057883568108,
        0.0006496188580058515,
        0.0006510915118269622,
        0.0006814697990193963,
        0.0006409513298422098,
        0.0006910086958669126,
        0.0006468920619226992,
        0.0006773437489755452,
        0.0006561075570061803,
        0.0006540135364048183,
        0.0006571460398845375,
        0.0006658647325821221,
        0.0006789421895518899,
        0.0006461365264840424
    ],