{"Strategy Metrics": {"Daily Swing Trade Return": 86.37, "Buy & Hold Return": -0.4300000000000015, "Auto13($22000) Return": 33228.06000000002}, "Model Metrics": {"loss": 135.4996337890625, "mean_squared_error": 135.4996337890625, "mean_absolute_error": 11.484020233154297, "accuracy": 0.07582417875528336, "cosine_similarity": 0.9992198944091797}, "Class Metrics": {"f1_monark": 0.8109243697478992, "accuracy": 0.8049837486457205, "precision": 0.8143459915611815, "recall": 0.8075313807531381, "roc auc": 0.804889285882187}}