{"Strategy Metrics": {"Daily Swing Trade Return": 34.18000000000001, "Buy & Hold Return": 1.3199999999999985, "Auto13($22000) Return": 6550.709999999981}, "Model Metrics": {"loss": 135.2536163330078, "mean_squared_error": 135.2536163330078, "mean_absolute_error": 11.475168228149414, "accuracy": 0.18634885549545288, "cosine_proximity": 0.999474823474884}, "Class Metrics": {"f1_monark": 0.6096807415036045, "accuracy": 0.5929108485499462, "precision": 0.6065573770491803, "recall": 0.6128364389233955, "roc auc": 0.5921325051759835}}