{"Strategy Metrics": {"Daily Swing Trade Return": 242.93784900000034, "Buy & Hold Return": 98.304645, "Auto13($22000) Return": 42169.853970000055}, "Model Metrics": {"loss": 1913.02685546875, "mean_squared_error": 1913.02685546875, "mean_absolute_error": 38.26737594604492, "accuracy": 0.09763462841510773, "cosine_similarity": 0.9991702437400818}, "Class Metrics": {"f1_monark": 0.7792083929422986, "accuracy": 0.7685, "precision": 0.7825670498084292, "recall": 0.7758784425451092, "roc auc": 0.7680870565418259}}