{"Strategy Metrics": {"Daily Swing Trade Return": 501.60007400000023, "Buy & Hold Return": 89.12999699999999, "Auto13($22000) Return": 12024.98176899999}, "Model Metrics": {"loss": 28046.916015625, "mean_squared_error": 28046.916015625, "mean_absolute_error": 164.9716033935547, "accuracy": 0.0422535203397274, "cosine_similarity": 0.9994680285453796}, "Class Metrics": {"f1_monark": 0.9274004683840749, "accuracy": 0.9157608695652174, "precision": 0.9124423963133641, "recall": 0.9428571428571428, "roc auc": 0.9113019891500904}}