{
    "accuracy":[
        0.156669020652771,
        0.17784050107002258,
        0.1623147428035736,
        0.16654904186725616,
        0.17501763999462128,
        0.1785462200641632,
        0.17360621690750122,
        0.17925193905830383,
        0.16090331971645355,
        0.1700776219367981,
        0.17148905992507935,
        0.17148905992507935,
        0.1672547608613968,
        0.17501763999462128,
        0.1785462200641632,
        0.1510232836008072,
        0.199717715382576,
        0.17078334093093872,
        0.1757233589887619,
        0.1757233589887619,
        0.1834862381219864,
        0.1834862381219864,
        0.18419195711612701,
        0.18489767611026764,
        0.19689485430717468,
        0.19548341631889343,
        0.19266055524349213,
        0.19548341631889343,
        0.1919548362493515,
        0.19830627739429474,
        0.19266055524349213,
        0.18772053718566895,
        0.19266055524349213,
        0.20959773659706116,
        0.19901199638843536,
        0.199717715382576,
        0.20395201444625854,
        0.1976005584001541,
        0.20465773344039917,
        0.1891319751739502,
        0.20112915337085724,
        0.2081863135099411,
        0.18560338020324707,
        0.21524347364902496,
        0.21171489357948303,
        0.20324629545211792,
        0.18842625617980957,
        0.1919548362493515,
        0.19407197833061218,
        0.20959773659706116,
        0.18772053718566895
    ],
    "cosine_similarity":[
        0.8702864646911621,
        0.8560396432876587,
        0.8490967154502869,
        0.8470406532287598,
        0.8481959700584412,
        0.8385831713676453,
        0.8497458100318909,
        0.85905921459198,
        0.8518744111061096,
        0.8569765090942383,
        0.8639045357704163,
        0.8500304818153381,
        0.8613167405128479,
        0.8737937808036804,
        0.854687511920929,
        0.8665651082992554,
        0.8584011793136597,
        0.8647806644439697,
        0.8626328110694885,
        0.8668314814567566,
        0.86707603931427,
        0.857536256313324,
        0.8633340001106262,
        0.8847494125366211,
        0.8739669322967529,
        0.880440354347229,
        0.8469300270080566,
        0.8676727414131165,
        0.8799551725387573,
        0.8774131536483765,
        0.8775730133056641,
        0.8672460913658142,
        0.8675051927566528,
        0.8784011006355286,
        0.8644814491271973,
        0.8714713454246521,
        0.8724300861358643,
        0.8559423089027405,
        0.8656920790672302,
        0.8779959082603455,
        0.8709875345230103,
        0.8821308016777039,
        0.8692253232002258,
        0.87860506772995,
        0.8738728761672974,
        0.8643554449081421,
        0.8617351651191711,
        0.880987286567688,
        0.8556171655654907,
        0.8596999645233154,
        0.877029538154602
    ],
    "loss":[
        0.0003889595973305404,
        0.00014324927178677171,
        0.00011814847675850615,
        0.00010299153655068949,
        9.143239731201902e-05,
        9.041405428433791e-05,
        7.913643639767542e-05,
        7.155646744649857e-05,
        7.4665505962912e-05,
        7.368445949396119e-05,
        7.477503822883591e-05,
        7.216378435259685e-05,
        6.532582483487204e-05,
        6.583662616321817e-05,
        6.304751877905801e-05,
        6.835284875705838e-05,
        6.973866402404383e-05,
        6.555947766173631e-05,
        5.722181958844885e-05,
        6.53218012303114e-05,
        6.439155549742281e-05,
        5.8669222198659554e-05,
        5.848070577485487e-05,
        6.196051253937185e-05,
        5.613474058918655e-05,
        6.02093969064299e-05,
        6.0722788475686684e-05,
        5.159319334779866e-05,
        6.326227594399825e-05,
        5.709829929401167e-05,
        5.773530210717581e-05,
        5.937161040492356e-05,
        5.83499095228035e-05,
        5.701439658878371e-05,
        5.763394074165262e-05,
        5.257410884951241e-05,
        5.918232272961177e-05,
        5.669427991961129e-05,
        5.025363861932419e-05,
        5.220928869675845e-05,
        5.750916534452699e-05,
        5.022747063776478e-05,
        5.521951970877126e-05,
        5.442812471301295e-05,
        5.2304763812571764e-05,
        5.586399493040517e-05,
        5.400621012086049e-05,
        5.46103146916721e-05,
        5.256160511635244e-05,
        6.12129588262178e-05,
        5.0688297051237896e-05
    ],
    "mean_absolute_error":[
        0.013925005681812763,
        0.00910389143973589,
        0.008404267020523548,
        0.007893913425505161,
        0.007499003782868385,
        0.007413781248033047,
        0.0068363300524652,
        0.006585563998669386,
        0.006705177947878838,
        0.006693874951452017,
        0.006717443000525236,
        0.006661109626293182,
        0.006278255954384804,
        0.0061736442148685455,
        0.0061983633786439896,
        0.0063711809925735,
        0.006532053463160992,
        0.006289120763540268,
        0.005935479886829853,
        0.0062491330318152905,
        0.006241953931748867,
        0.005963807459920645,
        0.00592835946008563,
        0.006051560863852501,
        0.005854539107531309,
        0.006010620854794979,
        0.006069629453122616,
        0.0055851140059530735,
        0.006125671789050102,
        0.0058077313005924225,
        0.00590106938034296,
        0.006031122524291277,
        0.005878363735973835,
        0.005833852104842663,
        0.005926856305450201,
        0.005732757970690727,
        0.0060026017017662525,
        0.005866627674549818,
        0.00548262894153595,
        0.0055913920514285564,
        0.005816970951855183,
        0.005526257678866386,
        0.005744509864598513,
        0.005726028699427843,
        0.005667743738740683,
        0.005833401810377836,
        0.005617246497422457,
        0.005737082101404667,
        0.005567331798374653,
        0.006037355866283178,
        0.005485704634338617
    ],
    "mean_squared_error":[
        0.0003889595973305404,
        0.00014324927178677171,
        0.00011814847675850615,
        0.00010299153655068949,
        9.143239731201902e-05,
        9.041405428433791e-05,
        7.913643639767542e-05,
        7.155646744649857e-05,
        7.4665505962912e-05,
        7.368445949396119e-05,
        7.477503822883591e-05,
        7.216378435259685e-05,
        6.532581755891442e-05,
        6.583662616321817e-05,
        6.304751877905801e-05,
        6.835284875705838e-05,
        6.973867130000144e-05,
        6.555947766173631e-05,
        5.722181958844885e-05,
        6.532179395435378e-05,
        6.439155549742281e-05,
        5.8669222198659554e-05,
        5.848070577485487e-05,
        6.196051253937185e-05,
        5.613474058918655e-05,
        6.02093969064299e-05,
        6.0722788475686684e-05,
        5.159319334779866e-05,
        6.326227594399825e-05,
        5.709829929401167e-05,
        5.773530210717581e-05,
        5.937161040492356e-05,
        5.83499095228035e-05,
        5.701439658878371e-05,
        5.763394074165262e-05,
        5.257410884951241e-05,
        5.918232272961177e-05,
        5.669427991961129e-05,
        5.025363861932419e-05,
        5.220928869675845e-05,
        5.750916534452699e-05,
        5.022747063776478e-05,
        5.521951970877126e-05,
        5.442812471301295e-05,
        5.2304763812571764e-05,
        5.586399493040517e-05,
        5.400621012086049e-05,
        5.46103146916721e-05,
        5.256160511635244e-05,
        6.12129588262178e-05,
        5.0688297051237896e-05
    ],