{"Strategy Metrics": {"Daily Swing Trade Return": 0.26799999999999446, "Buy & Hold Return": 0.14499999999999957, "Auto13($22000) Return": 58.073999999996886}, "Model Metrics": {"loss": 42.803733825683594, "mean_squared_error": 42.803733825683594, "mean_absolute_error": 6.540282726287842, "accuracy": 1.0, "cosine_similarity": 0.9105367660522461}, "Class Metrics": {"f1_monark": 0.31999999999999995, "accuracy": 0.5, "precision": 0.2962962962962963, "recall": 0.34782608695652173, "roc auc": 0.4628019323671497}}