{"Strategy Metrics": {"Daily Swing Trade Return": 752.6780480000007, "Buy & Hold Return": 369.38000099999994, "Auto13($22000) Return": 12846.632555999982}, "Model Metrics": {"loss": 26738.29296875, "mean_squared_error": 26738.29296875, "mean_absolute_error": 121.8399887084961, "accuracy": 0.08433734625577927, "cosine_similarity": 0.9970391988754272}, "Class Metrics": {"f1_monark": 0.6838487972508592, "accuracy": 0.639921722113503, "precision": 0.6524590163934426, "recall": 0.7184115523465704, "roc auc": 0.6327100496775587}}