{"Strategy Metrics": {"Daily Swing Trade Return": 66.42000699999998, "Buy & Hold Return": -25.909999000000006, "Auto13($22000) Return": 16709.00084200001}, "Model Metrics": {"loss": 614.7608642578125, "mean_squared_error": 614.7608642578125, "mean_absolute_error": 20.93183708190918, "accuracy": 0.21900826692581177, "cosine_similarity": 0.996059238910675}, "Class Metrics": {"f1_monark": 0.7965367965367965, "accuracy": 0.8089430894308943, "precision": 0.8, "recall": 0.7931034482758621, "roc auc": 0.8080901856763926}}