{"Strategy Metrics": {"Daily Swing Trade Return": 1216.590039000001, "Buy & Hold Return": 359.80000299999995, "Auto13($22000) Return": 35370.71086100004}, "Model Metrics": {"loss": 28091.236328125, "mean_squared_error": 28091.236328125, "mean_absolute_error": 123.91355895996094, "accuracy": 0.2771317958831787, "cosine_similarity": 0.9995158314704895}, "Class Metrics": {"f1_monark": 0.8278260869565217, "accuracy": 0.8085106382978723, "precision": 0.8013468013468014, "recall": 0.8561151079136691, "roc auc": 0.8046265916137383}}