{
    "accuracy":[
        0.06624075025320053,
        0.07834566384553909,
        0.07397444546222687,
        0.0817081406712532,
        0.0759919285774231,
        0.0759919285774231,
        0.08238063007593155,
        0.0806993916630745,
        0.08843308687210083,
        0.0840618684887886,
        0.09650302678346634,
        0.09011432528495789,
        0.093476802110672,
        0.09381304681301117,
        0.08977807313203812,
        0.10490921139717102,
        0.09482178837060928,
        0.09314054995775223,
        0.0981842651963234,
        0.08910558372735977,
        0.09213180840015411,
        0.09280430525541306,
        0.0840618684887886,
        0.0817081406712532,
        0.08843308687210083,
        0.09717552363872528,
        0.08944182842969894,
        0.0958305299282074
    ],
    "cosine_similarity":[
        0.9453470706939697,
        0.9231594204902649,
        0.923736572265625,
        0.9277878403663635,
        0.9252451658248901,
        0.9332114458084106,
        0.9264481663703918,
        0.9266313910484314,
        0.9245607256889343,
        0.9275320768356323,
        0.9239924550056458,
        0.9319830536842346,
        0.9286319613456726,
        0.9363832473754883,
        0.9316101670265198,
        0.9385130405426025,
        0.9325860738754272,
        0.9339793920516968,
        0.9317031502723694,
        0.9358658194541931,
        0.9293346405029297,
        0.9397273063659668,
        0.9416192173957825,
        0.9412010908126831,
        0.9396204948425293,
        0.9391796588897705,
        0.9375389218330383,
        0.939415693283081
    ],
    "loss":[
        0.006318332627415657,
        0.0027381170075386763,
        0.002408263273537159,
        0.0021903840824961662,
        0.002247737254947424,
        0.002084016567096114,
        0.0020997270476073027,
        0.0020993647631257772,
        0.002000250853598118,
        0.0020720292814075947,
        0.001956202555447817,
        0.0019913201685994864,
        0.00208270107395947,
        0.0018823330756276846,
        0.001933834282681346,
        0.0018967556534335017,
        0.0018641252536326647,
        0.0019329326460137963,
        0.001837085816077888,
        0.00188766373321414,
        0.001881623174995184,
        0.0019351462833583355,
        0.0018552661640569568,
        0.0018911041552200913,
        0.001814736402593553,
        0.0018027854384854436,
        0.001845196122303605,
        0.001881516887806356
    ],
    "mean_absolute_error":[
        0.05091511085629463,
        0.03686152398586273,
        0.035550422966480255,
        0.034024305641651154,
        0.03440840169787407,
        0.033254124224185944,
        0.0330369807779789,
        0.03345761448144913,
        0.032795023173093796,
        0.03315071761608124,
        0.03245819732546806,
        0.03244968503713608,
        0.033348675817251205,
        0.03162131458520889,
        0.03192179277539253,
        0.03179822862148285,
        0.03179717808961868,
        0.03187848627567291,
        0.03122159279882908,
        0.03161349520087242,
        0.03159315511584282,
        0.03209909796714783,
        0.03139859437942505,
        0.03125019371509552,
        0.03114013746380806,
        0.030816078186035156,
        0.031293950974941254,
        0.03143424913287163
    ],
    "mean_squared_error":[
        0.006318332627415657,
        0.0027381170075386763,
        0.002408263273537159,
        0.0021903840824961662,
        0.002247737254947424,
        0.002084016567096114,
        0.0020997270476073027,
        0.0020993647631257772,
        0.002000250853598118,
        0.0020720292814075947,
        0.001956202555447817,
        0.0019913201685994864,
        0.00208270107395947,
        0.0018823330756276846,
        0.001933834282681346,
        0.0018967556534335017,
        0.0018641252536326647,
        0.0019329326460137963,
        0.001837085816077888,
        0.00188766373321414,
        0.001881623174995184,
        0.0019351462833583355,
        0.0018552661640569568,
        0.0018911041552200913,
        0.001814736402593553,
        0.0018027854384854436,
        0.001845196122303605,
        0.001881516887806356
    ],
    "val_accuracy":[
        0.05510752648115158,
        0.07258064299821854,
        0.08870967477560043,
        0.032258063554763794,
        0.059139784425497055,
        0.08198924362659454,
        0.10618279874324799,
        0.12768816947937012,
        0.1344086080789566,
        0.11021505296230316,
        0.09811828285455704,
        0.13306452333927155,
        0.15860214829444885,
        0.1344086080789566,
        0.11559139937162399,
        0.06989247351884842,
        0.09005376696586609,
        0.14381720125675201,
        0.07258064299821854,
        0.07930107414722443,
        0.07123655825853348,
        0.12096773833036423,
        0.09139785170555115,
        0.08467742055654526,
        0.17876343429088593,
        0.07661290466785431,
        0.1088709682226181,
        0.07661290466785431
    ],
    "val_cosine_similarity":[
        0.9783907532691956,
        0.9950919151306152,
        0.9955925345420837,
        0.9962058663368225,
        0.9962583780288696,
        0.9966225624084473,
        0.862877368927002,
        0.9666522741317749,
        0.9900246858596802,
        0.9930981993675232,
        0.9962958097457886,
        0.996097207069397,
        0.9954816102981567,
        0.8169340491294861,
        0.9908558130264282,
        0.9965074062347412,
        0.9960371255874634,
        0.9962912201881409,
        0.9964933395385742,
        0.9965017437934875,
        0.9950282573699951,
        0.9965840578079224,
        0.9965305328369141,
        0.996344804763794,
        0.9964433312416077,
        0.9947551488876343,
        0.9914507865905762,
        0.9963237047195435
    ],
    "val_loss":[
        0.0026802076026797295,
        0.001389831304550171,
        0.0018435078673064709,
        0.0012215006863698363,
        0.001429460826329887,
        0.0016692903591319919,
        0.0012180968187749386,
        0.0011504009598866105,
        0.001308528007939458,
        0.0012312071630731225,
        0.001160775893367827,
        0.0012289658188819885,
        0.0014704588102176785,
        0.0014462871477007866,
        0.0014688074588775635,
        0.0017974713118746877,
        0.0011613748501986265,
        0.0011129254708066583,
        0.0012508935760706663,
        0.0011627600761130452,
        0.00116454076487571,
        0.0013439469039440155,
        0.0011608029017224908,
        0.0015856270911172032,
        0.00207726564258337,
        0.0011183687020093203,
        0.001449894392862916,
        0.001159017439931631
    ],
    "val_mean_absolute_error":[
        0.03677869215607643,
        0.02396395429968834,
        0.028722073882818222,
        0.022783448919653893,
        0.02416078932583332,
        0.029792936518788338,
        0.024218546226620674,
        0.022285418584942818,
        0.023318106308579445,
        0.022516584023833275,
        0.022451231256127357,
        0.024588340893387794,
        0.0245636235922575,
        0.028853729367256165,
        0.025087997317314148,
        0.03232777863740921,
        0.022956043481826782,
        0.021375903859734535,
        0.024381155148148537,
        0.023403506726026535,
        0.02190743200480938,
        0.027033798396587372,
        0.022534534335136414,
        0.026998193934559822,
        0.030957458540797234,
        0.02163892239332199,
        0.0247514471411705,
        0.022027043625712395
    ],