{
    "accuracy":[
        0.07542373239994049,
        0.10084746032953262,
        0.09152542054653168,
        0.08813559263944626,
        0.0957627147436142,
        0.08728813380002975,
        0.0957627147436142,
        0.08559322357177734,
        0.09830508381128311,
        0.09152542054653168,
        0.09491525590419769,
        0.09406779706478119,
        0.10169491171836853,
        0.11186441034078598,
        0.1152542382478714,
        0.08813559263944626,
        0.10338982939720154,
        0.08305084705352783,
        0.10254237055778503,
        0.11271186172962189,
        0.10847457498311996,
        0.11101695150136948
    ],
    "cosine_similarity":[
        0.9781599640846252,
        0.9844936728477478,
        0.9837852120399475,
        0.9830108284950256,
        0.9806668758392334,
        0.9756255745887756,
        0.9796379208564758,
        0.9883714318275452,
        0.9826608300209045,
        0.9867377877235413,
        0.9852756261825562,
        0.9797413945198059,
        0.9814206957817078,
        0.9799344539642334,
        0.9824142456054688,
        0.9838428497314453,
        0.9860414862632751,
        0.9853950142860413,
        0.983184814453125,
        0.9808177947998047,
        0.9817891716957092,
        0.9843484163284302
    ],
    "loss":[
        0.0010803889017552137,
        0.0003525111824274063,
        0.0002900644904002547,
        0.0002830977027770132,
        0.00025158244534395635,
        0.00024901231518015265,
        0.00024410246987827122,
        0.00021623051725327969,
        0.0002032923512160778,
        0.00019179561058990657,
        0.00018772341718431562,
        0.0001878804323496297,
        0.0001928661367855966,
        0.00018457214173395187,
        0.00018225771782454103,
        0.0001899446069728583,
        0.00017229182412847877,
        0.0001703177549643442,
        0.00018262119556311518,
        0.00017343573563266546,
        0.00016341308946721256,
        0.00017848379502538592
    ],
    "mean_absolute_error":[
        0.01926993392407894,
        0.013829987496137619,
        0.012446870096027851,
        0.012256973423063755,
        0.011617913842201233,
        0.011533438228070736,
        0.01138127688318491,
        0.010473901405930519,
        0.010325259529054165,
        0.010073356330394745,
        0.009892009198665619,
        0.01004025712609291,
        0.01006392203271389,
        0.009868432767689228,
        0.00978019367903471,
        0.009864677675068378,
        0.009453409351408482,
        0.009418454021215439,
        0.009676070883870125,
        0.009585154242813587,
        0.00928784254938364,
        0.009688426740467548
    ],
    "mean_squared_error":[
        0.0010803889017552137,
        0.0003525111824274063,
        0.0002900644904002547,
        0.0002830977027770132,
        0.00025158244534395635,
        0.00024901231518015265,
        0.00024410246987827122,
        0.00021623051725327969,
        0.0002032923512160778,
        0.00019179561058990657,
        0.00018772341718431562,
        0.0001878804323496297,
        0.0001928661367855966,
        0.00018457214173395187,
        0.00018225771782454103,
        0.0001899446069728583,
        0.00017229182412847877,
        0.0001703177549643442,
        0.00018262119556311518,
        0.00017343573563266546,
        0.00016341308946721256,
        0.00017848379502538592
    ],
    "val_accuracy":[
        0.0878378376364708,
        0.04054053872823715,
        0.054054055362939835,
        0.09797297418117523,
        0.11824323982000351,
        0.06756756454706192,
        0.06756756454706192,
        0.05743243172764778,
        0.06418918818235397,
        0.09797297418117523,
        0.04054053872823715,
        0.08445946127176285,
        0.11486486345529556,
        0.05743243172764778,
        0.04729729890823364,
        0.11486486345529556,
        0.18243242800235748,
        0.09459459781646729,
        0.07432432472705841,
        0.14527027308940887,
        0.10472972691059113,
        0.11486486345529556
    ],
    "val_cosine_similarity":[
        0.9917637705802917,
        0.9921950101852417,
        0.9424113631248474,
        0.9926941394805908,
        0.9935961365699768,
        0.9539416432380676,
        0.9929008483886719,
        0.9903554320335388,
        0.9934183359146118,
        0.9349474310874939,
        0.9918720126152039,
        0.9926443099975586,
        0.9933353066444397,
        0.9936347007751465,
        0.9937765002250671,
        0.983603298664093,
        0.9867323637008667,
        0.9315682649612427,
        0.9937604069709778,
        0.992910623550415,
        0.9473270773887634,
        0.9609277844429016
    ],
    "val_loss":[
        0.00018579355673864484,
        0.0009235126781277359,
        0.00035347716766409576,
        0.0002996166003867984,
        0.00018250956782139838,
        0.00023765423975419253,
        0.0001663897855905816,
        0.00014207807544153184,
        0.0001524087565485388,
        0.00021000669221393764,
        0.0002754364686552435,
        0.00013853231212124228,
        0.0002223598276032135,
        0.00015452952357009053,
        0.0001517930068075657,
        0.00016091145516838878,
        0.00022098049521446228,
        0.00019899762992281467,
        0.00014168693451210856,
        0.00016755005344748497,
        0.00017945295257959515,
        0.0001594106142874807
    ],
    "val_mean_absolute_error":[
        0.009581753052771091,
        0.02182672545313835,
        0.016029298305511475,
        0.012451078742742538,
        0.010030883364379406,
        0.012187249958515167,
        0.009399820119142532,
        0.008272355422377586,
        0.008824930526316166,
        0.011446427553892136,
        0.011672851629555225,
        0.007835480384528637,
        0.01097853109240532,
        0.008587355725467205,
        0.008547555655241013,
        0.009191019460558891,
        0.010914796963334084,
        0.011141953989863396,
        0.008078466169536114,
        0.008693174459040165,
        0.010148745961487293,
        0.009124895557761192
    ],
    "val_mean_squared_error":[
        0.00018579355673864484,
        0.0009235126781277359,
        0.00035347716766409576,
        0.0002996166003867984,
        0.00018250956782139838,
        0.00023765423975419253,
        0.0001663897855905816,
        0.00014207807544153184,
        0.0001524087565485388,
        0.00021000669221393764,
        0.0002754364686552435,
        0.00013853231212124228,
        0.0002223598276032135,
        0.00015452952357009053,
        0.0001517930068075657,
        0.00016091145516838878,
        0.00022098049521446228,
        0.00019899762992281467,
        0.00014168693451210856,
        0.00016755005344748497,
        0.00017945295257959515,
        0.0001594106142874807
    ]
}