{"Strategy Metrics": {"Daily Swing Trade Return": 739.5960200000002, "Buy & Hold Return": 364.24000099999995, "Auto13($22000) Return": 12561.170410999985}, "Model Metrics": {"loss": 28677.591796875, "mean_squared_error": 28677.591796875, "mean_absolute_error": 125.80101776123047, "accuracy": 0.15090543031692505, "cosine_similarity": 0.9990329742431641}, "Class Metrics": {"f1_monark": 0.6874999999999999, "accuracy": 0.64, "precision": 0.6513157894736842, "recall": 0.7279411764705882, "roc auc": 0.6315144478844169}}