{"Strategy Metrics": {"Daily Swing Trade Return": 120.03000000000004, "Buy & Hold Return": 3.169999999999998, "Auto13($22000) Return": 92436.62999999992}, "Model Metrics": {"loss": 101.13137817382812, "mean_squared_error": 101.13137817382812, "mean_absolute_error": 9.454597473144531, "accuracy": 0.12182740867137909, "cosine_similarity": 0.9994601011276245}, "Class Metrics": {"f1_monark": 0.7991391678622668, "accuracy": 0.7975415762834418, "precision": 0.8072463768115942, "recall": 0.7911931818181818, "roc auc": 0.7976584465791939}}