{"Strategy Metrics": {"Daily Swing Trade Return": 82.79999399999987, "Buy & Hold Return": -3.429999999999999, "Auto13($22000) Return": 24832.437660000018}, "Model Metrics": {"loss": 144.97055053710938, "mean_squared_error": 144.97055053710938, "mean_absolute_error": 11.661067008972168, "accuracy": 0.14370663464069366, "cosine_proximity": 0.9995430111885071}, "Class Metrics": {"f1_monark": 0.7400194741966893, "accuracy": 0.7361660079051383, "precision": 0.7335907335907336, "recall": 0.7465618860510805, "roc auc": 0.736104004655759}}