{"Strategy Metrics": {"Daily Swing Trade Return": 185.6665259999998, "Buy & Hold Return": -7.323462000000001, "Auto13($22000) Return": 42559.41591200001}, "Model Metrics": {"loss": 418.7647399902344, "mean_squared_error": 418.7647399902344, "mean_absolute_error": 19.243682861328125, "accuracy": 0.3606877624988556, "cosine_similarity": 0.9999114871025085}, "Class Metrics": {"f1_monark": 0.747410358565737, "accuracy": 0.75234375, "precision": 0.7380015735641228, "recall": 0.7570621468926554, "roc auc": 0.7524901953236933}}