{"Strategy Metrics": {"Daily Swing Trade Return": -36.077486000000135, "Buy & Hold Return": 98.304645, "Auto13($22000) Return": 14877.555256999898}, "Model Metrics": {"loss": 1912.3624267578125, "mean_squared_error": 1912.3624267578125, "mean_absolute_error": 38.25534439086914, "accuracy": 0.155510812997818, "cosine_similarity": 0.9977552890777588}, "Class Metrics": {"f1_monark": 0.6188466947960619, "accuracy": 0.5935, "precision": 0.6111111111111112, "recall": 0.6267806267806267, "roc auc": 0.5916374094832384}}