{"Strategy Metrics": {"Daily Swing Trade Return": 39135.43505300001, "Buy & Hold Return": 1499.8193360000005, "Auto13($22000) Return": 78270.87010600005}, "Model Metrics": {"loss": 85401848.0, "mean_squared_error": 85401848.0, "mean_absolute_error": 9117.259765625, "accuracy": 0.2695852518081665, "cosine_similarity": 0.999406635761261}, "Class Metrics": {"f1_monark": 0.8933333333333334, "accuracy": 0.8901601830663616, "precision": 0.8777292576419214, "recall": 0.9095022624434389, "roc auc": 0.8899363164069046}}