{
    "accuracy":[
        0.19317489862442017,
        0.20048750936985016,
        0.19561243057250977,
        0.20048750936985016,
        0.19195611774921417,
        0.19926874339580536,
        0.19744057953357697,
        0.18829981982707977,
        0.22364412248134613,
        0.20658135414123535,
        0.22364412248134613,
        0.22486288845539093,
        0.21267519891262054,
        0.23156611621379852,
        0.21694089472293854,
        0.23583181202411652,
        0.21815966069698334,
        0.23339426517486572,
        0.23278488218784332,
        0.21694089472293854,
        0.22973796725273132,
        0.23156611621379852,
        0.22242535650730133,
        0.23705057799816132,
        0.2498476505279541,
        0.22303473949432373,
        0.22912858426570892,
        0.23400366306304932,
        0.21572211384773254,
        0.2498476505279541,
        0.23826934397220612,
        0.21633151173591614,
        0.21511273086071014,
        0.22181595861911774,
        0.23339426517486572
    ],
    "cosine_similarity":[
        0.8790930509567261,
        0.8410098552703857,
        0.838726818561554,
        0.8353514671325684,
        0.8448913097381592,
        0.8564844131469727,
        0.8433496952056885,
        0.848334789276123,
        0.8633492588996887,
        0.8543071150779724,
        0.8664124608039856,
        0.844470739364624,
        0.8613188862800598,
        0.8445981740951538,
        0.8620960116386414,
        0.8470210433006287,
        0.8667129278182983,
        0.8634836077690125,
        0.8481845259666443,
        0.8661316633224487,
        0.8661318421363831,
        0.8580454587936401,
        0.862110435962677,
        0.8540672063827515,
        0.8679630756378174,
        0.8692049980163574,
        0.8589004278182983,
        0.8593066930770874,
        0.8613373041152954,
        0.8634216785430908,
        0.8643255233764648,
        0.8706072568893433,
        0.867497980594635,
        0.8632754683494568,
        0.8517982363700867
    ],
    "loss":[
        0.0003116424777545035,
        0.0001249186898348853,
        0.00011016920325346291,
        9.24460036912933e-05,
        9.199052874464542e-05,
        8.738949691178277e-05,
        7.943449600134045e-05,
        8.327457180712372e-05,
        7.364909106399864e-05,
        7.542657112935558e-05,
        7.342635217355564e-05,
        7.190540782175958e-05,
        7.317619019886479e-05,
        7.574611663585529e-05,
        7.28032027836889e-05,
        6.817617395427078e-05,
        6.362720159813762e-05,
        7.142349204514176e-05,
        6.772994674975052e-05,
        5.953823711024597e-05,
        6.625147943850607e-05,
        6.717925862176344e-05,
        6.403723818948492e-05,
        6.612167635466903e-05,
        6.490895611932501e-05,
        5.988353950669989e-05,
        6.339363608276471e-05,
        6.565185321960598e-05,
        5.949688784312457e-05,
        5.900478572584689e-05,
        6.140462937764823e-05,
        6.298672815319151e-05,
        6.023839887348004e-05,
        6.171265704324469e-05,
        6.124356877990067e-05
    ],
    "mean_absolute_error":[
        0.012540003284811974,
        0.008555064909160137,
        0.008253994397819042,
        0.007499046623706818,
        0.00750667043030262,
        0.0072458903305232525,
        0.006990861147642136,
        0.007024088408797979,
        0.0066701932810246944,
        0.006818951107561588,
        0.006584444548934698,
        0.006633462384343147,
        0.006724092178046703,
        0.006803339812904596,
        0.006639473605901003,
        0.006462634075433016,
        0.006145299877971411,
        0.006469756364822388,
        0.006396349053829908,
        0.005983966402709484,
        0.006304961629211903,
        0.006321180611848831,
        0.006130710244178772,
        0.0063011497259140015,
        0.006147261243313551,
        0.005995543673634529,
        0.0061601316556334496,
        0.006225110962986946,
        0.005874251015484333,
        0.0059075201861560345,
        0.006035462953150272,
        0.006067308131605387,
        0.005974709056317806,
        0.006075938697904348,
        0.00602432806044817
    ],
    "mean_squared_error":[
        0.0003116424777545035,
        0.0001249186898348853,
        0.00011016920325346291,
        9.24460036912933e-05,
        9.199052874464542e-05,
        8.738949691178277e-05,
        7.943449600134045e-05,
        8.327457180712372e-05,
        7.364909106399864e-05,
        7.542657112935558e-05,
        7.342635217355564e-05,
        7.190540782175958e-05,
        7.317619019886479e-05,
        7.574611663585529e-05,
        7.28032027836889e-05,
        6.817617395427078e-05,
        6.362720159813762e-05,
        7.142349204514176e-05,
        6.772994674975052e-05,
        5.953823711024597e-05,
        6.625147943850607e-05,
        6.717925862176344e-05,
        6.403723818948492e-05,
        6.612167635466903e-05,
        6.490895611932501e-05,
        5.988353950669989e-05,
        6.339363608276471e-05,
        6.565185321960598e-05,
        5.949688784312457e-05,
        5.900478572584689e-05,
        6.140462937764823e-05,
        6.298672815319151e-05,
        6.023839887348004e-05,
        6.171265704324469e-05,
        6.124356877990067e-05
    ],
    "val_accuracy":[
        0.15571776032447815,
        0.22627736628055573,
        0.131386861205101,
        0.2749391794204712,
        0.2846715450286865,
        0.20437955856323242,
        0.27980536222457886,
        0.12652067840099335,
        0.16058394312858582,
        0.2846715450286865,
        0.2846715450286865,
        0.2846715450286865,
        0.27250608801841736,
        0.24087591469287872,
        0.2846715450286865,
        0.262773722410202,
        0.20437955856323242,
        0.16058394312858582,
        0.262773722410202,
        0.2822384536266327,
        0.1386861354112625,
        0.27980536222457886,
        0.16058394312858582,
        0.16545012593269348,
        0.2311435490846634,
        0.20681264996528625,
        0.2846715450286865,
        0.17031630873680115,
        0.2019464671611786,
        0.2846715450286865,
        0.2238442748785019,
        0.2895376980304718,
        0.18248175084590912,
        0.15571776032447815,
        0.23600973188877106
    ],
    "val_cosine_similarity":[
        0.9918442368507385,
        0.5174515843391418,
        0.9916237592697144,
        0.9983084201812744,
        0.9948925971984863,
        0.9984185695648193,
        0.9987059235572815,
        0.9976997375488281,
        0.3734133541584015,
        0.9986265897750854,
        0.6011030673980713,
        0.998440682888031,
        0.9989092350006104,
        0.9988729953765869,
        0.9875615239143372,
        0.9986634850502014,
        0.9981284737586975,
        0.6216968894004822,
        0.9987941980361938,
        0.9974802732467651,
        0.668895959854126,
        0.9984725117683411,
        0.998842179775238,
        0.9985904097557068,
        0.9977425336837769,
        0.9987306594848633,
        0.9984249472618103,
        0.9977468252182007,
        0.9676824808120728,
        0.8757432699203491,
        0.9984604716300964,
        0.9986076951026917,
        0.9988635778427124,
        0.9988605380058289,
        0.9944210648536682
    ],