{"Strategy Metrics": {"Daily Swing Trade Return": 72.14999599999992, "Buy & Hold Return": -3.499999999999999, "Auto13($22000) Return": 16824.248535000013}, "Model Metrics": {"loss": 145.43966674804688, "mean_squared_error": 145.43966674804688, "mean_absolute_error": 11.67501449584961, "accuracy": 0.2665995955467224, "cosine_similarity": 0.9995233416557312}, "Class Metrics": {"f1_monark": 0.6949654491609082, "accuracy": 0.6900702106318957, "precision": 0.6875, "recall": 0.7025948103792415, "roc auc": 0.6900070826089756}}