{
    "accuracy":[
        0.20451731979846954,
        0.1995668262243271,
        0.20327970385551453,
        0.19306930899620056,
        0.19771039485931396,
        0.2107054442167282,
        0.2147277295589447,
        0.20575495064258575,
        0.20235148072242737,
        0.20451731979846954,
        0.2134900987148285,
        0.21875,
        0.21287128329277039,
        0.20266088843345642,
        0.2107054442167282,
        0.20513613522052765,
        0.21039603650569916,
        0.20204207301139832,
        0.2175123691558838,
        0.20513613522052765,
        0.20915842056274414,
        0.22462871670722961,
        0.22431930899620056,
        0.2181311845779419,
        0.20792078971862793,
        0.2181311845779419,
        0.20327970385551453,
        0.2100866287946701,
        0.22524753212928772,
        0.1995668262243271,
        0.20977722108364105,
        0.23236386477947235,
        0.21163366734981537,
        0.2193688154220581,
        0.21379950642585754,
        0.20977722108364105,
        0.20915842056274414,
        0.21441832184791565,
        0.21132425963878632,
        0.22122524678707123,
        0.20699258148670197,
        0.20977722108364105
    ],
    "cosine_similarity":[
        0.9929080605506897,
        0.996277391910553,
        0.9947134256362915,
        0.9969587922096252,
        0.9966210722923279,
        0.9935756921768188,
        0.9969823360443115,
        0.9931219220161438,
        0.9927528500556946,
        0.9939626455307007,
        0.9929075241088867,
        0.9923310279846191,
        0.9924436807632446,
        0.9924454689025879,
        0.9914983510971069,
        0.993255615234375,
        0.9915775060653687,
        0.9936243295669556,
        0.9915404915809631,
        0.9913778901100159,
        0.9903866648674011,
        0.9919372200965881,
        0.9930611252784729,
        0.9913372993469238,
        0.9910066723823547,
        0.9915811419487,
        0.9946656823158264,
        0.9949336051940918,
        0.9918205142021179,
        0.9945297241210938,
        0.994481086730957,
        0.9943943023681641,
        0.9957391619682312,
        0.9900007843971252,
        0.9958009123802185,
        0.9959172010421753,
        0.9948698878288269,
        0.9947416186332703,
        0.9963268637657166,
        0.9930009245872498,
        0.9919766187667847,
        0.9949840903282166
    ],
    "loss":[
        0.003007841296494007,
        0.0009282712126150727,
        0.0008021821267902851,
        0.000739051029086113,
        0.0006291836034506559,
        0.0006310826865956187,
        0.0005883495323359966,
        0.0005774655728600919,
        0.0005864920094609261,
        0.0005479520768858492,
        0.0005594032118096948,
        0.000512148137204349,
        0.000517641135957092,
        0.0004600130778271705,
        0.0004755067056976259,
        0.0004818465968128294,
        0.00046825778554193676,
        0.0004568874428514391,
        0.0004653171345125884,
        0.0004613787750713527,
        0.000460805487819016,
        0.0004527134296949953,
        0.00044216986862011254,
        0.0004470810235943645,
        0.00045475346269086003,
        0.0004324846959207207,
        0.00043464990449137986,
        0.0004205779987387359,
        0.00043192473822273314,
        0.00043508876115083694,
        0.00042975423275493085,
        0.00042746419785544276,
        0.00044487984268926084,
        0.0004639603430405259,
        0.00041650544153526425,
        0.00040142008219845593,
        0.00040610262658447027,
        0.0004148368607275188,
        0.00041003760998137295,
        0.00044350791722536087,
        0.0004463929799385369,
        0.0003976893494836986
    ],
    "mean_absolute_error":[
        0.029723942279815674,
        0.02005494385957718,
        0.018597066402435303,
        0.017545076087117195,
        0.016290148720145226,
        0.016473649069666862,
        0.015796853229403496,
        0.015871845185756683,
        0.01615132763981819,
        0.015222474001348019,
        0.01543733011931181,
        0.014775061048567295,
        0.014895735308527946,
        0.014158951118588448,
        0.01432235911488533,
        0.014468167908489704,
        0.014099112711846828,
        0.013989639468491077,
        0.01428926270455122,
        0.014134140685200691,
        0.014164866879582405,
        0.014060167595744133,
        0.013803315348923206,
        0.0141382347792387,
        0.014167679473757744,
        0.014011979103088379,
        0.013828960247337818,
        0.013612478040158749,
        0.013527494855225086,
        0.01364979986101389,
        0.013465858064591885,
        0.013512243516743183,
        0.01358039677143097,
        0.014171650633215904,
        0.013452638871967793,
        0.01306851115077734,
        0.013213043101131916,
        0.013263419270515442,
        0.013192813843488693,
        0.013792768120765686,
        0.013758893124759197,
        0.012910640798509121
    ],
    "mean_squared_error":[
        0.003007841296494007,
        0.0009282712126150727,
        0.0008021821267902851,
        0.000739051029086113,
        0.0006291836034506559,
        0.0006310826865956187,
        0.0005883495323359966,
        0.0005774655728600919,
        0.0005864920094609261,
        0.0005479520768858492,
        0.0005594032118096948,
        0.000512148137204349,
        0.000517641135957092,
        0.0004600130778271705,
        0.0004755067056976259,
        0.0004818465968128294,
        0.00046825778554193676,
        0.0004568874428514391,
        0.0004653171345125884,
        0.0004613787750713527,
        0.000460805487819016,
        0.0004527134296949953,
        0.00044216986862011254,
        0.0004470810235943645,
        0.00045475346269086003,
        0.0004324846959207207,
        0.00043464990449137986,
        0.0004205779987387359,
        0.00043192473822273314,
        0.00043508876115083694,
        0.0004297542036511004,
        0.00042746413964778185,
        0.00044487984268926084,
        0.0004639603430405259,
        0.00041650544153526425,
        0.00040142008219845593,
        0.00040610262658447027,
        0.0004148368607275188,
        0.00041003760998137295,
        0.00044350791722536087,
        0.0004463929799385369,
        0.0003976893494836986
    ],
    "val_accuracy":[
        0.1606922149658203,
        0.2768850326538086,
        0.18541409075260162,
        0.15822002291679382,
        0.14215080440044403,
        0.2472187876701355,
        0.255871444940567,
        0.2064276933670044,
        0.255871444940567,
        0.2175525277853012,
        0.13102595508098602,
        0.27564895153045654,
        0.22496910393238068,
        0.27812114357948303,
        0.2768850326538086,
        0.14585909247398376,
        0.21137206256389618,
        0.21013596653938293,
        0.18417799472808838,
        0.25092706084251404,
        0.266996294260025,
        0.2632880210876465,
        0.17058096826076508,
        0.271940678358078,
        0.2682323753833771,
        0.20519159734249115,
        0.26081582903862,
        0.1767614334821701,
        0.20519159734249115,
        0.21384425461292267,
        0.266996294260025,
        0.1953028440475464,
        0.20766378939151764,
        0.21260815858840942,
        0.16192831099033356,
        0.13720642030239105,
        0.17428924143314362,
        0.21137206256389618,
        0.19653894007205963,
        0.20024721324443817,
        0.22991347312927246,
        0.18294189870357513
    ],