{
    "accuracy":[
        0.07510946691036224,
        0.07948804646730423,
        0.08150892704725266,
        0.0801616683602333,
        0.08454024791717529,
        0.0882451981306076,
        0.08150892704725266,
        0.08521387726068497,
        0.08959245681762695,
        0.07679353654384613,
        0.07780397683382034,
        0.08858201652765274,
        0.08757157623767853,
        0.0963287279009819,
        0.08925563842058182,
        0.09329740703105927,
        0.09767598658800125,
        0.09296059608459473,
        0.08656112849712372,
        0.08689794689416885,
        0.09565510600805283,
        0.09329740703105927,
        0.09464465826749802,
        0.09498147666454315,
        0.09700235724449158,
        0.0855506882071495,
        0.09666554629802704,
        0.0828561782836914
    ],
    "cosine_similarity":[
        0.979922890663147,
        0.9792308807373047,
        0.9836309552192688,
        0.9816936254501343,
        0.9840088486671448,
        0.9831963181495667,
        0.9771937727928162,
        0.9813826680183411,
        0.9796711206436157,
        0.9812063574790955,
        0.9748519659042358,
        0.9811807870864868,
        0.9822726845741272,
        0.9783627390861511,
        0.9801483750343323,
        0.9853118658065796,
        0.9775843620300293,
        0.9784088134765625,
        0.980466365814209,
        0.9814935922622681,
        0.9789000749588013,
        0.9803172945976257,
        0.9765836596488953,
        0.9808582067489624,
        0.9800079464912415,
        0.9801568388938904,
        0.9849884510040283,
        0.9816271066665649
    ],
    "loss":[
        0.003484934102743864,
        0.0017238929867744446,
        0.0014756341697648168,
        0.0013539422070607543,
        0.0014051138423383236,
        0.0012672003358602524,
        0.0012917467392981052,
        0.0012305977288633585,
        0.001241819467395544,
        0.0012091768439859152,
        0.0012228813720867038,
        0.001197064178995788,
        0.0011975590605288744,
        0.0011919549433514476,
        0.0012092904653400183,
        0.0011980540584772825,
        0.0011754470178857446,
        0.0011819516075775027,
        0.0011657130671665072,
        0.0011492479825392365,
        0.0011629597283899784,
        0.0011531132040545344,
        0.001173713942989707,
        0.001152067445218563,
        0.0011450176825746894,
        0.001142067019827664,
        0.0011333817383274436,
        0.001144947367720306
    ],
    "mean_absolute_error":[
        0.03690813481807709,
        0.028311830013990402,
        0.02612774632871151,
        0.02466866374015808,
        0.02491084672510624,
        0.02384270168840885,
        0.02399894781410694,
        0.023571409285068512,
        0.02347773313522339,
        0.023197142407298088,
        0.023551959544420242,
        0.02312663197517395,
        0.022952888160943985,
        0.022870292887091637,
        0.023191524669528008,
        0.022993825376033783,
        0.02272149920463562,
        0.022924097254872322,
        0.02267189510166645,
        0.022481944411993027,
        0.0226431954652071,
        0.022615347057580948,
        0.022896522656083107,
        0.022580206394195557,
        0.02260591648519039,
        0.02237660624086857,
        0.022404128685593605,
        0.022537369281053543
    ],
    "mean_squared_error":[
        0.003484934102743864,
        0.0017238929867744446,
        0.0014756341697648168,
        0.0013539422070607543,
        0.0014051138423383236,
        0.0012672003358602524,
        0.0012917467392981052,
        0.0012305977288633585,
        0.001241819467395544,
        0.0012091768439859152,
        0.0012228813720867038,
        0.001197064178995788,
        0.0011975590605288744,
        0.0011919549433514476,
        0.0012092904653400183,
        0.0011980540584772825,
        0.0011754470178857446,
        0.0011819516075775027,
        0.0011657130671665072,
        0.0011492479825392365,
        0.0011629597283899784,
        0.0011531132040545344,
        0.001173713942989707,
        0.001152067445218563,
        0.0011450176825746894,
        0.001142067019827664,
        0.0011333817383274436,
        0.001144947367720306
    ],
    "val_accuracy":[
        0.13997308909893036,
        0.11843876540660858,
        0.039030954241752625,
        0.053835801780223846,
        0.12516823410987854,
        0.11440107971429825,
        0.04979811608791351,
        0.051144011318683624,
        0.09017496556043625,
        0.04306863993406296,
        0.0847913846373558,
        0.0605652742087841,
        0.13728129863739014,
        0.05921938270330429,
        0.10363391786813736,
        0.06325706839561462,
        0.0605652742087841,
        0.07940780371427536,
        0.061911169439554214,
        0.1332436054944992,
        0.12382233887910843,
        0.051144011318683624,
        0.09825033694505692,
        0.07671601325273514,
        0.10497981309890747,
        0.13055181503295898,
        0.05921938270330429,
        0.07402422279119492
    ],
    "val_cosine_similarity":[
        0.9945226311683655,
        0.9964262843132019,
        0.9894917607307434,
        0.9042810797691345,
        0.9960219264030457,
        0.9952315092086792,
        0.931661069393158,
        0.9962820410728455,
        0.995938241481781,
        0.8531657457351685,
        0.8281890153884888,
        0.991814911365509,
        0.9963535666465759,
        0.9516332149505615,
        0.9927253723144531,
        0.9674932360649109,
        0.8638776540756226,
        0.9910856485366821,
        0.9957798719406128,
        0.8368138670921326,
        0.9953860640525818,
        0.9959034323692322,
        0.9958059191703796,
        0.9926186800003052,
        0.8380854725837708,
        0.9950980544090271,
        0.9962090253829956,
        0.9962226152420044
    ],
    "val_loss":[
        0.001569024519994855,
        0.0019703528378158808,
        0.0011532754870131612,
        0.0013020394835621119,
        0.0024276503827422857,
        0.0010761241428554058,
        0.0010747865308076143,
        0.0009810258634388447,
        0.0009663078817538917,
        0.001132930745370686,
        0.0011834981851279736,
        0.0010286194738000631,
        0.001530267996713519,
        0.0009673412423580885,
        0.0010556576307862997,
        0.0009582871571183205,
        0.0011429849546402693,
        0.0009555307915434241,
        0.0010214402573183179,
        0.0012777391821146011,
        0.0011580614373087883,
        0.0010603182017803192,
        0.0009776714723557234,
        0.0010669847251847386,
        0.0011816085316240788,
        0.0009857671102508903,
        0.001054904074408114,
        0.0011421027593314648
    ],
    "val_mean_absolute_error":[
        0.02737323008477688,
        0.03119054064154625,
        0.02210354618728161,
        0.027038848027586937,
        0.032679326832294464,
        0.021830935031175613,
        0.02279559336602688,
        0.02161971665918827,
        0.020775578916072845,
        0.025053871795535088,
        0.02644426003098488,
        0.021064817905426025,
        0.026609577238559723,
        0.02117028459906578,
        0.02147436887025833,
        0.020732620730996132,
        0.02548217959702015,
        0.02022668719291687,
        0.021186919882893562,
        0.025936486199498177,
        0.022671246901154518,
        0.022618088871240616,
        0.020670320838689804,
        0.021298397332429886,
        0.02637835219502449,
        0.020571988075971603,
        0.02372974343597889,
        0.023730266839265823
    ],