{
    "accuracy":[
        0.06790509074926376,
        0.07524196058511734,
        0.08148610591888428,
        0.07852013409137726,
        0.08070559054613113,
        0.08601311594247818,
        0.08648142218589783,
        0.09178894758224487,
        0.09069622308015823,
        0.08492038398981094,
        0.09569153934717178,
        0.0896034985780716,
        0.08773025125265121,
        0.09288167208433151,
        0.0935060903429985,
        0.08913518488407135,
        0.09537933021783829,
        0.08944739401340485,
        0.09850140661001205,
        0.09022790938615799,
        0.09069622308015823,
        0.09647205471992493,
        0.09225726127624512,
        0.09147673845291138,
        0.09303777664899826,
        0.09038401395082474,
        0.09241336584091187,
        0.09397439658641815,
        0.09225726127624512,
        0.08616921305656433,
        0.09069622308015823,
        0.09647205471992493,
        0.09303777664899826
    ],
    "cosine_similarity":[
        0.7248827815055847,
        0.7791030406951904,
        0.7898066639900208,
        0.8065478801727295,
        0.8109603524208069,
        0.8058828115463257,
        0.8133092522621155,
        0.8244346380233765,
        0.8129547238349915,
        0.8229727149009705,
        0.8263859152793884,
        0.8264511823654175,
        0.8210388422012329,
        0.8239154815673828,
        0.8212085962295532,
        0.8286815285682678,
        0.8314469456672668,
        0.8231241703033447,
        0.8305832743644714,
        0.8324840068817139,
        0.823498010635376,
        0.8317756056785583,
        0.8394579291343689,
        0.8364986777305603,
        0.8268201351165771,
        0.8381379842758179,
        0.8331519365310669,
        0.8292012810707092,
        0.8312416672706604,
        0.8261343836784363,
        0.8335181474685669,
        0.830365777015686,
        0.8383439779281616
    ],
    "loss":[
        2.9408169211819768e-05,
        1.7559428670210764e-05,
        1.0392816875537392e-05,
        8.692728442838416e-06,
        7.948442544147838e-06,
        7.387280675175134e-06,
        6.9956950028426945e-06,
        6.549892532348167e-06,
        6.842182301625144e-06,
        6.317256520560477e-06,
        6.362872227327898e-06,
        6.230456165212672e-06,
        6.0611660046561155e-06,
        5.988867087580729e-06,
        5.837198386871023e-06,
        5.673889972968027e-06,
        5.441726898425259e-06,
        5.44183012607391e-06,
        5.330352905730251e-06,
        5.331992269930197e-06,
        5.5321370382444e-06,
        5.247425178822596e-06,
        4.962860657542478e-06,
        5.145483100932324e-06,
        4.9859104365168605e-06,
        4.949705726176035e-06,
        4.8844435696082655e-06,
        5.006849278288428e-06,
        4.872715635428904e-06,
        4.847614491154673e-06,
        4.566608822642593e-06,
        4.676342086895602e-06,
        4.557191459753085e-06
    ],
    "mean_absolute_error":[
        0.00281768711283803,
        0.002078257966786623,
        0.0017585910391062498,
        0.0016376676503568888,
        0.0015850136987864971,
        0.0015778075903654099,
        0.0015084196347743273,
        0.0014672742690891027,
        0.0014799032360315323,
        0.0014633791288360953,
        0.001422801986336708,
        0.0014268028317019343,
        0.0014466511784121394,
        0.001435913029126823,
        0.0014197846176102757,
        0.0013770580990239978,
        0.0013690281193703413,
        0.0013869204558432102,
        0.0013387126382440329,
        0.0013503092341125011,
        0.001376931555569172,
        0.0013461187481880188,
        0.0012987985974177718,
        0.0013300060527399182,
        0.0013299485435709357,
        0.001296577975153923,
        0.0012867414625361562,
        0.001306654536165297,
        0.0013076000614091754,
        0.0012971794931218028,
        0.001264777616597712,
        0.0012822075514122844,
        0.0012494493275880814
    ],
    "mean_squared_error":[
        2.9408169211819768e-05,
        1.7559428670210764e-05,
        1.0392816875537392e-05,
        8.692728442838416e-06,
        7.948442544147838e-06,
        7.387280675175134e-06,
        6.9956950028426945e-06,
        6.549892532348167e-06,
        6.842182301625144e-06,
        6.317256520560477e-06,
        6.362872227327898e-06,
        6.230456165212672e-06,
        6.0611660046561155e-06,
        5.988867087580729e-06,
        5.837198386871023e-06,
        5.673889972968027e-06,
        5.441726898425259e-06,
        5.44183012607391e-06,
        5.330352905730251e-06,
        5.331992269930197e-06,
        5.5321370382444e-06,
        5.247425178822596e-06,
        4.962860657542478e-06,
        5.145483100932324e-06,
        4.9859104365168605e-06,
        4.949705726176035e-06,
        4.8844435696082655e-06,
        5.006849278288428e-06,
        4.872715635428904e-06,
        4.847614491154673e-06,
        4.566608822642593e-06,
        4.676342086895602e-06,
        4.557191459753085e-06
    ],
    "val_accuracy":[
        0.05056179687380791,
        0.06054931506514549,
        0.05992509424686432,
        0.05430711433291435,
        0.13920100033283234,
        0.06491885334253311,
        0.0892634242773056,
        0.044319599866867065,
        0.10486891120672226,
        0.06491885334253311,
        0.08426966518163681,
        0.05430711433291435,
        0.058052435517311096,
        0.07802746444940567,
        0.05867665261030197,
        0.06866417080163956,
        0.0942571759223938,
        0.04993757978081703,
        0.10486891120672226,
        0.05680399388074875,
        0.04556804150342941,
        0.06741572916507721,
        0.14856429398059845,
        0.04931335896253586,
        0.07178527116775513,
        0.13670411705970764,
        0.1111111119389534,
        0.15605492889881134,
        0.0774032473564148,
        0.059300873428583145,
        0.16853933036327362,
        0.06679151207208633,
        0.14918851852416992
    ],
    "val_cosine_similarity":[
        0.9506140947341919,
        0.8617299795150757,
        0.9874396920204163,
        0.7491706013679504,
        0.9621968865394592,
        0.5045304894447327,
        0.8654314279556274,
        0.9467204213142395,
        0.986624538898468,
        0.9831019639968872,
        0.9065488576889038,
        0.9957042932510376,
        0.9914272427558899,
        0.9947933554649353,
        0.8529599905014038,
        0.8481000065803528,
        0.70826256275177,
        0.9510113000869751,
        0.8623694777488708,
        0.985089898109436,
        0.9528883099555969,
        0.9141370058059692,
        0.963429868221283,
        0.9860923886299133,
        0.7643402814865112,
        0.3215990662574768,
        0.6262443661689758,
        0.7286930680274963,
        0.9852431416511536,
        0.9109242558479309,
        0.7255357503890991,
        0.9369545578956604,
        0.7729067206382751
    ],