{"Strategy Metrics": {"Daily Swing Trade Return": 89.89999199999995, "Buy & Hold Return": -4.539999999999998, "Auto13($22000) Return": 28406.00723000004}, "Model Metrics": {"loss": 145.5930633544922, "mean_squared_error": 145.5930633544922, "mean_absolute_error": 11.686455726623535, "accuracy": 0.08040200918912888, "cosine_similarity": 0.9983047842979431}, "Class Metrics": {"f1_monark": 0.7662082514734773, "accuracy": 0.7638888888888888, "precision": 0.7602339181286549, "recall": 0.7722772277227723, "roc auc": 0.7638722122709289}}