{"Strategy Metrics": {"Daily Swing Trade Return": -2.255, "Buy & Hold Return": -2.5149999999999997, "Auto13($22000) Return": 774.0000000000036}, "Model Metrics": {"loss": 142.29273986816406, "mean_squared_error": 142.29273986816406, "mean_absolute_error": 11.560752868652344, "accuracy": 0.2291666716337204, "cosine_proximity": 0.9856138229370117}, "Class Metrics": {"f1_monark": 0.6086956521739131, "accuracy": 0.4807692307692308, "precision": 0.4772727272727273, "recall": 0.84, "roc auc": 0.494074074074074}}