{"Strategy Metrics": {"Daily Swing Trade Return": 222.5126699999998, "Buy & Hold Return": -6.6023070000000015, "Auto13($22000) Return": 89528.85783199985}, "Model Metrics": {"loss": 421.2576599121094, "mean_squared_error": 421.2576599121094, "mean_absolute_error": 19.313833236694336, "accuracy": 0.11801730841398239, "cosine_similarity": 0.99949049949646}, "Class Metrics": {"f1_monark": 0.8258270227182143, "accuracy": 0.8289628180039139, "precision": 0.815748031496063, "recall": 0.8361581920903954, "roc auc": 0.8291733209692098}}