{"Strategy Metrics": {"Daily Swing Trade Return": 97.60999400000007, "Buy & Hold Return": -4.6499999999999995, "Auto13($22000) Return": 43112.937851999995}, "Model Metrics": {"loss": 145.5493927001953, "mean_squared_error": 145.5493927001953, "mean_absolute_error": 11.684723854064941, "accuracy": 0.07344064116477966, "cosine_similarity": 0.9981580972671509}, "Class Metrics": {"f1_monark": 0.8082901554404145, "accuracy": 0.8162859980139027, "precision": 0.8459869848156182, "recall": 0.7738095238095238, "roc auc": 0.8163282211492947}}