{
    "accuracy":[
        0.08740831166505814,
        0.080684594810009,
        0.08496332168579102,
        0.07579462230205536,
        0.08985330164432526,
        0.08435207605361938,
        0.08435207605361938,
        0.08557457476854324,
        0.09168703854084015,
        0.08924205601215363,
        0.10146699100732803,
        0.08557457476854324,
        0.09535451978445053,
        0.09229829162359238,
        0.09718826413154602,
        0.09657701849937439,
        0.0947432741522789,
        0.088630810379982,
        0.09718826413154602,
        0.10146699100732803,
        0.09841075539588928,
        0.11246943473815918,
        0.09841075539588928,
        0.08435207605361938,
        0.10146699100732803,
        0.09596577286720276,
        0.09046454727649689,
        0.1008557453751564,
        0.10330073535442352,
        0.11124694347381592,
        0.10391198098659515,
        0.09841075539588928,
        0.10146699100732803,
        0.09107579290866852
    ],
    "cosine_similarity":[
        0.9236670136451721,
        0.9261265397071838,
        0.9387816786766052,
        0.9271809458732605,
        0.9453974962234497,
        0.9315072298049927,
        0.9436003565788269,
        0.9387648701667786,
        0.9307734370231628,
        0.9433061480522156,
        0.9520030617713928,
        0.9485225081443787,
        0.9505891799926758,
        0.9513022303581238,
        0.9468098878860474,
        0.958066463470459,
        0.9511706829071045,
        0.963500440120697,
        0.9571302533149719,
        0.9551287293434143,
        0.9570801854133606,
        0.960968554019928,
        0.9633873105049133,
        0.9533696174621582,
        0.9612219929695129,
        0.9611966609954834,
        0.9541797041893005,
        0.9658722281455994,
        0.9583827257156372,
        0.967997133731842,
        0.961850106716156,
        0.9687280058860779,
        0.9510459303855896,
        0.969489336013794
    ],
    "loss":[
        0.0001703357556834817,
        8.265414362540469e-05,
        6.84705883031711e-05,
        6.381105777109042e-05,
        5.876567229279317e-05,
        5.892579792998731e-05,
        5.410585072240792e-05,
        5.362365845940076e-05,
        5.4627609642921016e-05,
        5.171006705495529e-05,
        5.156044426257722e-05,
        4.9645135732134804e-05,
        4.987975626136176e-05,
        4.840266046812758e-05,
        4.9262496759183705e-05,
        4.7863824875093997e-05,
        4.934337266604416e-05,
        4.924033783026971e-05,
        4.7695393732283264e-05,
        4.7382665798068047e-05,
        4.7293251554947346e-05,
        4.571259705699049e-05,
        4.653342693927698e-05,
        4.675588934333064e-05,
        4.5612767280545086e-05,
        4.73141590191517e-05,
        4.651425842894241e-05,
        4.5588523789774626e-05,
        4.695673851529136e-05,
        4.644735236070119e-05,
        4.543655086308718e-05,
        4.514840475167148e-05,
        4.640176848624833e-05,
        4.510760845732875e-05
    ],
    "mean_absolute_error":[
        0.008800948970019817,
        0.006878427229821682,
        0.0061735245399177074,
        0.005972927901893854,
        0.005709664896130562,
        0.005718887783586979,
        0.0054280394688248634,
        0.005403105169534683,
        0.005511734634637833,
        0.005272668320685625,
        0.005180057138204575,
        0.0051045906729996204,
        0.005174766760319471,
        0.005087426397949457,
        0.0050984653644263744,
        0.004995167255401611,
        0.00514316326007247,
        0.005061811301857233,
        0.004991177935153246,
        0.004974184092134237,
        0.0050035081803798676,
        0.004867787007242441,
        0.004902723710983992,
        0.004972830414772034,
        0.004896863363683224,
        0.004922165535390377,
        0.004954499192535877,
        0.004861764144152403,
        0.004953204188495874,
        0.00489910738542676,
        0.0048513710498809814,
        0.004851821810007095,
        0.004939251113682985,
        0.004788790363818407
    ],
    "mean_squared_error":[
        0.0001703357556834817,
        8.265414362540469e-05,
        6.84705883031711e-05,
        6.381105777109042e-05,
        5.876567229279317e-05,
        5.892579792998731e-05,
        5.410585072240792e-05,
        5.362365845940076e-05,
        5.4627609642921016e-05,
        5.171006705495529e-05,
        5.156044426257722e-05,
        4.9645135732134804e-05,
        4.987975626136176e-05,
        4.840266046812758e-05,
        4.9262496759183705e-05,
        4.7863824875093997e-05,
        4.934337266604416e-05,
        4.924033783026971e-05,
        4.7695393732283264e-05,
        4.7382665798068047e-05,
        4.7293251554947346e-05,
        4.571259705699049e-05,
        4.653342693927698e-05,
        4.675588934333064e-05,
        4.5612767280545086e-05,
        4.73141590191517e-05,
        4.651425842894241e-05,
        4.5588523789774626e-05,
        4.695673851529136e-05,
        4.644735236070119e-05,
        4.543655086308718e-05,
        4.514840475167148e-05,
        4.640176848624833e-05,
        4.510760845732875e-05
    ],
    "val_accuracy":[
        0.09756097197532654,
        0.053658537566661835,
        0.11463414877653122,
        0.03414634242653847,
        0.1926829218864441,
        0.15365853905677795,
        0.13658536970615387,
        0.06829268485307693,
        0.09268292784690857,
        0.12195122241973877,
        0.0585365854203701,
        0.16585366427898407,
        0.0585365854203701,
        0.043902438133955,
        0.053658537566661835,
        0.06341463327407837,
        0.10000000149011612,
        0.053658537566661835,
        0.053658537566661835,
        0.10000000149011612,
        0.18536585569381714,
        0.15609756112098694,
        0.11463414877653122,
        0.06585365533828735,
        0.15365853905677795,
        0.08780487626791,
        0.178048774600029,
        0.0731707289814949,
        0.06829268485307693,
        0.10000000149011612,
        0.08292683213949203,
        0.07804878056049347,
        0.09268292784690857,
        0.10000000149011612
    ],
    "val_cosine_similarity":[
        0.9957964420318604,
        0.27120161056518555,
        0.6450709700584412,
        0.9189375042915344,
        0.9928834438323975,
        0.9883701205253601,
        0.9955811500549316,
        0.9943432807922363,
        0.9936801195144653,
        0.9870737195014954,
        0.9303581714630127,
        0.9946898221969604,
        0.9262210130691528,
        0.9884498119354248,
        0.9207553267478943,
        0.9900035858154297,
        0.9861328601837158,
        0.9250628352165222,
        0.9944804310798645,
        0.5745063424110413,
        0.9921677112579346,
        0.9887028336524963,
        0.9948306679725647,
        0.9906401634216309,
        0.980208694934845,
        0.9871322512626648,
        0.9948282241821289,
        0.9874172806739807,
        0.9775874614715576,
        0.9944733381271362,
        0.6982669830322266,
        0.991414487361908,
        0.987659752368927,
        0.9823399782180786
    ],