{"Strategy Metrics": {"Daily Swing Trade Return": 210.36920999999984, "Buy & Hold Return": -7.756154000000005, "Auto13($22000) Return": 59834.33011700006}, "Model Metrics": {"loss": 419.47320556640625, "mean_squared_error": 419.47320556640625, "mean_absolute_error": 19.26401710510254, "accuracy": 0.37226563692092896, "cosine_similarity": 0.9999106526374817}, "Class Metrics": {"f1_monark": 0.8101870274572224, "accuracy": 0.8137446310035142, "precision": 0.7990580847723705, "recall": 0.8216303470540759, "roc auc": 0.8139921780656159}}