{"Strategy Metrics": {"Daily Swing Trade Return": 23.93, "Buy & Hold Return": -25.770000000000003, "Auto13($22000) Return": 6387.609979000008}, "Model Metrics": {"loss": 161.4976806640625, "mean_squared_error": 161.4976806640625, "mean_absolute_error": 11.91283893585205, "accuracy": 0.15923567116260529, "cosine_similarity": 0.9628772139549255}, "Class Metrics": {"f1_monark": 0.6580645161290323, "accuracy": 0.6882352941176471, "precision": 0.6538461538461539, "recall": 0.6623376623376623, "roc auc": 0.6860075408462506}}