{"Strategy Metrics": {"Daily Swing Trade Return": 56.719995, "Buy & Hold Return": -3.7699999999999987, "Auto13($22000) Return": 12289.678603999942}, "Model Metrics": {"loss": 145.2730712890625, "mean_squared_error": 145.2730712890625, "mean_absolute_error": 11.673397064208984, "accuracy": 0.14656032621860504, "cosine_proximity": 0.9989879131317139}, "Class Metrics": {"f1_monark": 0.6449136276391555, "accuracy": 0.6340257171117705, "precision": 0.6292134831460674, "recall": 0.6614173228346457, "roc auc": 0.6338895759302454}}