{"Strategy Metrics": {"Daily Swing Trade Return": 495.5550189999999, "Buy & Hold Return": 28.195, "Auto13($22000) Return": 87024.94312100016}, "Model Metrics": {"loss": 1367.7100830078125, "mean_squared_error": 1367.7100830078125, "mean_absolute_error": 35.78115463256836, "accuracy": 0.22120419144630432, "cosine_proximity": 0.9999276399612427}, "Class Metrics": {"f1_monark": 0.8473566641846612, "accuracy": 0.8391736401673641, "precision": 0.8298492950899368, "recall": 0.8656186612576064, "roc auc": 0.8383168900240516}}