{"Strategy Metrics": {"Daily Swing Trade Return": 69.499994, "Buy & Hold Return": -4.539999999999998, "Auto13($22000) Return": 16973.637883999974}, "Model Metrics": {"loss": 145.61070251464844, "mean_squared_error": 145.61070251464844, "mean_absolute_error": 11.687472343444824, "accuracy": 0.16482411324977875, "cosine_proximity": 0.9982937574386597}, "Class Metrics": {"f1_monark": 0.6842619745845552, "accuracy": 0.6795634920634921, "precision": 0.6756756756756757, "recall": 0.693069306930693, "roc auc": 0.6795366415369171}}