{"Strategy Metrics": {"Daily Swing Trade Return": 421.740011, "Buy & Hold Return": 96.69393099999999, "Auto13($22000) Return": 34823.435842999956}, "Model Metrics": {"loss": 1934.734130859375, "mean_squared_error": 1934.734130859375, "mean_absolute_error": 38.37363052368164, "accuracy": 0.28414207696914673, "cosine_proximity": 0.9996586441993713}, "Class Metrics": {"f1_monark": 0.7547169811320755, "accuracy": 0.7337662337662337, "precision": 0.7321428571428571, "recall": 0.7787274453941121, "roc auc": 0.7313026057318296}}