{
    "accuracy":[
        0.06251934170722961,
        0.07582791894674301,
        0.07799442857503891,
        0.07025688886642456,
        0.07366140186786652,
        0.0755184143781662,
        0.0776849240064621,
        0.08789848536252975,
        0.09439802169799805,
        0.08047044277191162,
        0.09130300581455231,
        0.08975549042224884,
        0.08696997910737991,
        0.08944599330425262,
        0.08542247116565704,
        0.09749303758144379,
        0.09285051375627518,
        0.09068399667739868,
        0.0956360250711441,
        0.08635097742080688,
        0.08170844614505768,
        0.08480346947908401,
        0.07954193651676178,
        0.08201795071363449
    ],
    "cosine_similarity":[
        0.9560064673423767,
        0.9419155120849609,
        0.9428911209106445,
        0.9466254711151123,
        0.9453728199005127,
        0.9428521394729614,
        0.9506635069847107,
        0.95389324426651,
        0.9507741332054138,
        0.9551969766616821,
        0.9566755890846252,
        0.9532339572906494,
        0.955185055732727,
        0.9592456221580505,
        0.9533580541610718,
        0.9573532342910767,
        0.954142689704895,
        0.9498224854469299,
        0.959690272808075,
        0.9567604064941406,
        0.9508551359176636,
        0.9634054899215698,
        0.9593425393104553,
        0.9669939279556274
    ],
    "loss":[
        0.004263879265636206,
        0.0023586186580359936,
        0.0019019132014364004,
        0.001904947916045785,
        0.0017328070243820548,
        0.0017943453276529908,
        0.0016156575875356793,
        0.0016928459517657757,
        0.0016140550142154098,
        0.0016290118219330907,
        0.0016027902020141482,
        0.0015813501086086035,
        0.0015534766716882586,
        0.0016303951852023602,
        0.0016311864601448178,
        0.0015566941583529115,
        0.001575670437887311,
        0.001492844196036458,
        0.0015454908134415746,
        0.0015072865644469857,
        0.0014717222657054663,
        0.0013863949570804834,
        0.0015297849895432591,
        0.0014756422024220228
    ],
    "mean_absolute_error":[
        0.040724121034145355,
        0.032727740705013275,
        0.030522702261805534,
        0.030195748433470726,
        0.029419563710689545,
        0.02938835136592388,
        0.028401363641023636,
        0.028657954186201096,
        0.0281386636197567,
        0.02789413370192051,
        0.027774309739470482,
        0.027752527967095375,
        0.027334561571478844,
        0.027867799624800682,
        0.027958905324339867,
        0.027568329125642776,
        0.027376826852560043,
        0.026632515713572502,
        0.026939623057842255,
        0.026995079591870308,
        0.027056001126766205,
        0.025853706523776054,
        0.02718319743871689,
        0.026969829574227333
    ],
    "mean_squared_error":[
        0.004263879265636206,
        0.0023586186580359936,
        0.0019019132014364004,
        0.001904947916045785,
        0.0017328070243820548,
        0.0017943453276529908,
        0.0016156575875356793,
        0.0016928459517657757,
        0.0016140550142154098,
        0.0016290118219330907,
        0.0016027902020141482,
        0.0015813501086086035,
        0.0015534766716882586,
        0.0016303951852023602,
        0.0016311864601448178,
        0.0015566941583529115,
        0.001575670437887311,
        0.001492844196036458,
        0.0015454908134415746,
        0.0015072865644469857,
        0.0014717222657054663,
        0.0013863949570804834,
        0.0015297849895432591,
        0.0014756422024220228
    ],
    "val_accuracy":[
        0.06806930899620056,
        0.11014851182699203,
        0.055693067610263824,
        0.10396039485931396,
        0.08415841311216354,
        0.07920791953802109,
        0.15841583907604218,
        0.05074257403612137,
        0.06930693238973618,
        0.13737623393535614,
        0.04084158316254616,
        0.10891088843345642,
        0.06806930899620056,
        0.07673267275094986,
        0.06930693238973618,
        0.0631188154220581,
        0.13613861799240112,
        0.09900990128517151,
        0.10643564164638519,
        0.12128712981939316,
        0.1262376308441162,
        0.08292078971862793,
        0.12252475321292877,
        0.09282178431749344
    ],
    "val_cosine_similarity":[
        0.9938058853149414,
        0.9891623258590698,
        0.9227983355522156,
        0.9601000547409058,
        0.9951800107955933,
        0.9951372146606445,
        0.9950957298278809,
        0.9064228534698486,
        0.9938137531280518,
        0.9951056838035583,
        0.9951496124267578,
        0.9950971603393555,
        0.9950436949729919,
        0.9947014451026917,
        0.994690477848053,
        0.9950496554374695,
        0.9946641325950623,
        0.9928385019302368,
        0.9951222538948059,
        0.979918360710144,
        0.9949860572814941,
        0.9922905564308167,
        0.9948835968971252,
        0.9945311546325684
    ],
    "val_loss":[
        0.0010310460347682238,
        0.0009878132259473205,
        0.001679244334809482,
        0.0008790838764980435,
        0.0011929783504456282,
        0.0009093772387132049,
        0.0026184606831520796,
        0.00105794589035213,
        0.0010568008292466402,
        0.00136371492408216,
        0.0012323118280619383,
        0.0009121085749939084,
        0.00088220537872985,
        0.0008039061212912202,
        0.0009385545854456723,
        0.0009709151927381754,
        0.0008661104366183281,
        0.000842642446514219,
        0.0009354929788969457,
        0.0009268291178159416,
        0.001387541531585157,
        0.0008085367735475302,
        0.000887683592736721,
        0.0008045127615332603
    ],
    "val_mean_absolute_error":[
        0.020538680255413055,
        0.019200092181563377,
        0.03105415776371956,
        0.01868622936308384,
        0.02696724236011505,
        0.019506685435771942,
        0.03586193174123764,
        0.02112727053463459,
        0.017855172976851463,
        0.024711042642593384,
        0.02790040709078312,
        0.02086295187473297,
        0.018663901835680008,
        0.01637636497616768,
        0.01873963326215744,
        0.02245299331843853,
        0.017299212515354156,
        0.01690259389579296,
        0.02051270380616188,
        0.01827869936823845,
        0.021999824792146683,
        0.016639292240142822,
        0.01808861456811428,
        0.016374504193663597
    ],
    "val_mean_squared_error":[
        0.0010310460347682238,
        0.0009878132259473205,
        0.001679244334809482,
        0.0008790838764980435,
        0.0011929783504456282,
        0.0009093772387132049,
        0.0026184606831520796,
        0.00105794589035213,
        0.0010568008292466402,
        0.00136371492408216,
        0.0012323118280619383,
        0.0009121085749939084,
        0.00088220537872985,
        0.0008039061212912202,
        0.0009385545854456723,
        0.0009709151927381754,
        0.0008661104366183281,
        0.000842642446514219,
        0.0009354929788969457,
        0.0009268291178159416,
        0.001387541531585157,
        0.0008085367735475302,
        0.000887683592736721,
        0.0008045127615332603
    ]
}