{"Strategy Metrics": {"Daily Swing Trade Return": 5.550000000000002, "Buy & Hold Return": -10.610000000000001, "Auto13($22000) Return": 2136.029976999991}, "Model Metrics": {"loss": 135.42283630371094, "mean_squared_error": 135.42283630371094, "mean_absolute_error": 11.318394660949707, "accuracy": 0.20645160973072052, "cosine_similarity": 0.9632996320724487}, "Class Metrics": {"f1_monark": 0.5384615384615384, "accuracy": 0.5443037974683544, "precision": 0.5185185185185185, "recall": 0.56, "roc auc": 0.5450602409638554}}