{
    "accuracy":[
        0.34236451983451843,
        0.32266008853912354,
        0.33466747403144836,
        0.3272783160209656,
        0.33282020688056946,
        0.32943350076675415,
        0.32081282138824463,
        0.35406404733657837,
        0.344519704580307,
        0.34205666184425354,
        0.3389778435230255,
        0.3426724076271057,
        0.3371305465698242,
        0.32912561297416687,
        0.35252463817596436,
        0.3519088625907898,
        0.3362068831920624,
        0.3485221564769745,
        0.3377462923526764,
        0.3432881832122803,
        0.35406404733657837,
        0.34759852290153503,
        0.34944581985473633,
        0.35591134428977966,
        0.33128079771995544,
        0.3463670015335083,
        0.3512931168079376,
        0.34020936489105225,
        0.34236451983451843,
        0.33651477098464966,
        0.3165024518966675,
        0.3288177251815796,
        0.3482142984867096,
        0.3371305465698242,
        0.33990147709846497,
        0.3534482717514038,
        0.34020936489105225,
        0.33836206793785095,
        0.33497536182403564,
        0.3466748893260956,
        0.3355911374092102,
        0.33282020688056946,
        0.34575122594833374,
        0.344519704580307,
        0.33158865571022034,
        0.3405172526836395,
        0.3371305465698242,
        0.35991379618644714,
        0.3432881832122803,
        0.35283252596855164,
        0.33497536182403564,
        0.3442118167877197,
        0.33990147709846497,
        0.344519704580307,
        0.34174877405166626,
        0.3522167503833771,
        0.3395935893058777,
        0.3485221564769745
    ],
    "cosine_similarity":[
        0.9567826986312866,
        0.9504139423370361,
        0.9422654509544373,
        0.9443196058273315,
        0.9463025331497192,
        0.9546657800674438,
        0.9605689644813538,
        0.9618843793869019,
        0.9535058736801147,
        0.9597627520561218,
        0.9648051857948303,
        0.9628779292106628,
        0.9626926183700562,
        0.9627291560173035,
        0.9656326174736023,
        0.9627197980880737,
        0.9633161425590515,
        0.9648734331130981,
        0.9631059765815735,
        0.962184727191925,
        0.9671046733856201,
        0.9679709672927856,
        0.9640423059463501,
        0.9642722010612488,
        0.9688035249710083,
        0.9691064953804016,
        0.9718542695045471,
        0.9713843464851379,
        0.9715732336044312,
        0.9754745960235596,
        0.9763978123664856,
        0.9663844108581543,
        0.9699756503105164,
        0.9677778482437134,
        0.9657610058784485,
        0.9713733196258545,
        0.9744469523429871,
        0.9729341268539429,
        0.9707686901092529,
        0.9763185381889343,
        0.9751678705215454,
        0.9759616851806641,
        0.9730840921401978,
        0.9747455716133118,
        0.9733564853668213,
        0.975067138671875,
        0.9793801307678223,
        0.9776265025138855,
        0.9745079874992371,
        0.9738109707832336,
        0.9793571829795837,
        0.9773069024085999,
        0.978719174861908,
        0.9743916392326355,
        0.9769652485847473,
        0.9752002358436584,
        0.9736239314079285,
        0.9762331247329712
    ],
    "loss":[
        0.0031844538170844316,
        0.0015982604818418622,
        0.0014388711424544454,
        0.0012790191685780883,
        0.0012345989234745502,
        0.001069780089892447,
        0.0011349220294505358,
        0.0009563287021592259,
        0.000973447342403233,
        0.0009960861643776298,
        0.0009511077660135925,
        0.0009371936321258545,
        0.0009351615444757044,
        0.0009153283317573369,
        0.0009070663363672793,
        0.0009687236160971224,
        0.0008702165796421468,
        0.0007839532336220145,
        0.0009506719070486724,
        0.0008277362212538719,
        0.000866779126226902,
        0.0007916564936749637,
        0.0008973548538051546,
        0.0008738657343201339,
        0.000881916203070432,
        0.0007858520839363337,
        0.0008141794241964817,
        0.0008233226835727692,
        0.000766692915931344,
        0.0007997714565135539,
        0.0007468804251402617,
        0.0008046210277825594,
        0.0007719274726696312,
        0.0007773798424750566,
        0.0007835531723685563,
        0.0007612885674461722,
        0.0008084356086328626,
        0.0007497671758756042,
        0.000735213456209749,
        0.0007812461699359119,
        0.0007003630162216723,
        0.0007274874369613826,
        0.0007429824909195304,
        0.0007513544405810535,
        0.0007355354609899223,
        0.0007114702602848411,
        0.0006573399296030402,
        0.0006929193623363972,
        0.0006977223674766719,
        0.0006717039505019784,
        0.0007006862433627248,
        0.0006931949174031615,
        0.0006983926868997514,
        0.0006425543688237667,
        0.0006581342313438654,
        0.0007643582648597658,
        0.0006744714337401092,
        0.0006545791402459145
    ],
    "mean_absolute_error":[
        0.03678964450955391,
        0.027586722746491432,
        0.02674052305519581,
        0.0252087339758873,
        0.024803347885608673,
        0.023206042125821114,
        0.02357778698205948,
        0.022405575960874557,
        0.02206483669579029,
        0.022091470658779144,
        0.02164066955447197,
        0.021794164553284645,
        0.021493060514330864,
        0.021305762231349945,
        0.021429171785712242,
        0.02204269915819168,
        0.020492590963840485,
        0.020190250128507614,
        0.021154899150133133,
        0.020461102947592735,
        0.020748158916831017,
        0.020085498690605164,
        0.020956072956323624,
        0.02081521786749363,
        0.021147964522242546,
        0.01989884302020073,
        0.02027103863656521,
        0.02015518955886364,
        0.019701596349477768,
        0.019857989624142647,
        0.01936214603483677,
        0.019658436998724937,
        0.01964908093214035,
        0.019546421244740486,
        0.019654950127005577,
        0.019422730430960655,
        0.019597450271248817,
        0.01918499357998371,
        0.019112030044198036,
        0.01968587003648281,
        0.018740521743893623,
        0.01915706694126129,
        0.0193396657705307,
        0.019009705632925034,
        0.018962694332003593,
        0.01862196996808052,
        0.018575554713606834,
        0.018434233963489532,
        0.018705056980252266,
        0.018318813294172287,
        0.01852499321103096,
        0.01854960434138775,
        0.018481947481632233,
        0.018015258014202118,
        0.018325291574001312,
        0.018769802525639534,
        0.018121767789125443,
        0.01814558543264866
    ],