{
    "accuracy":[
        0.30550622940063477,
        0.31261101365089417,
        0.3321492075920105,
        0.35168740153312683,
        0.3250443935394287,
        0.36767318844795227,
        0.3499111831188202,
        0.3428063988685608,
        0.34813499450683594,
        0.3694493770599365,
        0.3765541613101959,
        0.3605683743953705,
        0.33037298917770386,
        0.34458258748054504,
        0.34458258748054504,
        0.3250443935394287,
        0.3037300109863281,
        0.35523977875709534,
        0.357015997171402,
        0.3428063988685608,
        0.3037300109863281,
        0.34458258748054504,
        0.3463588058948517,
        0.3534635901451111,
        0.33392539620399475,
        0.3392539918422699,
        0.3641207814216614,
        0.35523977875709534,
        0.3534635901451111,
        0.2948490083217621,
        0.3801065683364868,
        0.3623445928096771,
        0.35523977875709534,
        0.37477797269821167
    ],
    "cosine_similarity":[
        0.9905998110771179,
        0.9977680444717407,
        0.99846351146698,
        0.9987447261810303,
        0.9990481734275818,
        0.9992901086807251,
        0.9993603825569153,
        0.9993826150894165,
        0.9994627237319946,
        0.9995102286338806,
        0.9995172619819641,
        0.9995389580726624,
        0.999561607837677,
        0.9996194839477539,
        0.9996122121810913,
        0.9996201395988464,
        0.9996213316917419,
        0.9996358752250671,
        0.9996537566184998,
        0.9996531009674072,
        0.9996459484100342,
        0.9996532201766968,
        0.9996668696403503,
        0.9996622800827026,
        0.9996601343154907,
        0.9996605515480042,
        0.9996711015701294,
        0.9996592402458191,
        0.9996568560600281,
        0.9996641278266907,
        0.9996651411056519,
        0.9996707439422607,
        0.9996625185012817,
        0.9996750950813293
    ],
    "loss":[
        0.01973581314086914,
        0.00864027813076973,
        0.007097138557583094,
        0.005810801405459642,
        0.00572285708039999,
        0.0042030829936265945,
        0.004182061646133661,
        0.0038610021583735943,
        0.0032966649159789085,
        0.003369866404682398,
        0.0028990365099161863,
        0.0029858725611120462,
        0.002646990120410919,
        0.0027792088221758604,
        0.002609093440696597,
        0.002208415186032653,
        0.002463985700160265,
        0.00226738047786057,
        0.002229875884950161,
        0.0021542126778513193,
        0.0021239537745714188,
        0.002170662395656109,
        0.0021913526579737663,
        0.0018271120497956872,
        0.002242599381133914,
        0.0020898233633488417,
        0.002196148270741105,
        0.0019668189343065023,
        0.0020500135142356157,
        0.0019416020950302482,
        0.001899226102977991,
        0.0018319403752684593,
        0.0019421236356720328,
        0.0018870532512664795
    ],
    "mean_absolute_error":[
        0.10339915007352829,
        0.07216304540634155,
        0.0645601749420166,
        0.05886102095246315,
        0.05885123834013939,
        0.05015794187784195,
        0.049199409782886505,
        0.04798538237810135,
        0.04386729374527931,
        0.044194526970386505,
        0.041284460574388504,
        0.041552502661943436,
        0.039906904101371765,
        0.040127433836460114,
        0.039417654275894165,
        0.03690154105424881,
        0.038253601640462875,
        0.03691659867763519,
        0.03660324960947037,
        0.036008886992931366,
        0.035727471113204956,
        0.03676018491387367,
        0.03591083362698555,
        0.03329688310623169,
        0.03704185411334038,
        0.034862909466028214,
        0.03691083565354347,
        0.034263405948877335,
        0.03486209362745285,
        0.034575916826725006,
        0.033938147127628326,
        0.03324105963110924,
        0.03415887802839279,
        0.03410091996192932
    ],
    "mean_squared_error":[
        0.01973581314086914,
        0.00864027813076973,
        0.007097138557583094,
        0.005810801405459642,
        0.00572285708039999,
        0.0042030829936265945,
        0.004182061646133661,
        0.0038610021583735943,
        0.0032966649159789085,
        0.003369866404682398,
        0.0028990365099161863,
        0.0029858725611120462,
        0.002646990120410919,
        0.0027792088221758604,
        0.002609093440696597,
        0.002208415186032653,
        0.002463985700160265,
        0.00226738047786057,
        0.002229875884950161,
        0.0021542126778513193,
        0.0021239537745714188,
        0.002170662395656109,
        0.0021913526579737663,
        0.0018271120497956872,
        0.002242599381133914,
        0.0020898233633488417,
        0.002196148270741105,
        0.0019668189343065023,
        0.0020500135142356157,
        0.0019416020950302482,
        0.001899226102977991,
        0.0018319403752684593,
        0.0019421236356720328,
        0.0018870532512664795
    ],
    "val_accuracy":[
        0.26950353384017944,
        0.41843971610069275,
        0.41843971610069275,
        0.26950353384017944,
        0.3120567500591278,
        0.39007091522216797,
        0.26950353384017944,
        0.41843971610069275,
        0.41843971610069275,
        0.3191489279270172,
        0.304964542388916,
        0.2978723347187042,
        0.27659574151039124,
        0.2978723347187042,
        0.368794322013855,
        0.368794322013855,
        0.3191489279270172,
        0.24113474786281586,
        0.39716312289237976,
        0.3546099364757538,
        0.368794322013855,
        0.38297873735427856,
        0.326241135597229,
        0.326241135597229,
        0.368794322013855,
        0.39716312289237976,
        0.3191489279270172,
        0.41843971610069275,
        0.3333333432674408,
        0.40425533056259155,
        0.38297873735427856,
        0.39716312289237976,
        0.347517728805542,
        0.3546099364757538
    ],
    "val_cosine_similarity":[
        0.9986638426780701,
        0.9993265867233276,
        0.9995942711830139,
        0.999442458152771,
        0.999586820602417,
        0.9996703863143921,
        0.9996734857559204,
        0.999572217464447,
        0.9996740221977234,
        0.9996609687805176,
        0.9996779561042786,
        0.9996739625930786,
        0.99968421459198,
        0.9996722340583801,
        0.9996798038482666,
        0.9996833801269531,
        0.9996784925460815,
        0.9996599555015564,
        0.999660074710846,
        0.9996738433837891,
        0.9996722936630249,
        0.9996857047080994,
        0.9996687173843384,
        0.999675989151001,
        0.999681293964386,
        0.9996687173843384,
        0.9996792674064636,
        0.9996750354766846,
        0.9996676445007324,
        0.9996715784072876,
        0.9996551275253296,
        0.9996808767318726,
        0.9996835589408875,
        0.9996801018714905
    ],