{"Strategy Metrics": {"Daily Swing Trade Return": 209.40751500000007, "Buy & Hold Return": 95.93857399999999, "Auto13($22000) Return": 14417.17056799995}, "Model Metrics": {"loss": 1935.701416015625, "mean_squared_error": 1935.701416015625, "mean_absolute_error": 38.36564636230469, "accuracy": 0.40079760551452637, "cosine_similarity": 0.999920129776001}, "Class Metrics": {"f1_monark": 0.6723366159355416, "accuracy": 0.6352765321375187, "precision": 0.636980491942324, "recall": 0.7118483412322275, "roc auc": 0.6311342546497273}}