{"Strategy Metrics": {"Daily Swing Trade Return": 88.17960599999995, "Buy & Hold Return": -6.977307000000008, "Auto13($22000) Return": 13127.655069999979}, "Model Metrics": {"loss": 419.8438720703125, "mean_squared_error": 419.8438720703125, "mean_absolute_error": 19.27727699279785, "accuracy": 0.0752941146492958, "cosine_proximity": 0.9996713399887085}, "Class Metrics": {"f1_monark": 0.5965750696933493, "accuracy": 0.6039874902267396, "precision": 0.5888364779874213, "recall": 0.6045197740112994, "roc auc": 0.6040036322672114}}