{"Strategy Metrics": {"Daily Swing Trade Return": 98.02999999999997, "Buy & Hold Return": 0.6299999999999972, "Auto13($22000) Return": 51634.19}, "Model Metrics": {"loss": 135.4713897705078, "mean_squared_error": 135.4713897705078, "mean_absolute_error": 11.483720779418945, "accuracy": 0.15829694271087646, "cosine_similarity": 0.9992277026176453}, "Class Metrics": {"f1_monark": 0.8847352024922118, "accuracy": 0.8805166846071044, "precision": 0.8838174273858921, "recall": 0.8856548856548857, "roc auc": 0.8803274428274428}}