{
    "accuracy":[
        0.07966101914644241,
        0.08050847798585892,
        0.07542373239994049,
        0.08474576473236084,
        0.09067796915769577,
        0.08389830589294434,
        0.08474576473236084,
        0.08220338821411133,
        0.11101695150136948,
        0.0771186426281929,
        0.10932203382253647,
        0.0966101661324501,
        0.10847457498311996,
        0.09152542054653168,
        0.09067796915769577,
        0.09830508381128311,
        0.10847457498311996,
        0.09915254265069962,
        0.10084746032953262,
        0.10169491171836853,
        0.10338982939720154,
        0.11016949266195297,
        0.10423728823661804,
        0.1161016970872879,
        0.10677965730428696,
        0.11186441034078598,
        0.10593220591545105,
        0.10847457498311996
    ],
    "cosine_similarity":[
        0.9924957752227783,
        0.9949892163276672,
        0.995598554611206,
        0.9945979714393616,
        0.9941264390945435,
        0.9945889711380005,
        0.9949814677238464,
        0.9960180521011353,
        0.9957572221755981,
        0.9969063401222229,
        0.9963738918304443,
        0.9960485696792603,
        0.9936338067054749,
        0.994096040725708,
        0.9955652356147766,
        0.99717116355896,
        0.9954078793525696,
        0.9956105351448059,
        0.9967821836471558,
        0.996392011642456,
        0.997105598449707,
        0.9955555200576782,
        0.9966448545455933,
        0.9968083500862122,
        0.9960818290710449,
        0.9954918026924133,
        0.9975560307502747,
        0.9948851466178894
    ],
    "loss":[
        0.0009659783099777997,
        0.0003495031560305506,
        0.00030728999990969896,
        0.0002737084578257054,
        0.0002882901462726295,
        0.00025200785603374243,
        0.00023531203623861074,
        0.00027996490825898945,
        0.0002058714017039165,
        0.00021255998581182212,
        0.00021383471903391182,
        0.0002056089579127729,
        0.0001962456590263173,
        0.00020251519163139164,
        0.0001938396890182048,
        0.00018134291167370975,
        0.0001829963584896177,
        0.0001824407372623682,
        0.00018408484174869955,
        0.00043848989298567176,
        0.00017853853933047503,
        0.00017736783775035292,
        0.00017013552132993937,
        0.0001755160337779671,
        0.00017736549489200115,
        0.00019179574155714363,
        0.00017838116036728024,
        0.00017717634909786284
    ],
    "mean_absolute_error":[
        0.018946299329400063,
        0.014245791360735893,
        0.013078135438263416,
        0.012224704027175903,
        0.012628857977688313,
        0.011729218997061253,
        0.011498313397169113,
        0.011778214946389198,
        0.01044235099107027,
        0.010794605128467083,
        0.010792159475386143,
        0.010438728146255016,
        0.010332428850233555,
        0.010494698770344257,
        0.010135824792087078,
        0.009900619275867939,
        0.009978496469557285,
        0.009856890887022018,
        0.009930065833032131,
        0.011684364639222622,
        0.009710252285003662,
        0.009538891725242138,
        0.009631366468966007,
        0.009667753241956234,
        0.009806185960769653,
        0.010020949877798557,
        0.00969550758600235,
        0.009827258065342903
    ],
    "mean_squared_error":[
        0.0009659783099777997,
        0.0003495031560305506,
        0.00030728999990969896,
        0.0002737084578257054,
        0.0002882901462726295,
        0.00025200785603374243,
        0.00023531203623861074,
        0.00027996490825898945,
        0.0002058714017039165,
        0.00021255998581182212,
        0.00021383471903391182,
        0.0002056089579127729,
        0.0001962456590263173,
        0.00020251519163139164,
        0.0001938396890182048,
        0.00018134291167370975,
        0.0001829963584896177,
        0.0001824407372623682,
        0.00018408484174869955,
        0.00043848989298567176,
        0.00017853853933047503,
        0.00017736783775035292,
        0.00017013552132993937,
        0.0001755160337779671,
        0.00017736549489200115,
        0.00019179574155714363,
        0.00017838116036728024,
        0.00017717634909786284
    ],
    "val_accuracy":[
        0.04729729890823364,
        0.03378378227353096,
        0.10472972691059113,
        0.22297297418117523,
        0.09121621400117874,
        0.15878377854824066,
        0.10810811072587967,
        0.12162162363529205,
        0.054054055362939835,
        0.06081081181764603,
        0.054054055362939835,
        0.07432432472705841,
        0.14527027308940887,
        0.11148648709058762,
        0.0878378376364708,
        0.054054055362939835,
        0.07094594836235046,
        0.19594594836235046,
        0.06756756454706192,
        0.07770270109176636,
        0.125,
        0.1317567527294159,
        0.06081081181764603,
        0.12162162363529205,
        0.16554054617881775,
        0.07094594836235046,
        0.05067567527294159,
        0.04729729890823364
    ],
    "val_cosine_similarity":[
        0.9975852966308594,
        0.9971345663070679,
        0.9979745149612427,
        0.9974874258041382,
        0.9974188804626465,
        0.9977052807807922,
        0.994141161441803,
        0.9897422790527344,
        0.9981481432914734,
        0.9980669617652893,
        0.9962778687477112,
        0.9974409341812134,
        0.9979612231254578,
        0.9922160506248474,
        0.9983328580856323,
        0.9974319934844971,
        0.9979705810546875,
        0.9983341097831726,
        0.9973722696304321,
        0.9953910112380981,
        0.9982579946517944,
        0.992408037185669,
        0.9922906756401062,
        0.998160183429718,
        0.9952170848846436,
        0.9972860813140869,
        0.9975531101226807,
        0.9981125593185425
    ],
    "val_loss":[
        0.0003147652023471892,
        0.00039955604006536305,
        0.0002071772760245949,
        0.00021798891248181462,
        0.0001807692024158314,
        0.00017626147018745542,
        0.0001947274140547961,
        0.0002141533768735826,
        0.00016024436627049,
        0.0001594556961208582,
        0.00013985269470140338,
        0.00018250037101097405,
        0.0001493306626798585,
        0.00017528403259348124,
        0.0001497574121458456,
        0.0007630647160112858,
        0.00015068260836414993,
        0.00013164369738660753,
        0.00019976940529886633,
        0.0001673923252383247,
        0.0001611763145774603,
        0.00018398099928162992,
        0.0001496990880696103,
        0.00013721923460252583,
        0.00015152156993281096,
        0.00014887991710565984,
        0.0001363128103548661,
        0.00014165439642965794
    ],
    "val_mean_absolute_error":[
        0.013615638948976994,
        0.015570075251162052,
        0.010591091588139534,
        0.010479401797056198,
        0.009776261635124683,
        0.009481915272772312,
        0.010534475557506084,
        0.01170237734913826,
        0.009160499088466167,
        0.009448536671698093,
        0.008625335060060024,
        0.010379882529377937,
        0.009015960618853569,
        0.009888124652206898,
        0.008858726359903812,
        0.015009851194918156,
        0.009327294304966927,
        0.008213656954467297,
        0.010658566839993,
        0.009499853476881981,
        0.009610059671103954,
        0.010524393059313297,
        0.009267160668969154,
        0.008409583009779453,
        0.009128796868026257,
        0.008896887302398682,
        0.008471456356346607,
        0.008692989125847816
    ],