{
    "accuracy":[
        0.15701667964458466,
        0.15799804031848907,
        0.16486752033233643,
        0.16094210743904114,
        0.15112856030464172,
        0.163886159658432,
        0.18940137326717377,
        0.18547596037387848,
        0.17075563967227936,
        0.17664377391338348,
        0.16486752033233643,
        0.163886159658432,
        0.17173700034618378,
        0.16192345321178436,
        0.18351325392723083,
        0.17664377391338348,
        0.17369970679283142,
        0.17664377391338348,
        0.17468105256557465,
        0.19627085328102112,
        0.19332678616046906,
        0.18056918680667877,
        0.18351325392723083,
        0.2041216939687729,
        0.17075563967227936,
        0.18842001259326935,
        0.19430814683437347,
        0.1864573061466217,
        0.172718346118927,
        0.18743866682052612,
        0.1913640797138214,
        0.1864573061466217,
        0.20706574618816376,
        0.181550532579422,
        0.163886159658432,
        0.19921492040157318,
        0.19234544038772583,
        0.19430814683437347,
        0.17075563967227936,
        0.18351325392723083,
        0.20117762684822083,
        0.21099117398262024,
        0.23258095979690552,
        0.19038273394107819,
        0.1776251196861267,
        0.2090284526348114,
        0.20117762684822083,
        0.2315996140241623,
        0.2051030397415161,
        0.22473013401031494,
        0.2090284526348114,
        0.21884199976921082,
        0.22374877333641052,
        0.22178606688976288,
        0.23945043981075287,
        0.20608440041542053,
        0.23454366624355316,
        0.23846909403800964
    ],
    "cosine_similarity":[
        0.9697814583778381,
        0.9918815493583679,
        0.9950730800628662,
        0.9963416457176208,
        0.9969954490661621,
        0.9970486760139465,
        0.9958764314651489,
        0.9962605237960815,
        0.9969397783279419,
        0.9968791007995605,
        0.9969849586486816,
        0.9979159832000732,
        0.9970706105232239,
        0.99628084897995,
        0.9972726106643677,
        0.9980812072753906,
        0.9951145052909851,
        0.994900643825531,
        0.9964725375175476,
        0.9950505495071411,
        0.9966766834259033,
        0.9981206655502319,
        0.9974882006645203,
        0.9959008693695068,
        0.9967589378356934,
        0.9951615929603577,
        0.9951533079147339,
        0.9972840547561646,
        0.9940802454948425,
        0.9955044984817505,
        0.9946838021278381,
        0.9986123442649841,
        0.9992033839225769,
        0.9990922808647156,
        0.9933119416236877,
        0.9979977011680603,
        0.9993388652801514,
        0.9990122318267822,
        0.9970352649688721,
        0.9992061257362366,
        0.9953129887580872,
        0.9953383803367615,
        0.9962267875671387,
        0.9994707703590393,
        0.995112955570221,
        0.9967139363288879,
        0.9958416223526001,
        0.9982559084892273,
        0.9919136166572571,
        0.9971888065338135,
        0.9996286630630493,
        0.9976186752319336,
        0.9942943453788757,
        0.9990683794021606,
        0.9994850754737854,
        0.9996232986450195,
        0.9958091974258423,
        0.9977121949195862
    ],
    "loss":[
        0.012015213258564472,
        0.005094599910080433,
        0.0032163383439183235,
        0.0025012625847011805,
        0.0020801210775971413,
        0.0016270055202767253,
        0.0014417285565286875,
        0.0014819547068327665,
        0.0011210063239559531,
        0.0011820901418104768,
        0.0009305331041105092,
        0.0010922104120254517,
        0.0009293797193095088,
        0.0009577107266522944,
        0.0009215620229952037,
        0.0008753550355322659,
        0.0008633992401883006,
        0.0009094883571378887,
        0.0008599095745012164,
        0.0009009105269797146,
        0.0007911992724984884,
        0.0008005623240023851,
        0.0007729582139290869,
        0.0007828402449376881,
        0.000859064981341362,
        0.0008329005795530975,
        0.0008537123212590814,
        0.0008517921669408679,
        0.0007437124731950462,
        0.0007255454547703266,
        0.0007791367825120687,
        0.0006736139766871929,
        0.0007305052131414413,
        0.0007384872296825051,
        0.0007616615621373057,
        0.0007567433058284223,
        0.0007564490078948438,
        0.0007766233175061643,
        0.0007798261940479279,
        0.0007536313496530056,
        0.0008047906449064612,
        0.0007737529231235385,
        0.0007158415392041206,
        0.0008012374746613204,
        0.0007611367618665099,
        0.0008152517839334905,
        0.0007079956121742725,
        0.0007347915670834482,
        0.0006901376764290035,
        0.0007178227533586323,
        0.0007703162846155465,
        0.0007019561599008739,
        0.0007601823308505118,
        0.000684460042975843,
        0.0007120975060388446,
        0.0006651691510342062,
        0.0006874041282571852,
        0.0007795484852977097
    ],
    "mean_absolute_error":[
        0.07740144431591034,
        0.0496150404214859,
        0.038837283849716187,
        0.03383997827768326,
        0.030979901552200317,
        0.02785602957010269,
        0.026164188981056213,
        0.026290806010365486,
        0.024059448391199112,
        0.023624952882528305,
        0.022191500291228294,
        0.02362458035349846,
        0.021518083289265633,
        0.022348759695887566,
        0.0219716913998127,
        0.021244654431939125,
        0.021557943895459175,
        0.022227248176932335,
        0.021326765418052673,
        0.021388469263911247,
        0.020394548773765564,
        0.020365791395306587,
        0.02027551643550396,
        0.019897636026144028,
        0.021260878071188927,
        0.0209979061037302,
        0.021380973979830742,
        0.021415265277028084,
        0.020185863599181175,
        0.019879544153809547,
        0.02064419537782669,
        0.019072534516453743,
        0.019588442519307137,
        0.019755592569708824,
        0.020032653585076332,
        0.02016204595565796,
        0.02013399824500084,
        0.020392796024680138,
        0.020343858748674393,
        0.019779236987233162,
        0.020640823990106583,
        0.019326431676745415,
        0.019601743668317795,
        0.020269805565476418,
        0.02055652253329754,
        0.020635349676012993,
        0.019098525866866112,
        0.019754070788621902,
        0.019559092819690704,
        0.019639814272522926,
        0.020265359431505203,
        0.01963808387517929,
        0.020452003926038742,
        0.019165972247719765,
        0.019039424136281013,
        0.018835049122571945,
        0.01893937960267067,
        0.01998315006494522
    ],