{"Strategy Metrics": {"Daily Swing Trade Return": 4.305000000000003, "Buy & Hold Return": -0.2649999999999988, "Auto13($22000) Return": 668.1800000000039}, "Model Metrics": {"loss": 141.2960662841797, "mean_squared_error": 141.2960662841797, "mean_absolute_error": 11.767180442810059, "accuracy": 0.0, "cosine_similarity": 0.9601945281028748}, "Class Metrics": {"f1_monark": 0.4827586206896552, "accuracy": 0.5833333333333334, "precision": 0.5833333333333334, "recall": 0.4117647058823529, "roc auc": 0.5743034055727554}}