{"Strategy Metrics": {"Daily Swing Trade Return": 54728.006833999985, "Buy & Hold Return": 9192.542725000001, "Auto13($22000) Return": 110415.45067900009}, "Model Metrics": {"loss": 75110840.0, "mean_squared_error": 75110840.0, "mean_absolute_error": 8336.9716796875, "accuracy": 0.16018661856651306, "cosine_similarity": 0.9993529915809631}, "Class Metrics": {"f1_monark": 0.7766423357664234, "accuracy": 0.7635239567233385, "precision": 0.7823529411764706, "recall": 0.7710144927536232, "roc auc": 0.762990690085421}}