{"Strategy Metrics": {"Daily Swing Trade Return": 36600.709959000014, "Buy & Hold Return": 990.9072269999997, "Auto13($22000) Return": 73201.41991800003}, "Model Metrics": {"loss": 85504696.0, "mean_squared_error": 85504696.0, "mean_absolute_error": 9122.515625, "accuracy": 0.28045976161956787, "cosine_proximity": 0.9994181990623474}, "Class Metrics": {"f1_monark": 0.8248847926267281, "accuracy": 0.8264840182648402, "precision": 0.8403755868544601, "recall": 0.8099547511312217, "roc auc": 0.8266363617407261}}