{"Strategy Metrics": {"Daily Swing Trade Return": 648.9979990000004, "Buy & Hold Return": 365.57400099999995, "Auto13($22000) Return": 11002.367880000013}, "Model Metrics": {"loss": 27265.453125, "mean_squared_error": 27265.453125, "mean_absolute_error": 122.6190185546875, "accuracy": 0.07509881258010864, "cosine_proximity": 0.9980034828186035}, "Class Metrics": {"f1_monark": 0.6632825719120135, "accuracy": 0.6128404669260701, "precision": 0.6261980830670927, "recall": 0.7050359712230215, "roc auc": 0.6046366296793074}}