{"Strategy Metrics": {"Daily Swing Trade Return": 86.47999299999996, "Buy & Hold Return": -3.459999999999998, "Auto13($22000) Return": 24419.187244000008}, "Model Metrics": {"loss": 144.8477325439453, "mean_squared_error": 144.8477325439453, "mean_absolute_error": 11.656068801879883, "accuracy": 0.30533596873283386, "cosine_similarity": 0.9997374415397644}, "Class Metrics": {"f1_monark": 0.7440944881889764, "accuracy": 0.7433366238894373, "precision": 0.7455621301775148, "recall": 0.7426326129666012, "roc auc": 0.7433401160071101}}