{
    "accuracy":[
        0.08559322357177734,
        0.06694915145635605,
        0.10000000149011612,
        0.08474576473236084,
        0.0771186426281929,
        0.09322033822536469,
        0.08813559263944626,
        0.07457627356052399,
        0.0762711837887764,
        0.09915254265069962,
        0.09830508381128311,
        0.11016949266195297,
        0.10084746032953262,
        0.09915254265069962,
        0.08474576473236084,
        0.10254237055778503,
        0.10000000149011612,
        0.09745762497186661,
        0.10593220591545105,
        0.1161016970872879,
        0.11016949266195297,
        0.0966101661324501
    ],
    "cosine_similarity":[
        0.9913711547851562,
        0.99582839012146,
        0.9959500432014465,
        0.9959264993667603,
        0.9959660172462463,
        0.9960173964500427,
        0.9959943294525146,
        0.996025562286377,
        0.9960473775863647,
        0.9960557818412781,
        0.9960528612136841,
        0.9960819482803345,
        0.996015727519989,
        0.996076762676239,
        0.9960036277770996,
        0.9961432814598083,
        0.996185839176178,
        0.9962224364280701,
        0.9962098002433777,
        0.9961910843849182,
        0.9962745904922485,
        0.9962159991264343
    ],
    "loss":[
        0.012998412363231182,
        0.006299520842730999,
        0.005412247497588396,
        0.005426081363111734,
        0.004922203253954649,
        0.004671289119869471,
        0.004496842157095671,
        0.0046429866924881935,
        0.004429369233548641,
        0.004448000341653824,
        0.00437618512660265,
        0.0043780989944934845,
        0.00427350215613842,
        0.004315699450671673,
        0.0043692621402442455,
        0.004326268564909697,
        0.004431784152984619,
        0.004204269032925367,
        0.004191048443317413,
        0.004223675467073917,
        0.004176964517682791,
        0.004199506249278784
    ],
    "mean_absolute_error":[
        0.08094137161970139,
        0.061430998146533966,
        0.056727245450019836,
        0.05626429617404938,
        0.05326085910201073,
        0.051722295582294464,
        0.050557106733322144,
        0.05177868530154228,
        0.05020742118358612,
        0.04977654293179512,
        0.04979667440056801,
        0.04967045038938522,
        0.049301665276288986,
        0.04936669021844864,
        0.049534693360328674,
        0.049522269517183304,
        0.050156962126493454,
        0.048612866550683975,
        0.048246536403894424,
        0.04885286092758179,
        0.048084087669849396,
        0.04861944168806076
    ],
    "mean_squared_error":[
        0.012998412363231182,
        0.006299520842730999,
        0.005412247497588396,
        0.005426081363111734,
        0.004922203253954649,
        0.004671289119869471,
        0.004496842157095671,
        0.0046429866924881935,
        0.004429369233548641,
        0.004448000341653824,
        0.00437618512660265,
        0.0043780989944934845,
        0.00427350215613842,
        0.004315699450671673,
        0.0043692621402442455,
        0.004326268564909697,
        0.004431784152984619,
        0.004204269032925367,
        0.004191048443317413,
        0.004223675467073917,
        0.004176964517682791,
        0.004199506249278784
    ],
    "val_accuracy":[
        0.09797297418117523,
        0.05067567527294159,
        0.07432432472705841,
        0.09797297418117523,
        0.07770270109176636,
        0.06756756454706192,
        0.1317567527294159,
        0.05067567527294159,
        0.125,
        0.13513512909412384,
        0.10472972691059113,
        0.07770270109176636,
        0.06418918818235397,
        0.11148648709058762,
        0.15878377854824066,
        0.07094594836235046,
        0.09121621400117874,
        0.12837837636470795,
        0.09121621400117874,
        0.10135135054588318,
        0.11148648709058762,
        0.15202702581882477
    ],
    "val_cosine_similarity":[
        0.9959343671798706,
        0.995972216129303,
        0.9955494999885559,
        0.9956427812576294,
        0.9960976839065552,
        0.9960458278656006,
        0.995819628238678,
        0.9960291981697083,
        0.9960547685623169,
        0.9957587718963623,
        0.9958715438842773,
        0.9960620999336243,
        0.9960018992424011,
        0.9961084127426147,
        0.9961106777191162,
        0.9960926175117493,
        0.9961104393005371,
        0.9961725473403931,
        0.9960753917694092,
        0.9962384104728699,
        0.996224045753479,
        0.9961304664611816
    ],
    "val_loss":[
        0.005854664836078882,
        0.004416054114699364,
        0.004552448634058237,
        0.004204964730888605,
        0.004038625862449408,
        0.007226516492664814,
        0.004296825733035803,
        0.003852460766211152,
        0.00394834578037262,
        0.0039724488742649555,
        0.003871964756399393,
        0.0037605823017656803,
        0.005079343449324369,
        0.003891433821991086,
        0.003803966799750924,
        0.004051015246659517,
        0.004933626856654882,
        0.003800848498940468,
        0.004234687890857458,
        0.004116815514862537,
        0.0039270734414458275,
        0.004090293776243925
    ],
    "val_mean_absolute_error":[
        0.059142958372831345,
        0.05022155120968819,
        0.051332175731658936,
        0.04942488297820091,
        0.047624167054891586,
        0.06850012391805649,
        0.050357330590486526,
        0.04579989239573479,
        0.0470469631254673,
        0.04750761017203331,
        0.04572392627596855,
        0.04524720832705498,
        0.056651521474123,
        0.0462450347840786,
        0.04562525078654289,
        0.04699821025133133,
        0.05410303175449371,
        0.0457446314394474,
        0.04984188452363014,
        0.04812892526388168,
        0.04717705771327019,
        0.04810360074043274
    ],
    "val_mean_squared_error":[
        0.005854664836078882,
        0.004416054114699364,
        0.004552448634058237,
        0.004204964730888605,
        0.004038625862449408,
        0.007226516492664814,
        0.004296825733035803,
        0.003852460766211152,
        0.00394834578037262,
        0.0039724488742649555,
        0.003871964756399393,
        0.0037605823017656803,
        0.005079343449324369,
        0.003891433821991086,
        0.003803966799750924,
        0.004051015246659517,
        0.004933626856654882,
        0.003800848498940468,
        0.004234687890857458,
        0.004116815514862537,
        0.0039270734414458275,
        0.004090293776243925
    ]
}