{"Strategy Metrics": {"Daily Swing Trade Return": 38968.571775000004, "Buy & Hold Return": 1330.2646480000003, "Auto13($22000) Return": 77937.14355000004}, "Model Metrics": {"loss": 84470480.0, "mean_squared_error": 84470480.0, "mean_absolute_error": 9068.470703125, "accuracy": 0.09929078072309494, "cosine_similarity": 0.99827641248703}, "Class Metrics": {"f1_monark": 0.8703703703703703, "accuracy": 0.8715596330275229, "precision": 0.8867924528301887, "recall": 0.8545454545454545, "roc auc": 0.8717171717171717}}