{"Strategy Metrics": {"Daily Swing Trade Return": -183.99177000000012, "Buy & Hold Return": 96.69393099999999, "Auto13($22000) Return": -66.55453900001521}, "Model Metrics": {"loss": 1916.8720703125, "mean_squared_error": 1916.8720703125, "mean_absolute_error": 38.29602813720703, "accuracy": 0.09753645211458206, "cosine_similarity": 0.9993464350700378}, "Class Metrics": {"f1_monark": 0.4302827024436991, "accuracy": 0.4060939060939061, "precision": 0.43423597678916825, "recall": 0.4264007597340931, "roc auc": 0.40498120178485475}}