{
    "accuracy":[
        0.3226502239704132,
        0.31432974338531494,
        0.34514638781547546,
        0.3251155614852905,
        0.32295840978622437,
        0.33097073435783386,
        0.33281973004341125,
        0.33990755677223206,
        0.31525424122810364,
        0.3377503752708435,
        0.32942989468574524,
        0.3180277347564697,
        0.3325115442276001,
        0.3482280373573303,
        0.345762699842453,
        0.345762699842453,
        0.33744221925735474,
        0.3553158640861511,
        0.3423728942871094,
        0.35408321022987366,
        0.3359013795852661,
        0.35963019728660583,
        0.356548547744751,
        0.34884437918663025,
        0.3423728942871094,
        0.35254237055778503,
        0.33620956540107727,
        0.3482280373573303,
        0.33004623651504517,
        0.33990755677223206,
        0.35685670375823975,
        0.33004623651504517,
        0.3633281886577606,
        0.3411402106285095,
        0.33744221925735474,
        0.345762699842453
    ],
    "cosine_similarity":[
        0.9552194476127625,
        0.9462530016899109,
        0.9529356956481934,
        0.9475651979446411,
        0.954116702079773,
        0.9548873901367188,
        0.9600842595100403,
        0.9620149731636047,
        0.9700778126716614,
        0.9678057432174683,
        0.9658846259117126,
        0.9715224504470825,
        0.9697734117507935,
        0.9599377512931824,
        0.9733890295028687,
        0.9715284109115601,
        0.9691163897514343,
        0.9715465307235718,
        0.972050666809082,
        0.9656229615211487,
        0.9736301302909851,
        0.9719576239585876,
        0.9698395729064941,
        0.9719815254211426,
        0.9722433686256409,
        0.9756687879562378,
        0.9753981232643127,
        0.9802192449569702,
        0.9762421250343323,
        0.9710683226585388,
        0.9814633131027222,
        0.980495035648346,
        0.979255735874176,
        0.9797088503837585,
        0.9790254235267639,
        0.9791252613067627
    ],
    "loss":[
        0.0031365223694592714,
        0.0017964502330869436,
        0.0014742705971002579,
        0.0013725657481700182,
        0.0011703521013259888,
        0.0011544829467311502,
        0.0010552534367889166,
        0.001022498938255012,
        0.0010200905380770564,
        0.0009605833911336958,
        0.0009622974321246147,
        0.0008731179987080395,
        0.0009090216481126845,
        0.0008489297470077872,
        0.000814548518974334,
        0.0008313982980325818,
        0.0009002461447380483,
        0.0007943989476189017,
        0.0007793236873112619,
        0.0008171970839612186,
        0.0007790690287947655,
        0.0008078913087956607,
        0.0007802272448316216,
        0.0008096248493529856,
        0.0007519966457039118,
        0.0007801401079632342,
        0.0007503675296902657,
        0.0007289220229722559,
        0.0007354809204116464,
        0.0007289068889804184,
        0.0007177838706411421,
        0.0007316018454730511,
        0.0007136521744541824,
        0.0007101667579263449,
        0.000704973004758358,
        0.0006800740957260132
    ],
    "mean_absolute_error":[
        0.03668785095214844,
        0.02949259616434574,
        0.0271929819136858,
        0.02623911201953888,
        0.02450539730489254,
        0.024232950061559677,
        0.023075036704540253,
        0.022733597084879875,
        0.022652722895145416,
        0.022356467321515083,
        0.022081691771745682,
        0.021346572786569595,
        0.02145136520266533,
        0.021103203296661377,
        0.020292110741138458,
        0.020775118842720985,
        0.02105097658932209,
        0.020513560622930527,
        0.019863368943333626,
        0.020314529538154602,
        0.019790494814515114,
        0.02009641006588936,
        0.01959996670484543,
        0.020313600078225136,
        0.019339077174663544,
        0.019665027037262917,
        0.019199565052986145,
        0.019125528633594513,
        0.019271984696388245,
        0.019061347469687462,
        0.019022725522518158,
        0.01888541504740715,
        0.01887069083750248,
        0.018857182934880257,
        0.018874244764447212,
        0.018495388329029083
    ],
    "mean_squared_error":[
        0.0031365223694592714,
        0.0017964502330869436,
        0.0014742705971002579,
        0.0013725657481700182,
        0.0011703521013259888,
        0.0011544829467311502,
        0.0010552534367889166,
        0.001022498938255012,
        0.0010200905380770564,
        0.0009605833911336958,
        0.0009622974321246147,
        0.0008731179987080395,
        0.0009090216481126845,
        0.0008489297470077872,
        0.000814548518974334,
        0.0008313982980325818,
        0.0009002461447380483,
        0.0007943989476189017,
        0.0007793236873112619,
        0.0008171970839612186,
        0.0007790690287947655,
        0.0008078913087956607,
        0.0007802272448316216,
        0.0008096248493529856,
        0.0007519966457039118,
        0.0007801401079632342,
        0.0007503675296902657,
        0.0007289220229722559,
        0.0007354809204116464,
        0.0007289068889804184,
        0.0007177838706411421,
        0.0007316018454730511,
        0.0007136521744541824,
        0.0007101667579263449,
        0.000704973004758358,
        0.0006800740957260132
    ],
    "val_accuracy":[
        0.28694581985473633,
        0.37068966031074524,
        0.24753694236278534,
        0.29556649923324585,
        0.29064038395881653,
        0.24753694236278534,
        0.35591134428977966,
        0.36206895112991333,
        0.3608374297618866,
        0.3362068831920624,
        0.3288177251815796,
        0.3608374297618866,
        0.39162561297416687,
        0.3645320236682892,
        0.3485221564769745,
        0.3608374297618866,
        0.39162561297416687,
        0.39039409160614014,
        0.30295565724372864,
        0.3054187297821045,
        0.31896552443504333,
        0.37931033968925476,
        0.3928571343421936,
        0.3657635450363159,
        0.29187193512916565,
        0.3288177251815796,
        0.3362068831920624,
        0.37068966031074524,
        0.39162561297416687,
        0.2573891580104828,
        0.35837438702583313,
        0.3362068831920624,
        0.39408865571022034,
        0.34236451983451843,
        0.24753694236278534,
        0.2697044312953949
    ],
    "val_cosine_similarity":[
        0.9987930655479431,
        0.9989719986915588,
        0.9897446632385254,
        0.9988875985145569,
        0.9978586435317993,
        0.9991414546966553,
        0.9990952014923096,
        0.9989623427391052,
        0.9991711378097534,
        0.9991866946220398,
        0.9992321729660034,
        0.9992290139198303,
        0.9992164373397827,
        0.9980980157852173,
        0.9991196393966675,
        0.9971063137054443,
        0.9992216229438782,
        0.967271625995636,
        0.9991973638534546,
        0.9992190003395081,
        0.9991483688354492,
        0.9892544150352478,
        0.9992217421531677,
        0.9990691542625427,
        0.9992232322692871,
        0.999137818813324,
        0.999174952507019,
        0.9991502165794373,
        0.9992356300354004,
        0.9663359522819519,
        0.9932773113250732,
        0.9992254376411438,
        0.9990763664245605,
        0.9992157816886902,
        0.9162347912788391,
        0.9991733431816101
    ],