{"Strategy Metrics": {"Daily Swing Trade Return": 266.2125109999999, "Buy & Hold Return": 63.747501000000014, "Auto13($22000) Return": 10795.31141300001}, "Model Metrics": {"loss": 4712.0087890625, "mean_squared_error": 4712.0087890625, "mean_absolute_error": 64.96865844726562, "accuracy": 0.11296296119689941, "cosine_proximity": 0.999765932559967}, "Class Metrics": {"f1_monark": 0.8043818466353678, "accuracy": 0.7702205882352942, "precision": 0.7626112759643917, "recall": 0.8509933774834437, "roc auc": 0.7602074325433748}}