{
    "accuracy":[
        0.08117389678955078,
        0.0796128660440445,
        0.08226662874221802,
        0.08788635581731796,
        0.0835154578089714,
        0.08039338141679764,
        0.08632531762123108,
        0.09085232764482498,
        0.08492038398981094,
        0.07914455235004425,
        0.09491102397441864,
        0.08819856494665146,
        0.08741804212331772,
        0.0883546695113182,
        0.08648142218589783,
        0.08819856494665146,
        0.08882297575473785,
        0.08335935324430466,
        0.08757414668798447,
        0.08523259311914444,
        0.09584764391183853
    ],
    "cosine_similarity":[
        0.6932999491691589,
        0.7239930629730225,
        0.7401254773139954,
        0.7680761814117432,
        0.7551285624504089,
        0.76493901014328,
        0.7646052837371826,
        0.7845295667648315,
        0.776432454586029,
        0.773391842842102,
        0.7896099090576172,
        0.7911747097969055,
        0.791537344455719,
        0.8008602857589722,
        0.7967522740364075,
        0.8037633895874023,
        0.8052747845649719,
        0.80466228723526,
        0.8155152201652527,
        0.8128442764282227,
        0.8140586614608765
    ],
    "loss":[
        4.87727411382366e-05,
        1.6218727978412062e-05,
        1.2510345186456107e-05,
        8.74687702889787e-06,
        9.940178642864339e-06,
        8.40783104649745e-06,
        8.001711648830678e-06,
        7.920661118987482e-06,
        7.664722943445668e-06,
        7.119749625417171e-06,
        6.907556326041231e-06,
        7.061183623591205e-06,
        6.8015333454241045e-06,
        6.268368906603428e-06,
        6.630154985032277e-06,
        5.993873401166638e-06,
        5.997555035719415e-06,
        6.045374448149232e-06,
        6.039216259523528e-06,
        5.73395755054662e-06,
        5.809364665765315e-06
    ],
    "mean_absolute_error":[
        0.0034614778123795986,
        0.0022502169013023376,
        0.0020555625669658184,
        0.001802051323466003,
        0.001853531808592379,
        0.001783155370503664,
        0.0017267270013689995,
        0.001670238794758916,
        0.0016635250067338347,
        0.0016498022014275193,
        0.0015762068796902895,
        0.0015906906919553876,
        0.0015658063348382711,
        0.0015022446168586612,
        0.0015435502864420414,
        0.0014990699710324407,
        0.0015017768600955606,
        0.001511082169599831,
        0.0014922304544597864,
        0.001449600444175303,
        0.0014503269921988249
    ],
    "mean_squared_error":[
        4.87727411382366e-05,
        1.6218727978412062e-05,
        1.2510345186456107e-05,
        8.74687702889787e-06,
        9.940178642864339e-06,
        8.40783104649745e-06,
        8.001711648830678e-06,
        7.920661118987482e-06,
        7.664722943445668e-06,
        7.119749625417171e-06,
        6.907556326041231e-06,
        7.061183623591205e-06,
        6.8015333454241045e-06,
        6.268368906603428e-06,
        6.630154985032277e-06,
        5.993873401166638e-06,
        5.997555035719415e-06,
        6.045374448149232e-06,
        6.039216259523528e-06,
        5.73395755054662e-06,
        5.809364665765315e-06
    ],
    "val_accuracy":[
        0.05118601769208908,
        0.06054931506514549,
        0.054931335151195526,
        0.06803995370864868,
        0.06367041170597076,
        0.06304619461297989,
        0.17353308200836182,
        0.051810238510370255,
        0.08052434772253036,
        0.11423221230506897,
        0.08114856481552124,
        0.0530586764216423,
        0.12172284722328186,
        0.16541822254657745,
        0.04993757978081703,
        0.06429462879896164,
        0.07053682953119278,
        0.08739075809717178,
        0.127965047955513,
        0.08239700645208359,
        0.09550561755895615
    ],
    "val_cosine_similarity":[
        0.9553816914558411,
        0.9502139091491699,
        0.9750762581825256,
        0.9610406756401062,
        0.6695768237113953,
        0.9887069463729858,
        0.9959059357643127,
        0.9292619824409485,
        0.8675646185874939,
        0.713630735874176,
        0.9667449593544006,
        0.880403995513916,
        0.9739183187484741,
        0.8260331749916077,
        0.991926908493042,
        0.9880642294883728,
        0.6782445311546326,
        0.8180384039878845,
        0.9563072323799133,
        0.9514190554618835,
        0.9307379722595215
    ],
    "val_loss":[
        9.07242520042928e-06,
        5.128709744894877e-06,
        8.57743634696817e-06,
        4.134947630518582e-06,
        6.862341706437292e-06,
        4.36112941315514e-06,
        1.3625071005662903e-05,
        3.823938186542364e-06,
        3.763733730011154e-06,
        1.681337016634643e-05,
        3.7506856642721687e-06,
        3.805579353866051e-06,
        8.381295629078522e-06,
        4.201167939754669e-06,
        6.7680366555578075e-06,
        1.443791279598372e-05,
        4.860310127696721e-06,
        1.1496220395201817e-05,
        3.7810377762070857e-06,
        4.010192242276389e-06,
        5.993265403958503e-06
    ],
    "val_mean_absolute_error":[
        0.001226206193678081,
        0.0010075063910335302,
        0.0021443478763103485,
        0.0009920329321175814,
        0.0014964971924200654,
        0.0010433003772050142,
        0.0029551887419074774,
        0.0008846006239764392,
        0.0008896038634702563,
        0.002212032675743103,
        0.0007906112587079406,
        0.0008872069302015007,
        0.002284327521920204,
        0.0010096934856846929,
        0.002098435303196311,
        0.0027508027851581573,
        0.0013984459219500422,
        0.001416179584339261,
        0.001032187370583415,
        0.0009852552320808172,
        0.001063984353095293
    ],
    "val_mean_squared_error":[
        9.07242520042928e-06,
        5.128709744894877e-06,
        8.57743634696817e-06,
        4.134947630518582e-06,
        6.862341706437292e-06,
        4.36112941315514e-06,
        1.3625071005662903e-05,
        3.823938186542364e-06,
        3.763733730011154e-06,
        1.681337016634643e-05,
        3.7506856642721687e-06,
        3.805579353866051e-06,
        8.381295629078522e-06,
        4.201167939754669e-06,
        6.7680366555578075e-06,
        1.443791279598372e-05,
        4.860310127696721e-06,
        1.1496220395201817e-05,
        3.7810377762070857e-06,
        4.010192242276389e-06,
        5.993265403958503e-06
    ]
}