{"Strategy Metrics": {"Daily Swing Trade Return": 421.86003299999993, "Buy & Hold Return": -27.870002, "Auto13($22000) Return": 12948.290578999993}, "Model Metrics": {"loss": 17433.634765625, "mean_squared_error": 17433.634765625, "mean_absolute_error": 131.57272338867188, "accuracy": 0.2648148238658905, "cosine_proximity": 0.9996923208236694}, "Class Metrics": {"f1_monark": 0.9140893470790378, "accuracy": 0.9080882352941176, "precision": 0.9078498293515358, "recall": 0.9204152249134948, "roc auc": 0.9072664359861591}}