{"Strategy Metrics": {"Daily Swing Trade Return": 123.80959999999997, "Buy & Hold Return": -6.804230999999999}, "Model Metrics": {"loss": 421.19061279296875, "mean_squared_error": 421.19061279296875, "mean_absolute_error": 19.311084747314453, "accuracy": 0.0448642261326313, "cosine_similarity": 0.9994019269943237}, "Class Metrics": {"f1_monark": 0.6384338793447862, "accuracy": 0.6456538762725137, "precision": 0.6316205533596838, "recall": 0.6453957996768982, "roc auc": 0.6456462281059263}}