{"Strategy Metrics": {"Daily Swing Trade Return": 16.922499999999996, "Buy & Hold Return": 3.100000000000001, "Auto13($22000) Return": 22859.246000000006}, "Model Metrics": {"loss": 9.163154602050781, "mean_squared_error": 9.163154602050781, "mean_absolute_error": 2.9266345500946045, "accuracy": 0.14629629254341125, "cosine_proximity": 0.9849171042442322}, "Class Metrics": {"f1_monark": 0.8516377649325626, "accuracy": 0.8584558823529411, "precision": 0.8154981549815498, "recall": 0.8911290322580645, "roc auc": 0.8611050566695728}}