{"Strategy Metrics": {"Daily Swing Trade Return": 504.5900159999999, "Buy & Hold Return": 93.91999900000002, "Auto13($22000) Return": 5883.180122000009}, "Model Metrics": {"loss": 38066.8125, "mean_squared_error": 38066.8125, "mean_absolute_error": 191.713134765625, "accuracy": 0.192592591047287, "cosine_proximity": 0.9997519254684448}, "Class Metrics": {"f1_monark": 0.701639344262295, "accuracy": 0.6654411764705882, "precision": 0.6666666666666666, "recall": 0.740484429065744, "roc auc": 0.6604382929642445}}