{"Strategy Metrics": {"Daily Swing Trade Return": 6759.459591999994, "Buy & Hold Return": 1296.0100099999997, "Auto13($22000) Return": 15746.869383000005}, "Model Metrics": {"loss": 5184720.0, "mean_squared_error": 5184720.0, "mean_absolute_error": 2213.27490234375, "accuracy": 0.0760563388466835, "cosine_similarity": 0.9989097714424133}, "Class Metrics": {"f1_monark": 0.9319899244332494, "accuracy": 0.9266304347826086, "precision": 0.9390862944162437, "recall": 0.925, "roc auc": 0.9267857142857143}}