{"Strategy Metrics": {"Daily Swing Trade Return": 53877.29442399999, "Buy & Hold Return": 9192.542725000001, "Auto13($22000) Return": 107376.75388700016}, "Model Metrics": {"loss": 75110496.0, "mean_squared_error": 75110496.0, "mean_absolute_error": 8336.9521484375, "accuracy": 0.1524105817079544, "cosine_proximity": 0.9993590712547302}, "Class Metrics": {"f1_monark": 0.7678832116788321, "accuracy": 0.7542503863987635, "precision": 0.7735294117647059, "recall": 0.7623188405797101, "roc auc": 0.7536759765812457}}