{"Strategy Metrics": {"Daily Swing Trade Return": 94.62999999999998, "Buy & Hold Return": -0.07000000000000206, "Auto13($22000) Return": 40167.059999999954}, "Model Metrics": {"loss": 135.43907165527344, "mean_squared_error": 135.43907165527344, "mean_absolute_error": 11.4821138381958, "accuracy": 0.07330415397882462, "cosine_proximity": 0.9992066621780396}, "Class Metrics": {"f1_monark": 0.8613138686131386, "accuracy": 0.8565264293419633, "precision": 0.8622129436325678, "recall": 0.8604166666666667, "roc auc": 0.8563828299776286}}