{"Strategy Metrics": {"Daily Swing Trade Return": 33351.11816000003, "Buy & Hold Return": 1330.2646480000003, "Auto13($22000) Return": 66702.23632000004}, "Model Metrics": {"loss": 84471200.0, "mean_squared_error": 84471200.0, "mean_absolute_error": 9068.5087890625, "accuracy": 0.12765957415103912, "cosine_similarity": 0.9964367747306824}, "Class Metrics": {"f1_monark": 0.766355140186916, "accuracy": 0.7706422018348624, "precision": 0.7884615384615384, "recall": 0.7454545454545455, "roc auc": 0.7708754208754209}}