{"Strategy Metrics": {"Daily Swing Trade Return": 290.5100120000001, "Buy & Hold Return": -20.269995999999992, "Auto13($22000) Return": 7895.86063499999}, "Model Metrics": {"loss": 17195.302734375, "mean_squared_error": 17195.302734375, "mean_absolute_error": 130.6780548095703, "accuracy": 0.12957745790481567, "cosine_similarity": 0.9977308511734009}, "Class Metrics": {"f1_monark": 0.8730158730158729, "accuracy": 0.8695652173913043, "precision": 0.8870967741935484, "recall": 0.859375, "roc auc": 0.8700284090909091}}