{
    "accuracy":[
        0.19884590804576874,
        0.20742358267307281,
        0.20290081202983856,
        0.19853399693965912,
        0.19868995249271393,
        0.2108546495437622,
        0.19946974515914917,
        0.20056144893169403,
        0.2106986939907074,
        0.20617592334747314,
        0.20399251580238342,
        0.21334996819496155,
        0.1963505893945694,
        0.20757953822612762,
        0.21740487217903137,
        0.20929507911205292,
        0.21116656064987183,
        0.20679974555969238,
        0.21912039816379547,
        0.21038676798343658,
        0.21506550908088684,
        0.21896444261074066,
        0.21132251620292664,
        0.21662507951259613,
        0.20477230846881866,
        0.21272613108158112,
        0.21023081243038177,
        0.19759824872016907,
        0.20508421957492828,
        0.20789144933223724,
        0.2141297608613968,
        0.2216157168149948,
        0.21038676798343658,
        0.21865253150463104,
        0.2105427384376526,
        0.21756082773208618,
        0.2124142199754715,
        0.22005614638328552,
        0.21023081243038177,
        0.2141297608613968,
        0.2141297608613968,
        0.2195882648229599,
        0.2122582644224167,
        0.20820337533950806,
        0.21163444221019745,
        0.2160012423992157,
        0.21381783485412598,
        0.21459762752056122,
        0.21880848705768585,
        0.21522146463394165,
        0.21350592374801636,
        0.21116656064987183,
        0.22286337614059448,
        0.2194323092699051,
        0.21272613108158112,
        0.21880848705768585
    ],
    "cosine_similarity":[
        0.7193828225135803,
        0.7231559753417969,
        0.7247058749198914,
        0.7444145679473877,
        0.7464702129364014,
        0.7485106587409973,
        0.7765178084373474,
        0.7762289047241211,
        0.776107907295227,
        0.7734318375587463,
        0.7659686803817749,
        0.7814815044403076,
        0.8014476299285889,
        0.7931006550788879,
        0.8065398931503296,
        0.7927989363670349,
        0.7936677932739258,
        0.7983499765396118,
        0.8090760111808777,
        0.8174610137939453,
        0.8126327395439148,
        0.7902765274047852,
        0.8131592273712158,
        0.8157309889793396,
        0.7946286201477051,
        0.8178824186325073,
        0.8240675926208496,
        0.825064480304718,
        0.8210858702659607,
        0.828965961933136,
        0.8122515678405762,
        0.8172418475151062,
        0.841081440448761,
        0.8214061260223389,
        0.8158965110778809,
        0.8290104866027832,
        0.8280961513519287,
        0.8308066725730896,
        0.8369532227516174,
        0.82872074842453,
        0.8449575901031494,
        0.8342924118041992,
        0.8405948877334595,
        0.8450292348861694,
        0.841594398021698,
        0.8363561630249023,
        0.819254994392395,
        0.832502007484436,
        0.8387881517410278,
        0.8423915505409241,
        0.8436248302459717,
        0.8444796204566956,
        0.8407468199729919,
        0.8530553579330444,
        0.8584990501403809,
        0.8362236022949219
    ],
    "loss":[
        3.005282997037284e-05,
        1.0211011613137089e-05,
        1.0276565262756776e-05,
        7.798576007189695e-06,
        8.915924809116405e-06,
        7.161419944168301e-06,
        7.013655704213306e-06,
        6.721448698954191e-06,
        5.9932517615379766e-06,
        6.215435860212892e-06,
        6.769668289052788e-06,
        5.659891485265689e-06,
        4.934997377858963e-06,
        5.130815225129481e-06,
        5.797598532808479e-06,
        5.51103767065797e-06,
        4.943403382640099e-06,
        5.020171101932647e-06,
        4.7642679419368505e-06,
        4.610592441167682e-06,
        4.773437012772774e-06,
        4.722345693153329e-06,
        4.399646059027873e-06,
        4.6731606744288e-06,
        4.876559160038596e-06,
        4.2736323848657776e-06,
        4.271174475434236e-06,
        3.7431600503623486e-06,
        4.390597041492583e-06,
        3.665369376903982e-06,
        4.383743544167373e-06,
        4.4345433707349e-06,
        3.930662387574557e-06,
        3.7817210341017926e-06,
        4.157296643825248e-06,
        3.8362677514669485e-06,
        3.7124243590369588e-06,
        4.076441200595582e-06,
        3.751824579012464e-06,
        4.047738912049681e-06,
        3.4873246477218345e-06,
        3.5637997370940866e-06,
        3.4237780255352845e-06,
        3.47387936017185e-06,
        4.032781816931674e-06,
        3.863066467602039e-06,
        3.998175998276565e-06,
        3.989449396613054e-06,
        3.427264573474531e-06,
        3.536273425197578e-06,
        3.4545646485639736e-06,
        3.3391850138286827e-06,
        3.739292424143059e-06,
        3.102929667875287e-06,
        3.4246004361193627e-06,
        3.7104805414855946e-06
    ],
    "mean_absolute_error":[
        0.002785107120871544,
        0.002015045378357172,
        0.002016474027186632,
        0.001783962594345212,
        0.001859234063886106,
        0.0017050276510417461,
        0.0016327735502272844,
        0.0016443677013739944,
        0.0015769063029438257,
        0.0015898320125415921,
        0.0016294356901198626,
        0.0015140548348426819,
        0.0013908268883824348,
        0.0014257539296522737,
        0.0014570208732038736,
        0.0014659840380772948,
        0.0014047707663848996,
        0.0013959165662527084,
        0.00136341224424541,
        0.001324871787801385,
        0.0013655464863404632,
        0.0014162894804030657,
        0.0013311863876879215,
        0.0013336590491235256,
        0.0014225122286006808,
        0.0012982320040464401,
        0.0012862333096563816,
        0.0012248047860339284,
        0.0012877521803602576,
        0.0012095336569473147,
        0.001326108700595796,
        0.0013182841939851642,
        0.001231196103617549,
        0.0012348645832389593,
        0.0012795751681551337,
        0.001219959813170135,
        0.0012050810037180781,
        0.0012273603351786733,
        0.0012111689429730177,
        0.0012445502215996385,
        0.0011609717039391398,
        0.0011673368280753493,
        0.0011432415340095758,
        0.0011524140136316419,
        0.0012146861990913749,
        0.0012155304430052638,
        0.0012493605026975274,
        0.0012490497902035713,
        0.0011465126881375909,
        0.001162331085652113,
        0.0011513521894812584,
        0.0011542942374944687,
        0.0011985364835709333,
        0.0011081064585596323,
        0.0011204268084838986,
        0.001193740637972951
    ],