{"Strategy Metrics": {"Daily Swing Trade Return": 387.55963700000007, "Buy & Hold Return": 96.69393099999999, "Auto13($22000) Return": 35056.68872099999}, "Model Metrics": {"loss": 1936.5771484375, "mean_squared_error": 1936.5771484375, "mean_absolute_error": 38.38832092285156, "accuracy": 0.151075541973114, "cosine_similarity": 0.9996799230575562}, "Class Metrics": {"f1_monark": 0.762482501166589, "accuracy": 0.7457542457542458, "precision": 0.7495412844036697, "recall": 0.7758784425451092, "roc auc": 0.7441036048341984}}