{"Strategy Metrics": {"Daily Swing Trade Return": -0.1049999999999951, "Buy & Hold Return": 0.07500000000000107, "Auto13($22000) Return": -15.804999999993015}, "Model Metrics": {"loss": 114.22029113769531, "mean_squared_error": 114.22029113769531, "mean_absolute_error": 10.684914588928223, "accuracy": 0.7333333492279053, "cosine_similarity": 0.900266706943512}, "Class Metrics": {"f1_monark": 0.46153846153846156, "accuracy": 0.6276595744680851, "precision": 0.40540540540540543, "recall": 0.5357142857142857, "roc auc": 0.6011904761904763}}