{"Strategy Metrics": {"Daily Swing Trade Return": -11.27800000000002, "Buy & Hold Return": -25.310000000000002, "Auto13($22000) Return": -104.75800000000163}, "Model Metrics": {"loss": 189838.65625, "mean_squared_error": 189838.65625, "mean_absolute_error": 435.5953063964844, "accuracy": 0.9636363387107849, "cosine_similarity": 0.8536030054092407}, "Class Metrics": {"f1_monark": 0.5283018867924529, "accuracy": 0.6323529411764706, "precision": 0.5833333333333334, "recall": 0.4827586206896552, "roc auc": 0.6131741821396994}}