{"Strategy Metrics": {"Daily Swing Trade Return": 117.35999699999998, "Buy & Hold Return": -4.6499999999999995, "Auto13($22000) Return": 80481.998893}, "Model Metrics": {"loss": 145.5956573486328, "mean_squared_error": 145.5956573486328, "mean_absolute_error": 11.686056137084961, "accuracy": 0.15794768929481506, "cosine_similarity": 0.9983053803443909}, "Class Metrics": {"f1_monark": 0.9252243270189432, "accuracy": 0.9255213505461768, "precision": 0.9298597194388778, "recall": 0.9206349206349206, "roc auc": 0.9255262078323708}}