{"Strategy Metrics": {"Daily Swing Trade Return": 268.1917969999999, "Buy & Hold Return": 96.69393099999999, "Auto13($22000) Return": 15108.52507000001}, "Model Metrics": {"loss": 1904.992431640625, "mean_squared_error": 1904.992431640625, "mean_absolute_error": 38.20590591430664, "accuracy": 0.05429864302277565, "cosine_similarity": 0.9996123909950256}, "Class Metrics": {"f1_monark": 0.6693657219973009, "accuracy": 0.6328671328671329, "precision": 0.6358974358974359, "recall": 0.7065527065527065, "roc auc": 0.6288295671857315}}