{"Strategy Metrics": {"Daily Swing Trade Return": 89.73999399999995, "Buy & Hold Return": -3.459999999999998, "Auto13($22000) Return": 28838.357237999997}, "Model Metrics": {"loss": 144.8018798828125, "mean_squared_error": 144.8018798828125, "mean_absolute_error": 11.653877258300781, "accuracy": 0.2747035622596741, "cosine_proximity": 0.9997430443763733}, "Class Metrics": {"f1_monark": 0.7617187499999999, "accuracy": 0.7591312931885489, "precision": 0.7572815533980582, "recall": 0.7662082514734774, "roc auc": 0.7590961892288022}}