{"Strategy Metrics": {"Daily Swing Trade Return": 178.41753499999987, "Buy & Hold Return": 114.11714499999998, "Auto13($22000) Return": 32897.49910799998}, "Model Metrics": {"loss": 1349.26318359375, "mean_squared_error": 1349.26318359375, "mean_absolute_error": 29.472305297851562, "accuracy": 0.20100334286689758, "cosine_similarity": 0.9997891783714294}, "Class Metrics": {"f1_monark": 0.6843213963286188, "accuracy": 0.6496325985303941, "precision": 0.6579861111111112, "recall": 0.7128526645768025, "roc auc": 0.6452040306443698}}