{"Strategy Metrics": {"Daily Swing Trade Return": 181.99036799999982, "Buy & Hold Return": -6.669615000000001}, "Model Metrics": {"loss": 421.24603271484375, "mean_squared_error": 421.24603271484375, "mean_absolute_error": 19.31617546081543, "accuracy": 0.07078254222869873, "cosine_similarity": 0.99949711561203}, "Class Metrics": {"f1_monark": 0.755134281200632, "accuracy": 0.7574334898278561, "precision": 0.7393658159319412, "recall": 0.7715899919289749, "roc auc": 0.7578527028741306}}