{"Strategy Metrics": {"Daily Swing Trade Return": 160.25268599999984, "Buy & Hold Return": -7.227307000000008, "Auto13($22000) Return": 31870.685801999905}, "Model Metrics": {"loss": 421.3525390625, "mean_squared_error": 421.3525390625, "mean_absolute_error": 19.316186904907227, "accuracy": 0.06424911320209503, "cosine_proximity": 0.9995036125183105}, "Class Metrics": {"f1_monark": 0.698804780876494, "accuracy": 0.7035294117647058, "precision": 0.6883830455259027, "recall": 0.709546925566343, "roc auc": 0.703708013772517}}