{"Strategy Metrics": {"Daily Swing Trade Return": 94.45, "Buy & Hold Return": -0.2500000000000018, "Auto13($22000) Return": 42888.21000000007}, "Model Metrics": {"loss": 135.33059692382812, "mean_squared_error": 135.33059692382812, "mean_absolute_error": 11.47909927368164, "accuracy": 0.23351351916790009, "cosine_similarity": 0.999721109867096}, "Class Metrics": {"f1_monark": 0.8595213319458896, "accuracy": 0.8545258620689655, "precision": 0.8586278586278586, "recall": 0.8604166666666667, "roc auc": 0.8543154761904762}}