{"Strategy Metrics": {"Daily Swing Trade Return": 514.1700139999994, "Buy & Hold Return": 28.195, "Auto13($22000) Return": 107570.52102300012}, "Model Metrics": {"loss": 1369.4136962890625, "mean_squared_error": 1369.4136962890625, "mean_absolute_error": 35.80268096923828, "accuracy": 0.22120419144630432, "cosine_similarity": 0.9999328255653381}, "Class Metrics": {"f1_monark": 0.8749686795289402, "accuracy": 0.8695083682008368, "precision": 0.8647845468053492, "recall": 0.8853955375253549, "roc auc": 0.8689936650909712}}