{"Strategy Metrics": {"Daily Swing Trade Return": 33319.76123100004, "Buy & Hold Return": 1048.1904300000006, "Auto13($22000) Return": 66639.52246200002}, "Model Metrics": {"loss": 86224240.0, "mean_squared_error": 86224240.0, "mean_absolute_error": 9158.408203125, "accuracy": 0.2766439914703369, "cosine_similarity": 0.9996960759162903}, "Class Metrics": {"f1_monark": 0.7562642369020501, "accuracy": 0.7579185520361991, "precision": 0.7685185185185185, "recall": 0.7443946188340808, "roc auc": 0.7580420582754879}}