{"Strategy Metrics": {"Daily Swing Trade Return": 474.6210709999998, "Buy & Hold Return": 95.93857399999999, "Auto13($22000) Return": 42221.824537999964}, "Model Metrics": {"loss": 1934.6842041015625, "mean_squared_error": 1934.6842041015625, "mean_absolute_error": 38.35198211669922, "accuracy": 0.3404785692691803, "cosine_similarity": 0.9999210238456726}, "Class Metrics": {"f1_monark": 0.7788331071913162, "accuracy": 0.7563527653213752, "precision": 0.7448096885813149, "recall": 0.8161137440758294, "roc auc": 0.7531198972479988}}