{"Strategy Metrics": {"Daily Swing Trade Return": 660.2100049999997, "Buy & Hold Return": 77.78999400000004, "Auto13($22000) Return": 13618.969273999995}, "Model Metrics": {"loss": 44027.24609375, "mean_squared_error": 44027.24609375, "mean_absolute_error": 207.42251586914062, "accuracy": 0.09014084190130234, "cosine_similarity": 0.999241292476654}, "Class Metrics": {"f1_monark": 0.9203980099502488, "accuracy": 0.9130434782608695, "precision": 0.9296482412060302, "recall": 0.9113300492610837, "roc auc": 0.9132407822062995}}