{"Strategy Metrics": {"Daily Swing Trade Return": 333.7100119999999, "Buy & Hold Return": 96.248573, "Auto13($22000) Return": 23401.608561000023}, "Model Metrics": {"loss": 1938.9232177734375, "mean_squared_error": 1938.9232177734375, "mean_absolute_error": 38.390159606933594, "accuracy": 0.35860347747802734, "cosine_similarity": 0.9999290704727173}, "Class Metrics": {"f1_monark": 0.7229879946642952, "accuracy": 0.689431704885344, "precision": 0.6809045226130653, "recall": 0.7706161137440758, "roc auc": 0.6849925994587888}}