{
    "accuracy":[
        0.06287828087806702,
        0.06388702243566513,
        0.07162071019411087,
        0.07330194860696793,
        0.07195696234703064,
        0.08338937163352966,
        0.07330194860696793,
        0.07397444546222687,
        0.0712844654917717,
        0.07229320704936981,
        0.08103564381599426,
        0.0736382007598877,
        0.07969065010547638,
        0.07464694231748581,
        0.07094822078943253,
        0.07666442543268204,
        0.07868190854787827,
        0.06926698237657547,
        0.07767316699028015,
        0.07868190854787827,
        0.09414929151535034,
        0.07531943172216415,
        0.07330194860696793,
        0.08002690225839615,
        0.08305312693119049,
        0.0864156037569046,
        0.08271688222885132,
        0.08338937163352966,
        0.08271688222885132,
        0.08776059001684189,
        0.08708809316158295,
        0.09515803307294846,
        0.08540686219930649,
        0.093476802110672,
        0.08540686219930649,
        0.09683927148580551,
        0.08675184845924377,
        0.08607935160398483,
        0.1062542051076889,
        0.0817081406712532,
        0.08944182842969894,
        0.09045056998729706,
        0.08944182842969894,
        0.09852050989866257,
        0.09448554366827011,
        0.09683927148580551,
        0.09045056998729706,
        0.08574310690164566,
        0.09549428522586823
    ],
    "cosine_similarity":[
        0.9551847577095032,
        0.9681994318962097,
        0.9578783512115479,
        0.9519732594490051,
        0.9446710348129272,
        0.9434013962745667,
        0.9396706819534302,
        0.9380180239677429,
        0.9351224899291992,
        0.9394869208335876,
        0.9328204989433289,
        0.9336790442466736,
        0.9301846623420715,
        0.9272498488426208,
        0.933502197265625,
        0.9288084506988525,
        0.9268292188644409,
        0.9289556741714478,
        0.9245967268943787,
        0.9286025762557983,
        0.931698739528656,
        0.9315547347068787,
        0.9252306818962097,
        0.9333634972572327,
        0.9327962398529053,
        0.9228360652923584,
        0.9352719783782959,
        0.9324535131454468,
        0.9252468347549438,
        0.9261142015457153,
        0.9330737590789795,
        0.9356663227081299,
        0.9272134900093079,
        0.929364800453186,
        0.9441215395927429,
        0.9328811764717102,
        0.9348879456520081,
        0.9276138544082642,
        0.9327580332756042,
        0.9306085705757141,
        0.938077449798584,
        0.9366030693054199,
        0.9245816469192505,
        0.9347589015960693,
        0.9298482537269592,
        0.9395333528518677,
        0.9361686110496521,
        0.9330008029937744,
        0.9318649172782898
    ],
    "loss":[
        0.015513647347688675,
        0.004933912772685289,
        0.003697347128763795,
        0.0029050696175545454,
        0.002648326102644205,
        0.0024377540685236454,
        0.002321756910532713,
        0.0022282993886619806,
        0.0021508587524294853,
        0.0020238079596310854,
        0.0020561309065669775,
        0.0021457364782691,
        0.0019541969522833824,
        0.0019582880195230246,
        0.0018731544259935617,
        0.0019103246740996838,
        0.0018705063266679645,
        0.0018398771062493324,
        0.0018731941236183047,
        0.0017871896270662546,
        0.0018922470044344664,
        0.001769521040841937,
        0.0017354616429656744,
        0.001909586600959301,
        0.0017930478788912296,
        0.0018543805927038193,
        0.0018050252692773938,
        0.0017276332946494222,
        0.0018669598503038287,
        0.0017341523198410869,
        0.0017294317949563265,
        0.0017293497221544385,
        0.0017848435090854764,
        0.001757659949362278,
        0.0017354433657601476,
        0.0017769160913303494,
        0.0017843847163021564,
        0.0017822975059971213,
        0.001811412861570716,
        0.0017388390842825174,
        0.0017120942939072847,
        0.0017869557486847043,
        0.0016695203958079219,
        0.0018080435693264008,
        0.0017930007306858897,
        0.0017783454386517406,
        0.0018277273047715425,
        0.001738484832458198,
        0.0017413839232176542
    ],
    "mean_absolute_error":[
        0.07333490252494812,
        0.04563666135072708,
        0.03998392075300217,
        0.03586394339799881,
        0.03475627303123474,
        0.03359266370534897,
        0.03306077793240547,
        0.032775815576314926,
        0.031946491450071335,
        0.03162536025047302,
        0.031914908438920975,
        0.03248537704348564,
        0.03146497905254364,
        0.0314473919570446,
        0.030850959941744804,
        0.0312751829624176,
        0.030844226479530334,
        0.030473897233605385,
        0.031159428879618645,
        0.030459824949502945,
        0.031072190031409264,
        0.030115144327282906,
        0.030242616310715675,
        0.0311567485332489,
        0.03051084838807583,
        0.031159931793808937,
        0.030773362144827843,
        0.0300805252045393,
        0.030965019017457962,
        0.029939740896224976,
        0.0297679603099823,
        0.029923925176262856,
        0.030310602858662605,
        0.03040105104446411,
        0.02949807420372963,
        0.030312562361359596,
        0.03003823198378086,
        0.030252652242779732,
        0.030652018263936043,
        0.029824133962392807,
        0.02940858155488968,
        0.030314425006508827,
        0.029417701065540314,
        0.03066718950867653,
        0.029987063258886337,
        0.030201219022274017,
        0.03054167702794075,
        0.02989635430276394,
        0.02980033867061138
    ],
    "mean_squared_error":[
        0.015513647347688675,
        0.004933912772685289,
        0.003697347128763795,
        0.0029050696175545454,
        0.002648326102644205,
        0.0024377540685236454,
        0.002321756910532713,
        0.0022282993886619806,
        0.0021508587524294853,
        0.0020238079596310854,
        0.0020561309065669775,
        0.0021457364782691,
        0.0019541969522833824,
        0.0019582880195230246,
        0.0018731544259935617,
        0.0019103246740996838,
        0.0018705063266679645,
        0.0018398771062493324,
        0.0018731941236183047,
        0.0017871896270662546,
        0.0018922470044344664,
        0.001769521040841937,
        0.0017354616429656744,
        0.001909586600959301,
        0.0017930478788912296,
        0.0018543805927038193,
        0.0018050252692773938,
        0.0017276332946494222,
        0.0018669598503038287,
        0.0017341523198410869,
        0.0017294317949563265,
        0.0017293497221544385,
        0.0017848435090854764,
        0.001757659949362278,
        0.0017354433657601476,
        0.0017769160913303494,
        0.0017843847163021564,
        0.0017822975059971213,
        0.001811412861570716,
        0.0017388390842825174,
        0.0017120942939072847,
        0.0017869557486847043,
        0.0016695203958079219,
        0.0018080435693264008,
        0.0017930007306858897,
        0.0017783454386517406,
        0.0018277273047715425,
        0.001738484832458198,
        0.0017413839232176542
    ],