{"Strategy Metrics": {"Daily Swing Trade Return": 15477.873044000005, "Buy & Hold Return": 911.875, "Auto13($22000) Return": 30955.746088000014}, "Model Metrics": {"loss": 85213272.0, "mean_squared_error": 85213272.0, "mean_absolute_error": 9107.5302734375, "accuracy": 0.07407407462596893, "cosine_proximity": 0.9988949298858643}, "Class Metrics": {"f1_monark": 0.574660633484163, "accuracy": 0.5727272727272728, "precision": 0.5772727272727273, "recall": 0.5720720720720721, "roc auc": 0.5727332837424581}}