{"Strategy Metrics": {"Daily Swing Trade Return": 40.97000200000001, "Buy & Hold Return": -26.409998999999992, "Auto13($22000) Return": 12589.180282000008}, "Model Metrics": {"loss": 211.2397003173828, "mean_squared_error": 211.2397003173828, "mean_absolute_error": 13.041532516479492, "accuracy": 0.2764706015586853, "cosine_similarity": 0.9959332346916199}, "Class Metrics": {"f1_monark": 0.8, "accuracy": 0.815028901734104, "precision": 0.7901234567901234, "recall": 0.810126582278481, "roc auc": 0.8146377592243468}}