{"Strategy Metrics": {"Daily Swing Trade Return": 21972.05029000003, "Buy & Hold Return": 1330.2646480000003, "Auto13($22000) Return": 43944.10058000006}, "Model Metrics": {"loss": 84470280.0, "mean_squared_error": 84470280.0, "mean_absolute_error": 9068.4541015625, "accuracy": 0.07565011829137802, "cosine_similarity": 0.9973145723342896}, "Class Metrics": {"f1_monark": 0.6285714285714286, "accuracy": 0.6422018348623854, "precision": 0.66, "recall": 0.6, "roc auc": 0.6425925925925926}}