{
    "accuracy":[
        0.3349416255950928,
        0.32964980602264404,
        0.3399221897125244,
        0.33447471261024475,
        0.3310505747795105,
        0.3517509698867798,
        0.3445914387702942,
        0.34568092226982117,
        0.3386770486831665,
        0.3505058288574219,
        0.3399221897125244,
        0.3537743091583252,
        0.3478599190711975,
        0.35128405690193176,
        0.3519066274166107,
        0.34645915031433105,
        0.3438132405281067,
        0.33805447816848755,
        0.33758753538131714,
        0.3447470963001251,
        0.33961090445518494,
        0.3517509698867798,
        0.35035020112991333
    ],
    "cosine_similarity":[
        0.5284734964370728,
        0.5532429814338684,
        0.5706802606582642,
        0.5841934680938721,
        0.5997536778450012,
        0.6109439730644226,
        0.637855589389801,
        0.633640706539154,
        0.6365665793418884,
        0.6540719270706177,
        0.662456750869751,
        0.6538683176040649,
        0.6522746682167053,
        0.687164306640625,
        0.6704466342926025,
        0.669025182723999,
        0.6848496198654175,
        0.6895760893821716,
        0.6724966764450073,
        0.7040097713470459,
        0.691973090171814,
        0.6813225150108337,
        0.6973059773445129
    ],
    "loss":[
        0.00011118282418465242,
        6.813510117353871e-05,
        5.098741894471459e-05,
        3.8673395465593785e-05,
        3.6695419112220407e-05,
        2.9608601835207082e-05,
        2.6797622922458686e-05,
        2.443051380396355e-05,
        2.714187758101616e-05,
        2.3592829165863805e-05,
        2.3062495529302396e-05,
        2.4086921257548966e-05,
        2.2719710614182986e-05,
        1.9914017684641294e-05,
        2.1331565221771598e-05,
        2.049794238700997e-05,
        1.8758442820399068e-05,
        1.718253770377487e-05,
        1.730508120090235e-05,
        1.5418656403198838e-05,
        1.729923314996995e-05,
        1.8292948880116455e-05,
        1.6857638911460526e-05
    ],
    "mean_absolute_error":[
        0.006794249638915062,
        0.005355081055313349,
        0.0047067916020751,
        0.004039293620735407,
        0.003788885660469532,
        0.0035409112460911274,
        0.003248373745009303,
        0.0031783953309059143,
        0.0032274965196847916,
        0.003095287596806884,
        0.003009671112522483,
        0.003059874288737774,
        0.003037848975509405,
        0.0027827168814837933,
        0.0028857386205345392,
        0.002858720486983657,
        0.002739702584221959,
        0.002652133349329233,
        0.0027093361131846905,
        0.002486338373273611,
        0.0026386540848761797,
        0.002652532886713743,
        0.002566843293607235
    ],
    "mean_squared_error":[
        0.00011118282418465242,
        6.813510117353871e-05,
        5.098741894471459e-05,
        3.8673395465593785e-05,
        3.6695419112220407e-05,
        2.9608601835207082e-05,
        2.6797622922458686e-05,
        2.443051380396355e-05,
        2.714187758101616e-05,
        2.3592829165863805e-05,
        2.3062495529302396e-05,
        2.4086921257548966e-05,
        2.2719710614182986e-05,
        1.9914017684641294e-05,
        2.1331565221771598e-05,
        2.049794238700997e-05,
        1.8758442820399068e-05,
        1.718253770377487e-05,
        1.730508120090235e-05,
        1.5418656403198838e-05,
        1.729923314996995e-05,
        1.8292948880116455e-05,
        1.6857638911460526e-05
    ],
    "val_accuracy":[
        0.3795892894268036,
        0.39327940344810486,
        0.39825761318206787,
        0.3795892894268036,
        0.38332295417785645,
        0.39141255617141724,
        0.22962041199207306,
        0.22713130712509155,
        0.4019912779331207,
        0.2937150001525879,
        0.39327940344810486,
        0.233976349234581,
        0.2675793468952179,
        0.3714996874332428,
        0.36714375019073486,
        0.39327940344810486,
        0.3609209656715393,
        0.3795892894268036,
        0.37834474444389343,
        0.3771001994609833,
        0.39327940344810486,
        0.39327940344810486,
        0.39327940344810486
    ],
    "val_cosine_similarity":[
        0.900235652923584,
        0.9982755184173584,
        0.994804859161377,
        0.2425645887851715,
        -0.47808894515037537,
        0.9986006617546082,
        0.3475799858570099,
        0.9987398982048035,
        0.29135584831237793,
        0.9956286549568176,
        0.9390935897827148,
        0.9979562759399414,
        0.9980347156524658,
        0.9992061257362366,
        0.369622141122818,
        0.6071009635925293,
        0.9993105530738831,
        0.9206955432891846,
        0.9988536834716797,
        0.3675742447376251,
        0.998066246509552,
        0.9952893853187561,
        0.9969900846481323
    ],
    "val_loss":[
        0.0001344045449513942,
        4.297776467865333e-05,
        4.5795750338584185e-06,
        1.313105440203799e-05,
        8.080508268903941e-05,
        3.838030170300044e-05,
        1.5941597666824237e-05,
        9.72949419519864e-06,
        6.692632268823218e-06,
        3.537701559253037e-06,
        4.392812570586102e-06,
        1.9313629309181124e-06,
        1.8395704728391138e-06,
        2.91410724457819e-05,
        4.142235411563888e-05,
        4.987530246580718e-06,
        6.428399956348585e-06,
        3.600181798901758e-06,
        3.7554968912445474e-06,
        5.781969321105862e-06,
        7.514066965086386e-06,
        4.889163392363116e-06,
        4.078004167240579e-06
    ],
    "val_mean_absolute_error":[
        0.005184043198823929,
        0.00557655468583107,
        0.001507097389549017,
        0.00277279713191092,
        0.008643481880426407,
        0.0030098070856183767,
        0.0028297733515501022,
        0.0025549607817083597,
        0.002309788018465042,
        0.0012380448170006275,
        0.001199466409161687,
        0.0008586004842072725,
        0.0009429040364921093,
        0.002282818080857396,
        0.0033102836459875107,
        0.0015238412888720632,
        0.001818452961742878,
        0.0009497884311713278,
        0.0016927464166656137,
        0.001968958880752325,
        0.0020784528460353613,
        0.0016158248763531446,
        0.0017198090208694339
    ],
    "val_mean_squared_error":[
        0.0001344045449513942,
        4.297776467865333e-05,
        4.5795750338584185e-06,
        1.313105440203799e-05,
        8.080508268903941e-05,
        3.838030170300044e-05,
        1.5941597666824237e-05,
        9.72949419519864e-06,
        6.692632268823218e-06,
        3.537701559253037e-06,
        4.392812570586102e-06,
        1.9313629309181124e-06,
        1.8395704728391138e-06,
        2.91410724457819e-05,
        4.142235411563888e-05,
        4.987530246580718e-06,
        6.428399956348585e-06,
        3.600181798901758e-06,
        3.7554968912445474e-06,
        5.781969321105862e-06,
        7.514066965086386e-06,
        4.889163392363116e-06,
        4.078004167240579e-06
    ]
}