{
    "accuracy":[
        0.1973772644996643,
        0.1973772644996643,
        0.19838601350784302,
        0.2054472118616104,
        0.20948217809200287,
        0.19334229826927185,
        0.21082717180252075,
        0.21082717180252075,
        0.20477470755577087,
        0.2162071317434311,
        0.21351714432239532,
        0.21351714432239532,
        0.21418964862823486,
        0.2360457330942154,
        0.22125084698200226,
        0.23335574567317963,
        0.2091459333896637,
        0.2347007393836975,
        0.22999326884746552,
        0.21788837015628815,
        0.22831203043460846,
        0.2336919903755188,
        0.2138533890247345,
        0.22629454731941223,
        0.2347007393836975,
        0.2114996612071991,
        0.22158709168434143,
        0.21923334896564484,
        0.2195696085691452,
        0.2195696085691452,
        0.2347007393836975,
        0.21687962114810944,
        0.21990585327148438,
        0.2185608595609665,
        0.22461330890655518,
        0.22999326884746552,
        0.21788837015628815,
        0.21519838273525238,
        0.23974445462226868,
        0.23066577315330505,
        0.23201076686382294,
        0.22024209797382355,
        0.22024209797382355,
        0.22461330890655518,
        0.22225958108901978,
        0.2323470115661621,
        0.2370544672012329,
        0.22360457479953766,
        0.22965702414512634,
        0.23537322878837585,
        0.22225958108901978,
        0.22461330890655518,
        0.21687962114810944,
        0.22461330890655518,
        0.22730329632759094,
        0.22259582579135895,
        0.21217216551303864
    ],
    "cosine_similarity":[
        0.9565044641494751,
        0.9346900582313538,
        0.9225171804428101,
        0.9270384311676025,
        0.9196957349777222,
        0.919691801071167,
        0.9256377816200256,
        0.9277024269104004,
        0.9229452013969421,
        0.9296807050704956,
        0.9372763633728027,
        0.9285932183265686,
        0.9283580780029297,
        0.9209449887275696,
        0.928516149520874,
        0.9212443828582764,
        0.9306092262268066,
        0.9328351616859436,
        0.9308379888534546,
        0.9227097630500793,
        0.9274888634681702,
        0.9308390617370605,
        0.9237244725227356,
        0.9353137612342834,
        0.9360636472702026,
        0.9298619627952576,
        0.9266868233680725,
        0.9319117069244385,
        0.937576949596405,
        0.9297751188278198,
        0.9291083216667175,
        0.9295094609260559,
        0.9430155158042908,
        0.9368898272514343,
        0.9300693273544312,
        0.9395841956138611,
        0.9333267211914062,
        0.9380951523780823,
        0.9370047450065613,
        0.9391114711761475,
        0.9345172643661499,
        0.9320359826087952,
        0.9335870146751404,
        0.9325352311134338,
        0.937044084072113,
        0.9327560663223267,
        0.9309921264648438,
        0.9383156895637512,
        0.9320247173309326,
        0.9354615807533264,
        0.9272143244743347,
        0.9286310076713562,
        0.9301967024803162,
        0.9393669366836548,
        0.9401748180389404,
        0.9340152740478516,
        0.9405394196510315
    ],
    "loss":[
        0.007241992279887199,
        0.0028150281868875027,
        0.0022439269814640284,
        0.001986046088859439,
        0.0018277415074408054,
        0.0017247842624783516,
        0.001704625552520156,
        0.0016154504846781492,
        0.0016546256374567747,
        0.0015966276405379176,
        0.0015821902779862285,
        0.001471071969717741,
        0.0015695493202656507,
        0.0016051300335675478,
        0.0015824787551537156,
        0.0016531499568372965,
        0.0015379441902041435,
        0.0014939630636945367,
        0.0015271593583747745,
        0.0014700903557240963,
        0.0015889088390395045,
        0.0014627609634771943,
        0.0015294558834284544,
        0.0014131549978628755,
        0.0014864158583804965,
        0.0014350027777254581,
        0.001491276896558702,
        0.0014155658427625895,
        0.0013847168302163482,
        0.0014580687275156379,
        0.0013931026915088296,
        0.0014162901788949966,
        0.001378903747536242,
        0.0014072003541514277,
        0.001523922779597342,
        0.0014465999556705356,
        0.0013512116856873035,
        0.0014694265555590391,
        0.0014376894105225801,
        0.0014290270628407598,
        0.001348972786217928,
        0.0014967911411076784,
        0.001364645198918879,
        0.0013914681039750576,
        0.0014990752097219229,
        0.001432139310054481,
        0.00135939777828753,
        0.0013659931719303131,
        0.0014265259960666299,
        0.0013609974412247539,
        0.001426553470082581,
        0.0014395553153008223,
        0.0014232995454221964,
        0.0013753734529018402,
        0.0014096862869337201,
        0.0013953378656879067,
        0.0014645725023001432
    ],
    "mean_absolute_error":[
        0.052241209894418716,
        0.036185890436172485,
        0.03362443670630455,
        0.03202592954039574,
        0.031269993633031845,
        0.030471598729491234,
        0.03007417358458042,
        0.02943238988518715,
        0.029751280322670937,
        0.029330644756555557,
        0.02948610670864582,
        0.02815484069287777,
        0.028989415615797043,
        0.029256679117679596,
        0.028881624341011047,
        0.029600821435451508,
        0.028727926313877106,
        0.028360888361930847,
        0.027990352362394333,
        0.028293535113334656,
        0.028623409569263458,
        0.027973279356956482,
        0.028649259358644485,
        0.0270993709564209,
        0.02789766900241375,
        0.027845162898302078,
        0.027866581454873085,
        0.02740100398659706,
        0.027214588597416878,
        0.027821088209748268,
        0.027120476588606834,
        0.027293287217617035,
        0.026968728750944138,
        0.027116121724247932,
        0.02844855561852455,
        0.02758614905178547,
        0.027008935809135437,
        0.02732299081981182,
        0.02782580815255642,
        0.02744310349225998,
        0.02661663293838501,
        0.028239283710718155,
        0.02723369002342224,
        0.02718343585729599,
        0.027972564101219177,
        0.027331532910466194,
        0.026927124708890915,
        0.026646114885807037,
        0.027329914271831512,
        0.027083242312073708,
        0.027042947709560394,
        0.027512487024068832,
        0.027410155162215233,
        0.027096882462501526,
        0.027408476918935776,
        0.026919230818748474,
        0.027628513053059578
    ],