{"Strategy Metrics": {"Daily Swing Trade Return": 173.30345599999984, "Buy & Hold Return": -7.227307000000008, "Auto13($22000) Return": 39631.645121999936}, "Model Metrics": {"loss": 421.48944091796875, "mean_squared_error": 421.48944091796875, "mean_absolute_error": 19.318666458129883, "accuracy": 0.06109578162431717, "cosine_similarity": 0.9994999766349792}, "Class Metrics": {"f1_monark": 0.7194877951180473, "accuracy": 0.7250980392156863, "precision": 0.7117973079968329, "recall": 0.7273462783171522, "roc auc": 0.7251647677734925}}