{"Strategy Metrics": {"Daily Swing Trade Return": 99.36000000000004, "Buy & Hold Return": 1.5299999999999976, "Auto13($22000) Return": 51789.899999999965}, "Model Metrics": {"loss": 134.7674560546875, "mean_squared_error": 134.7674560546875, "mean_absolute_error": 11.45483112335205, "accuracy": 0.3819742500782013, "cosine_similarity": 0.999828040599823}, "Class Metrics": {"f1_monark": 0.8829015544041451, "accuracy": 0.8788853161843515, "precision": 0.8875, "recall": 0.8783505154639175, "roc auc": 0.8789074005891017}}