{
    "accuracy":[
        0.0828561782836914,
        0.07611990720033646,
        0.07477264851331711,
        0.07982485741376877,
        0.06803637742996216,
        0.0909397080540657,
        0.08790838718414307,
        0.08487706631422043,
        0.0710676982998848,
        0.08083529770374298,
        0.08150892704725266,
        0.0828561782836914,
        0.07847759872674942,
        0.08689794689416885,
        0.07443583756685257,
        0.07477264851331711,
        0.07746715843677521,
        0.07578308880329132,
        0.06399460881948471,
        0.08117210865020752,
        0.08925563842058182,
        0.09026608616113663,
        0.08622431755065918,
        0.08757157623767853,
        0.08083529770374298,
        0.07409902662038803,
        0.07780397683382034,
        0.08992926776409149,
        0.10340181738138199
    ],
    "cosine_similarity":[
        0.9834807515144348,
        0.9933732748031616,
        0.9939677119255066,
        0.9924312829971313,
        0.9911966919898987,
        0.9917336106300354,
        0.9929129481315613,
        0.9899822473526001,
        0.9924556612968445,
        0.9919442534446716,
        0.9934690594673157,
        0.9908427000045776,
        0.9907357096672058,
        0.9890073537826538,
        0.9894445538520813,
        0.9920101165771484,
        0.9909234046936035,
        0.9909553527832031,
        0.990558385848999,
        0.9879533052444458,
        0.989777684211731,
        0.9907544851303101,
        0.9905779957771301,
        0.9924624562263489,
        0.9885661005973816,
        0.9938908815383911,
        0.9889244437217712,
        0.9895716309547424,
        0.9907177090644836
    ],
    "loss":[
        0.005334494169801474,
        0.0017254117410629988,
        0.0015688601415604353,
        0.0014483415288850665,
        0.0014016460627317429,
        0.0013672035420313478,
        0.0012882571900263429,
        0.0012581044575199485,
        0.0012554873246699572,
        0.0012052383972331882,
        0.0011997891124337912,
        0.0011737754102796316,
        0.0011544821318238974,
        0.0011419019429013133,
        0.0011640683514997363,
        0.0011271017137914896,
        0.0011263469932600856,
        0.0011310838162899017,
        0.0011257115984335542,
        0.001120709115639329,
        0.001114324084483087,
        0.0011088700266554952,
        0.0010805003112182021,
        0.0011054466012865305,
        0.0011222014436498284,
        0.0010877919849008322,
        0.0010960882063955069,
        0.0011074580252170563,
        0.0010969495633617043
    ],
    "mean_absolute_error":[
        0.04005127772688866,
        0.028377795591950417,
        0.026627345010638237,
        0.025510551407933235,
        0.025230713188648224,
        0.024788033217191696,
        0.02388564869761467,
        0.023746520280838013,
        0.0236256942152977,
        0.02278863824903965,
        0.02300853282213211,
        0.022835848852992058,
        0.02255895361304283,
        0.02228371985256672,
        0.022550851106643677,
        0.02198077365756035,
        0.02215002104640007,
        0.02206430211663246,
        0.022112103179097176,
        0.02204757370054722,
        0.021987562999129295,
        0.021857421845197678,
        0.021627334877848625,
        0.021646535024046898,
        0.022088106721639633,
        0.02149912528693676,
        0.021928276866674423,
        0.021921781823039055,
        0.021696332842111588
    ],
    "mean_squared_error":[
        0.005334494169801474,
        0.0017254117410629988,
        0.0015688601415604353,
        0.0014483415288850665,
        0.0014016460627317429,
        0.0013672035420313478,
        0.0012882571900263429,
        0.0012581044575199485,
        0.0012554873246699572,
        0.0012052383972331882,
        0.0011997891124337912,
        0.0011737755266949534,
        0.0011544821318238974,
        0.0011419019429013133,
        0.0011640683514997363,
        0.0011271017137914896,
        0.0011263469932600856,
        0.0011310838162899017,
        0.0011257115984335542,
        0.001120709115639329,
        0.001114324084483087,
        0.0011088700266554952,
        0.001080500427633524,
        0.0011054466012865305,
        0.0011222014436498284,
        0.0010877919849008322,
        0.0010960882063955069,
        0.0011074579088017344,
        0.0010969495633617043
    ],
    "val_accuracy":[
        0.07402422279119492,
        0.05921938270330429,
        0.04576043039560318,
        0.12920592725276947,
        0.10228802263736725,
        0.10094212740659714,
        0.09017496556043625,
        0.07133243978023529,
        0.07671601325273514,
        0.10632570832967758,
        0.0955585464835167,
        0.053835801780223846,
        0.08075369894504547,
        0.06325706839561462,
        0.0363391637802124,
        0.07806190848350525,
        0.039030954241752625,
        0.07671601325273514,
        0.08075369894504547,
        0.052489906549453735,
        0.10094212740659714,
        0.10228802263736725,
        0.06998654454946518,
        0.07806190848350525,
        0.0363391637802124,
        0.06864064931869507,
        0.07402422279119492,
        0.1090174987912178,
        0.12651413679122925
    ],
    "val_cosine_similarity":[
        0.9940525889396667,
        0.9960170388221741,
        0.9946326017379761,
        0.9953234791755676,
        0.9934672713279724,
        0.995427131652832,
        0.9960811138153076,
        0.9944679141044617,
        0.9961045384407043,
        0.9956983923912048,
        0.9959943294525146,
        0.9963422417640686,
        0.9907000660896301,
        0.9943878054618835,
        0.9567999839782715,
        0.9961749315261841,
        0.9945554137229919,
        0.9957138299942017,
        0.996250569820404,
        0.995897114276886,
        0.9959585070610046,
        0.9961854815483093,
        0.993963360786438,
        0.9948784708976746,
        0.9903420805931091,
        0.9966009855270386,
        0.9957907795906067,
        0.9887117147445679,
        0.9957889318466187
    ],
    "val_loss":[
        0.0018438331317156553,
        0.001548080355860293,
        0.0015760349342599511,
        0.0017065402353182435,
        0.001382308080792427,
        0.0017405744874849916,
        0.0012558229500427842,
        0.0012360585387796164,
        0.0012008391786366701,
        0.0012400216655805707,
        0.0011786709073930979,
        0.0013109897263348103,
        0.0014029020676389337,
        0.001156094134785235,
        0.001154629047960043,
        0.0011140154674649239,
        0.001195893855765462,
        0.0017824479145929217,
        0.001092105871066451,
        0.0011015383061021566,
        0.0011012074537575245,
        0.0011660795425996184,
        0.0011462410911917686,
        0.001107477117329836,
        0.0012572403065860271,
        0.0011093886569142342,
        0.0011597805423662066,
        0.0011086274171248078,
        0.0011220338055863976
    ],
    "val_mean_absolute_error":[
        0.028981372714042664,
        0.02669018693268299,
        0.026861729100346565,
        0.028537118807435036,
        0.024381717666983604,
        0.027514392510056496,
        0.023863373324275017,
        0.022990422323346138,
        0.022746965289115906,
        0.02338578552007675,
        0.022993793711066246,
        0.024868499487638474,
        0.024287384003400803,
        0.0224823746830225,
        0.023160722106695175,
        0.02211718074977398,
        0.022792916744947433,
        0.028676848858594894,
        0.02124963141977787,
        0.02131168730556965,
        0.021904872730374336,
        0.02256481908261776,
        0.02252124436199665,
        0.021718213334679604,
        0.023637602105736732,
        0.022243112325668335,
        0.022250531241297722,
        0.02190229669213295,
        0.022090965881943703
    ],