{"Strategy Metrics": {"Daily Swing Trade Return": 258.2919139999997, "Buy & Hold Return": -6.804230999999999}, "Model Metrics": {"loss": 420.8841552734375, "mean_squared_error": 420.8841552734375, "mean_absolute_error": 19.305641174316406, "accuracy": 0.11176702380180359, "cosine_proximity": 0.9994713664054871}, "Class Metrics": {"f1_monark": 0.9803291850662386, "accuracy": 0.980814408770556, "precision": 0.9744612928970471, "recall": 0.9862681744749596, "roc auc": 0.9809760325262337}}