{"Strategy Metrics": {"Daily Swing Trade Return": 1260.8040400000007, "Buy & Hold Return": 371.8280019999999, "Auto13($22000) Return": 39815.90426100001}, "Model Metrics": {"loss": 26714.572265625, "mean_squared_error": 26714.572265625, "mean_absolute_error": 121.73951721191406, "accuracy": 0.12424849718809128, "cosine_similarity": 0.996372640132904}, "Class Metrics": {"f1_monark": 0.8402154398563735, "accuracy": 0.826171875, "precision": 0.8387096774193549, "recall": 0.841726618705036, "roc auc": 0.8247094631986718}}