{"Strategy Metrics": {"Daily Swing Trade Return": 305.5992759999999, "Buy & Hold Return": 96.69393099999999, "Auto13($22000) Return": 19702.823442000074}, "Model Metrics": {"loss": 1902.18310546875, "mean_squared_error": 1902.18310546875, "mean_absolute_error": 38.1801872253418, "accuracy": 0.08396179229021072, "cosine_similarity": 0.9996021389961243}, "Class Metrics": {"f1_monark": 0.6906151773686574, "accuracy": 0.6558441558441559, "precision": 0.6550255536626917, "recall": 0.7302943969610636, "roc auc": 0.6517646905774759}}