{
    "accuracy":[
        0.20573720335960388,
        0.21036396920681,
        0.23103022575378418,
        0.2085132598876953,
        0.20882171392440796,
        0.2149907499551773,
        0.2162245512008667,
        0.21869216859340668,
        0.20697100460529327,
        0.2350400984287262,
        0.22023442387580872,
        0.23288093507289886,
        0.20080196857452393,
        0.18723011016845703,
        0.2078963667154312,
        0.1921653300523758,
        0.19185687601566315,
        0.20419494807720184,
        0.21128933131694794,
        0.20141887664794922,
        0.21221467852592468,
        0.21344849467277527,
        0.22239358723163605,
        0.21036396920681,
        0.2085132598876953,
        0.21344849467277527,
        0.21067242324352264,
        0.21221467852592468,
        0.2220851331949234,
        0.21252313256263733,
        0.2291795164346695,
        0.22054287791252136,
        0.2285626083612442,
        0.2279457151889801,
        0.2032695859670639,
        0.23411475121974945,
        0.23072177171707153,
        0.22825416922569275,
        0.22671189904212952,
        0.22516964375972748,
        0.2338062971830368,
        0.21375693380832672,
        0.2402837723493576,
        0.22887106239795685,
        0.2156076431274414,
        0.22301048040390015,
        0.2279457151889801,
        0.2402837723493576,
        0.2273288071155548,
        0.22054287791252136,
        0.2356570065021515,
        0.20882171392440796,
        0.2356570065021515,
        0.21314004063606262,
        0.2304133176803589,
        0.23226404190063477,
        0.22486118972301483,
        0.22393584251403809,
        0.2233189344406128,
        0.21437384188175201,
        0.23133867979049683
    ],
    "cosine_similarity":[
        0.9566384553909302,
        0.9600529670715332,
        0.9465517997741699,
        0.9352823495864868,
        0.9365527033805847,
        0.9338845014572144,
        0.9248218536376953,
        0.9312007427215576,
        0.9319530725479126,
        0.9354901909828186,
        0.9374634623527527,
        0.9335756897926331,
        0.9329224228858948,
        0.9301959872245789,
        0.9456223845481873,
        0.9404668211936951,
        0.9437682032585144,
        0.9490258693695068,
        0.939143717288971,
        0.9389632344245911,
        0.9442191123962402,
        0.9357956051826477,
        0.9459755420684814,
        0.9404491186141968,
        0.9393212795257568,
        0.9485634565353394,
        0.9386847019195557,
        0.9481682181358337,
        0.9433307647705078,
        0.9363618493080139,
        0.9456039071083069,
        0.9414867758750916,
        0.947228729724884,
        0.9467921853065491,
        0.9422450065612793,
        0.9422518014907837,
        0.9434645175933838,
        0.9432452321052551,
        0.944926381111145,
        0.9410101175308228,
        0.9553499221801758,
        0.9381303191184998,
        0.949795126914978,
        0.9441972970962524,
        0.9402459263801575,
        0.9456867575645447,
        0.9501010775566101,
        0.9474568367004395,
        0.934506356716156,
        0.9498096704483032,
        0.9544274806976318,
        0.9437981843948364,
        0.9470731616020203,
        0.9412715435028076,
        0.947212815284729,
        0.9447472095489502,
        0.93885737657547,
        0.9481548070907593,
        0.9482613801956177,
        0.9408482909202576,
        0.9433993101119995
    ],
    "loss":[
        0.012131672352552414,
        0.004128302913159132,
        0.002928732894361019,
        0.002583789872005582,
        0.0025377150159329176,
        0.002312359632924199,
        0.0021628844551742077,
        0.002076167846098542,
        0.00204847427085042,
        0.001960361609235406,
        0.0018042060546576977,
        0.0018925589974969625,
        0.0018896876135841012,
        0.0018214569427073002,
        0.0016789704095572233,
        0.0018668852280825377,
        0.0016831699758768082,
        0.0017495480133220553,
        0.0017303259810432792,
        0.0016283087898045778,
        0.0016809504013508558,
        0.0016160401282832026,
        0.0017538154497742653,
        0.0016225524013862014,
        0.0015167761594057083,
        0.0016131000593304634,
        0.0015699468785896897,
        0.001541250036098063,
        0.0016014805296435952,
        0.001793479430489242,
        0.001591632142663002,
        0.0017080936813727021,
        0.001666432130150497,
        0.0015739946393296123,
        0.0016563334502279758,
        0.001551983063109219,
        0.0017073219642043114,
        0.0015326683642342687,
        0.0016838052542880177,
        0.0015294369077309966,
        0.001547311432659626,
        0.0015920292353257537,
        0.0016322057927027345,
        0.0016463428037241101,
        0.001612371183000505,
        0.0016436270670965314,
        0.0016655492363497615,
        0.0016112161101773381,
        0.0016502999933436513,
        0.0015624412335455418,
        0.001628885860554874,
        0.0017014523036777973,
        0.0016939496854320168,
        0.0016398592852056026,
        0.0015548748197034001,
        0.001518134493380785,
        0.0016336230328306556,
        0.0015971609391272068,
        0.001618719776161015,
        0.001683031558059156,
        0.001690711360424757
    ],
    "mean_absolute_error":[
        0.06241539865732193,
        0.039280228316783905,
        0.035671550780534744,
        0.03458479791879654,
        0.03339695557951927,
        0.032855529338121414,
        0.03212137520313263,
        0.03127925470471382,
        0.03109414502978325,
        0.030593721196055412,
        0.029830871149897575,
        0.030153343454003334,
        0.0299825482070446,
        0.029524901881814003,
        0.028300326317548752,
        0.029040897265076637,
        0.028224829584360123,
        0.02882101945579052,
        0.028559425845742226,
        0.027784936130046844,
        0.02877144142985344,
        0.027968691661953926,
        0.028424406424164772,
        0.02791850082576275,
        0.027476860210299492,
        0.02777659147977829,
        0.026932381093502045,
        0.02714350074529648,
        0.02788499929010868,
        0.02892930619418621,
        0.02734663337469101,
        0.02847892791032791,
        0.027758795768022537,
        0.02793809585273266,
        0.027629336342215538,
        0.027112098410725594,
        0.027634281665086746,
        0.02691652998328209,
        0.028164410963654518,
        0.0269953440874815,
        0.02697446569800377,
        0.027302335947752,
        0.02747189812362194,
        0.02762666344642639,
        0.02785966359078884,
        0.027763329446315765,
        0.02777300961315632,
        0.027467699721455574,
        0.02783709391951561,
        0.027122806757688522,
        0.027822470292448997,
        0.027847912162542343,
        0.02795315533876419,
        0.027555732056498528,
        0.026821764186024666,
        0.027200477197766304,
        0.027727078646421432,
        0.027132341638207436,
        0.027516420930624008,
        0.027867281809449196,
        0.027906669303774834
    ],