{"Strategy Metrics": {"Daily Swing Trade Return": 109.50999300000001, "Buy & Hold Return": -4.6499999999999995, "Auto13($22000) Return": 54678.447834000006}, "Model Metrics": {"loss": 145.68475341796875, "mean_squared_error": 145.68475341796875, "mean_absolute_error": 11.689817428588867, "accuracy": 0.10663983970880508, "cosine_similarity": 0.9982021450996399}, "Class Metrics": {"f1_monark": 0.8464566929133858, "accuracy": 0.8450844091360477, "precision": 0.83984375, "recall": 0.8531746031746031, "roc auc": 0.8450763671936635}}