{"Strategy Metrics": {"Daily Swing Trade Return": 1342.222062000001, "Buy & Hold Return": 370.56400299999996, "Auto13($22000) Return": 62204.820293999976}, "Model Metrics": {"loss": 26800.212890625, "mean_squared_error": 26800.212890625, "mean_absolute_error": 121.99211883544922, "accuracy": 0.06036217138171196, "cosine_similarity": 0.995827317237854}, "Class Metrics": {"f1_monark": 0.9766606822262119, "accuracy": 0.9745098039215686, "precision": 0.9714285714285714, "recall": 0.9819494584837545, "roc auc": 0.9738073472676283}}