{"Strategy Metrics": {"Daily Swing Trade Return": 155.8011529999998, "Buy & Hold Return": -7.323462000000001, "Auto13($22000) Return": 27488.953698999845}, "Model Metrics": {"loss": 418.78204345703125, "mean_squared_error": 418.78204345703125, "mean_absolute_error": 19.247358322143555, "accuracy": 0.38569754362106323, "cosine_similarity": 0.9998946785926819}, "Class Metrics": {"f1_monark": 0.6941689805632687, "accuracy": 0.698828125, "precision": 0.6825273010920437, "recall": 0.7062146892655368, "roc auc": 0.699057382482882}}