{"Strategy Metrics": {"Daily Swing Trade Return": -200.20677000000015, "Buy & Hold Return": 96.69393099999999, "Auto13($22000) Return": 7.594615999994858}, "Model Metrics": {"loss": 1915.7994384765625, "mean_squared_error": 1915.7994384765625, "mean_absolute_error": 38.283241271972656, "accuracy": 0.04927099123597145, "cosine_similarity": 0.9995073676109314}, "Class Metrics": {"f1_monark": 0.44030563514804205, "accuracy": 0.4145854145854146, "precision": 0.44284341978866476, "recall": 0.43779677113010446, "roc auc": 0.4133135594322809}}