{"Strategy Metrics": {"Daily Swing Trade Return": 35.42074500000011, "Buy & Hold Return": 96.69393099999999, "Auto13($22000) Return": 8121.508018999986}, "Model Metrics": {"loss": 1934.210693359375, "mean_squared_error": 1934.210693359375, "mean_absolute_error": 38.371517181396484, "accuracy": 0.3191595673561096, "cosine_proximity": 0.9998722672462463}, "Class Metrics": {"f1_monark": 0.6185567010309277, "accuracy": 0.5749250749250749, "precision": 0.5857385398981324, "recall": 0.6552706552706553, "roc auc": 0.5705225773718924}}