{"Strategy Metrics": {"Daily Swing Trade Return": 271.71997100000004, "Buy & Hold Return": 66.79500200000001, "Auto13($22000) Return": 14012.631015000006}, "Model Metrics": {"loss": 5837.30615234375, "mean_squared_error": 5837.30615234375, "mean_absolute_error": 73.2705307006836, "accuracy": 0.022535210475325584, "cosine_similarity": 0.9972876906394958}, "Class Metrics": {"f1_monark": 0.9302325581395349, "accuracy": 0.9184782608695652, "precision": 0.8810572687224669, "recall": 0.9852216748768473, "roc auc": 0.9107926556202419}}