{"Strategy Metrics": {"Daily Swing Trade Return": 79.21999999999998, "Buy & Hold Return": 1.4599999999999973, "Auto13($22000) Return": 24674.609999999993}, "Model Metrics": {"loss": 135.06222534179688, "mean_squared_error": 135.06222534179688, "mean_absolute_error": 11.468048095703125, "accuracy": 0.2766415476799011, "cosine_proximity": 0.9997173547744751}, "Class Metrics": {"f1_monark": 0.7798353909465021, "accuracy": 0.7703862660944206, "precision": 0.7766393442622951, "recall": 0.7830578512396694, "roc auc": 0.769877139905549}}