{
    "accuracy":[
        0.060334157198667526,
        0.07147277146577835,
        0.07487623393535614,
        0.07147277146577835,
        0.07240098714828491,
        0.07209158688783646,
        0.08477722853422165,
        0.08725247532129288,
        0.08941831439733505,
        0.09127475321292877,
        0.09808168560266495,
        0.09065593779087067,
        0.09189356118440628,
        0.08632425963878632,
        0.09220296889543533,
        0.08787129074335098,
        0.09900990128517151
    ],
    "cosine_similarity":[
        0.9498234987258911,
        0.9372513294219971,
        0.9386522173881531,
        0.9413061738014221,
        0.9477465748786926,
        0.9460178017616272,
        0.9497155547142029,
        0.9549188017845154,
        0.9536114931106567,
        0.9577836990356445,
        0.9626993536949158,
        0.9626399278640747,
        0.961932361125946,
        0.9694479703903198,
        0.9737564921379089,
        0.9673812985420227,
        0.9723108410835266
    ],
    "loss":[
        0.004440324380993843,
        0.0024991794489324093,
        0.0021051110234111547,
        0.0020874731708317995,
        0.0018939008004963398,
        0.0018642495851963758,
        0.0018263611709699035,
        0.0017813158920034766,
        0.0017655330011621118,
        0.0015885877655819058,
        0.0015705872792750597,
        0.001608100370503962,
        0.0016092624282464385,
        0.0015769745223224163,
        0.0014771546702831984,
        0.0015029615024104714,
        0.0015162505442276597
    ],
    "mean_absolute_error":[
        0.04285452514886856,
        0.03497074916958809,
        0.032519832253456116,
        0.03187897428870201,
        0.03043484129011631,
        0.030570324510335922,
        0.029989618808031082,
        0.029426060616970062,
        0.029436087235808372,
        0.028150150552392006,
        0.027972770854830742,
        0.028059016913175583,
        0.0279250331223011,
        0.027089806273579597,
        0.026946092024445534,
        0.0272947046905756,
        0.02701607719063759
    ],
    "mean_squared_error":[
        0.004440324380993843,
        0.0024991794489324093,
        0.0021051110234111547,
        0.0020874731708317995,
        0.0018939008004963398,
        0.0018642495851963758,
        0.0018263611709699035,
        0.0017813158920034766,
        0.0017655330011621118,
        0.0015885877655819058,
        0.0015705872792750597,
        0.001608100370503962,
        0.0016092624282464385,
        0.0015769745223224163,
        0.0014771546702831984,
        0.0015029615024104714,
        0.0015162505442276597
    ],
    "val_accuracy":[
        0.07292954623699188,
        0.07787391543388367,
        0.053152039647102356,
        0.0815822035074234,
        0.09888751804828644,
        0.08899876475334167,
        0.07169345021247864,
        0.053152039647102356,
        0.11495673656463623,
        0.08034610748291016,
        0.1112484559416771,
        0.05809641629457474,
        0.0976514220237732,
        0.059332508593797684,
        0.0704573541879654,
        0.10259579867124557,
        0.07663782685995102
    ],
    "val_cosine_similarity":[
        0.9951157569885254,
        0.993364691734314,
        0.9910207390785217,
        0.9947443604469299,
        0.9958661198616028,
        0.9955801367759705,
        0.9956352710723877,
        0.9958899617195129,
        0.9761528968811035,
        0.9958421587944031,
        0.9172083139419556,
        0.9958496689796448,
        0.9955459237098694,
        0.9946972727775574,
        0.9958916902542114,
        0.9610645771026611,
        0.9959304332733154
    ],
    "val_loss":[
        0.0011553970398381352,
        0.0010635025100782514,
        0.0013940008357167244,
        0.0009269666625186801,
        0.0022320363204926252,
        0.002068129600957036,
        0.0007827390800230205,
        0.0012840710114687681,
        0.0008647232898510993,
        0.0010448110988363624,
        0.0009691473096609116,
        0.0012492669047787786,
        0.000797595246694982,
        0.0009684204705990851,
        0.000813007412943989,
        0.0010727483313530684,
        0.0008410832961089909
    ],
    "val_mean_absolute_error":[
        0.022783268243074417,
        0.020275931805372238,
        0.02192930318415165,
        0.019029797986149788,
        0.03588420897722244,
        0.03066249191761017,
        0.017021527513861656,
        0.025143185630440712,
        0.02090529538691044,
        0.022250061854720116,
        0.02317068725824356,
        0.02239474467933178,
        0.018435342237353325,
        0.02016204409301281,
        0.018850335851311684,
        0.025504427030682564,
        0.01971251331269741
    ],
    "val_mean_squared_error":[
        0.0011553970398381352,
        0.0010635025100782514,
        0.0013940008357167244,
        0.0009269666625186801,
        0.0022320363204926252,
        0.002068129600957036,
        0.0007827390800230205,
        0.0012840710114687681,
        0.0008647232898510993,
        0.0010448110988363624,
        0.0009691473096609116,
        0.0012492669047787786,
        0.000797595246694982,
        0.0009684204705990851,
        0.000813007412943989,
        0.0010727483313530684,
        0.0008410832961089909
    ]
}