{"Strategy Metrics": {"Daily Swing Trade Return": 117.6799969999999, "Buy & Hold Return": -4.6499999999999995, "Auto13($22000) Return": 82421.28884700002}, "Model Metrics": {"loss": 145.53591918945312, "mean_squared_error": 145.53591918945312, "mean_absolute_error": 11.68391227722168, "accuracy": 0.07243460416793823, "cosine_similarity": 0.9982678294181824}, "Class Metrics": {"f1_monark": 0.9349112426035503, "accuracy": 0.9344587884806356, "precision": 0.9294117647058824, "recall": 0.9404761904761905, "roc auc": 0.9344528069677175}}