{"Strategy Metrics": {"Daily Swing Trade Return": 990.9759220000001, "Buy & Hold Return": 370.56400299999996, "Auto13($22000) Return": 21346.28610099999}, "Model Metrics": {"loss": 26783.70703125, "mean_squared_error": 26783.70703125, "mean_absolute_error": 121.96736145019531, "accuracy": 0.09255532920360565, "cosine_proximity": 0.9952868223190308}, "Class Metrics": {"f1_monark": 0.7569444444444443, "accuracy": 0.7254901960784313, "precision": 0.7290969899665551, "recall": 0.7870036101083032, "roc auc": 0.7196820625648813}}