{"Strategy Metrics": {"Daily Swing Trade Return": -220.42071600000014, "Buy & Hold Return": 98.120716, "Auto13($22000) Return": -938.6915820000468}, "Model Metrics": {"loss": 1917.38134765625, "mean_squared_error": 1917.38134765625, "mean_absolute_error": 38.30733871459961, "accuracy": 0.05947580561041832, "cosine_similarity": 0.9993767738342285}, "Class Metrics": {"f1_monark": 0.44876660341555985, "accuracy": 0.41812719078617927, "precision": 0.4474929044465468, "recall": 0.45004757373929594, "roc auc": 0.41635571075971145}}