{"Strategy Metrics": {"Daily Swing Trade Return": 81.58999999999997, "Buy & Hold Return": -0.2500000000000018, "Auto13($22000) Return": 26800.750000000007}, "Model Metrics": {"loss": 135.3340606689453, "mean_squared_error": 135.3340606689453, "mean_absolute_error": 11.477753639221191, "accuracy": 0.09836065769195557, "cosine_similarity": 0.9992275834083557}, "Class Metrics": {"f1_monark": 0.778705636743215, "accuracy": 0.771551724137931, "precision": 0.7803347280334728, "recall": 0.7770833333333333, "roc auc": 0.7713541666666667}}