{
    "accuracy":[
        0.10248635709285736,
        0.09338993579149246,
        0.10006064176559448,
        0.0855063647031784,
        0.10248635709285736,
        0.09581564366817474,
        0.09824135899543762,
        0.09642207622528076,
        0.09581564366817474,
        0.09824135899543762,
        0.09217707812786102,
        0.09702850133180618,
        0.08975136280059814,
        0.1127956360578537,
        0.09945421665906906,
        0.09278350323438644,
        0.10006064176559448,
        0.12007277458906174,
        0.11400848627090454,
        0.10855063796043396
    ],
    "cosine_similarity":[
        0.869764506816864,
        0.8488614559173584,
        0.8368018865585327,
        0.832329511642456,
        0.846667468547821,
        0.8456112742424011,
        0.8416745662689209,
        0.8456869125366211,
        0.8476430177688599,
        0.8412396907806396,
        0.846837043762207,
        0.8443661332130432,
        0.8557986617088318,
        0.8542845249176025,
        0.8462803959846497,
        0.8566246628761292,
        0.8503550291061401,
        0.8433003425598145,
        0.858112633228302,
        0.8564563989639282
    ],
    "loss":[
        0.0005562265287153423,
        0.00019971020810771734,
        0.00016865262296050787,
        0.00014455353084485978,
        0.00013349052460398525,
        0.00012687758135143667,
        0.0001293173263547942,
        0.00011040485696867108,
        0.00010383245535194874,
        0.00011460413224995136,
        0.00010234771616524085,
        0.00010696960089262575,
        9.64406062848866e-05,
        9.395922825206071e-05,
        9.754954953677952e-05,
        9.273402247345075e-05,
        0.00010342917812522501,
        0.0001022835640469566,
        9.110476821660995e-05,
        9.036720439326018e-05
    ],
    "mean_absolute_error":[
        0.016496116295456886,
        0.010821112431585789,
        0.010020282119512558,
        0.009376307018101215,
        0.008995621465146542,
        0.008762712590396404,
        0.008812475949525833,
        0.008113986812531948,
        0.007900213822722435,
        0.008296260610222816,
        0.007869081571698189,
        0.008081662468612194,
        0.007632950320839882,
        0.00753377890214324,
        0.007753415033221245,
        0.0074420105665922165,
        0.00781275425106287,
        0.007919286377727985,
        0.007304819766432047,
        0.007380565162748098
    ],
    "mean_squared_error":[
        0.0005562264705076814,
        0.00019971020810771734,
        0.00016865262296050787,
        0.00014455353084485978,
        0.00013349052460398525,
        0.00012687758135143667,
        0.0001293173263547942,
        0.00011040485696867108,
        0.00010383245535194874,
        0.00011460413224995136,
        0.00010234771616524085,
        0.00010696960089262575,
        9.64406062848866e-05,
        9.395922825206071e-05,
        9.754954953677952e-05,
        9.273402247345075e-05,
        0.00010342917812522501,
        0.0001022835640469566,
        9.110476821660995e-05,
        9.036720439326018e-05
    ],
    "val_accuracy":[
        0.1404358297586441,
        0.08474576473236084,
        0.07990314811468124,
        0.10653752833604813,
        0.1307506114244461,
        0.07506053149700165,
        0.1476997584104538,
        0.10169491171836853,
        0.08474576473236084,
        0.10411622375249863,
        0.20823244750499725,
        0.09443099051713943,
        0.09443099051713943,
        0.09927360713481903,
        0.09927360713481903,
        0.08474576473236084,
        0.1646489053964615,
        0.10411622375249863,
        0.1646489053964615,
        0.11138014495372772
    ],
    "val_cosine_similarity":[
        0.9860543608665466,
        0.9957881569862366,
        0.8470184206962585,
        0.996979296207428,
        0.9661963582038879,
        0.9968093037605286,
        0.957779586315155,
        0.9946421384811401,
        0.9928869009017944,
        0.9971601366996765,
        0.4794505834579468,
        0.9962821006774902,
        0.9052446484565735,
        0.9929363131523132,
        0.9960862994194031,
        0.8452762365341187,
        0.9962044954299927,
        0.9973669648170471,
        0.9968103766441345,
        0.9974498748779297
    ],
    "val_loss":[
        6.964131898712367e-05,
        5.044920544605702e-05,
        5.7269098761025816e-05,
        6.097621007938869e-05,
        4.6306544390972704e-05,
        4.7573506890330464e-05,
        5.677933222614229e-05,
        4.29719511885196e-05,
        5.09628516738303e-05,
        5.4557120165554807e-05,
        0.0001577430812176317,
        3.873682362609543e-05,
        4.038003316964023e-05,
        2.9842020012438297e-05,
        3.939612361136824e-05,
        5.6556786148576066e-05,
        4.788062869920395e-05,
        4.756855560117401e-05,
        3.81620557163842e-05,
        5.1772327424259856e-05
    ],
    "val_mean_absolute_error":[
        0.006566324271261692,
        0.005863350350409746,
        0.005822152364999056,
        0.006667298264801502,
        0.0047948407009243965,
        0.005706124939024448,
        0.005495574790984392,
        0.00533259566873312,
        0.00531538063660264,
        0.006302127614617348,
        0.01096387393772602,
        0.004943712614476681,
        0.004631649702787399,
        0.0036835288628935814,
        0.004422962665557861,
        0.005977187771350145,
        0.005083676893264055,
        0.005803712178021669,
        0.0049933078698813915,
        0.005844186991453171
    ],
    "val_mean_squared_error":[
        6.964131898712367e-05,
        5.044920544605702e-05,
        5.7269098761025816e-05,
        6.097621007938869e-05,
        4.6306544390972704e-05,
        4.7573506890330464e-05,
        5.677933222614229e-05,
        4.29719511885196e-05,
        5.09628516738303e-05,
        5.455712744151242e-05,
        0.0001577430812176317,
        3.873682362609543e-05,
        4.038003316964023e-05,
        2.9842020012438297e-05,
        3.939612361136824e-05,
        5.6556786148576066e-05,
        4.788062869920395e-05,
        4.756855560117401e-05,
        3.81620557163842e-05,
        5.1772327424259856e-05
    ]
}