{
    "accuracy":[
        0.19530677795410156,
        0.20471766591072083,
        0.20618431270122528,
        0.21058420836925507,
        0.20263993740081787,
        0.21425078809261322,
        0.22048398852348328,
        0.21437300741672516,
        0.20569543540477753,
        0.2081398218870163,
        0.21632853150367737,
        0.2160840928554535,
        0.2240283489227295,
        0.21058420836925507,
        0.21400634944438934,
        0.21253971755504608,
        0.2122952789068222,
        0.20728428661823273,
        0.20899535715579987,
        0.2097286731004715,
        0.20948423445224762,
        0.21828404068946838,
        0.2144952267408371,
        0.21913957595825195,
        0.2186506986618042,
        0.2138841301202774,
        0.21596187353134155,
        0.21156196296215057,
        0.22097286581993103,
        0.21755072474479675,
        0.22219505906105042,
        0.21425078809261322,
        0.2208506464958191,
        0.2113175243139267,
        0.2069176286458969,
        0.2081398218870163,
        0.21510633826255798,
        0.20361769199371338,
        0.21583965420722961,
        0.2208506464958191,
        0.2144952267408371,
        0.21877291798591614,
        0.22451722621917725,
        0.21669518947601318,
        0.21657297015190125,
        0.22292837500572205
    ],
    "cosine_similarity":[
        0.8160719275474548,
        0.7527474164962769,
        0.7673086524009705,
        0.7634375095367432,
        0.7703440189361572,
        0.764171838760376,
        0.7787002921104431,
        0.7808161973953247,
        0.778819739818573,
        0.7777062654495239,
        0.7773221135139465,
        0.7779811024665833,
        0.7857743501663208,
        0.7944496273994446,
        0.7845610976219177,
        0.7836245894432068,
        0.7867781519889832,
        0.7811899781227112,
        0.7766491174697876,
        0.7898404002189636,
        0.784713864326477,
        0.7834084033966064,
        0.7862560153007507,
        0.7828478813171387,
        0.7887148857116699,
        0.7920558452606201,
        0.7757373452186584,
        0.7851753830909729,
        0.7814299464225769,
        0.7716413736343384,
        0.7890654802322388,
        0.773560643196106,
        0.783336877822876,
        0.7769004106521606,
        0.784635066986084,
        0.7842052578926086,
        0.7800741195678711,
        0.7847114205360413,
        0.7839565277099609,
        0.7828060984611511,
        0.7825874090194702,
        0.7876980900764465,
        0.7837017178535461,
        0.7888766527175903,
        0.787844717502594,
        0.7792753577232361
    ],
    "loss":[
        0.0033756387419998646,
        0.001617209054529667,
        0.0013756072148680687,
        0.0013360159937292337,
        0.001347701414488256,
        0.0012984537752345204,
        0.001200188766233623,
        0.00127993558999151,
        0.0012275207554921508,
        0.0012066643685102463,
        0.0011469003511592746,
        0.001204168889671564,
        0.001139422063715756,
        0.001158505561761558,
        0.0011738803004845977,
        0.0011679517338052392,
        0.0011367837432771921,
        0.0011736024171113968,
        0.0011454776395112276,
        0.0011416444322094321,
        0.0011161724105477333,
        0.0011381714139133692,
        0.0010981090599671006,
        0.0011217010905966163,
        0.0010723285377025604,
        0.0011167798656970263,
        0.0011226065689697862,
        0.0011088746832683682,
        0.0011202837340533733,
        0.0010701374849304557,
        0.00110724032856524,
        0.0010941385990008712,
        0.001048070378601551,
        0.0011217599967494607,
        0.0010794650297611952,
        0.0010807150974869728,
        0.0010796126443892717,
        0.0010634376667439938,
        0.001003232435323298,
        0.0011202384484931827,
        0.0010699802078306675,
        0.001066539902240038,
        0.0010244003497064114,
        0.0010449817636981606,
        0.0010558515787124634,
        0.0010697201360017061
    ],
    "mean_absolute_error":[
        0.0339108370244503,
        0.027676250785589218,
        0.025918275117874146,
        0.025600314140319824,
        0.02569853886961937,
        0.025253625586628914,
        0.02442312240600586,
        0.02465726062655449,
        0.024505801498889923,
        0.024437209591269493,
        0.023689063265919685,
        0.02437857910990715,
        0.023297667503356934,
        0.023638185113668442,
        0.02371956780552864,
        0.02380349487066269,
        0.023227199912071228,
        0.024000022560358047,
        0.023712724447250366,
        0.023520736023783684,
        0.023434937000274658,
        0.023434098809957504,
        0.02312513254582882,
        0.023315249010920525,
        0.022731373086571693,
        0.023165060207247734,
        0.02339215576648712,
        0.023131120949983597,
        0.023279966786503792,
        0.02298077754676342,
        0.022852346301078796,
        0.022909395396709442,
        0.022409353405237198,
        0.02328658476471901,
        0.022943735122680664,
        0.02278229594230652,
        0.02280902862548828,
        0.02265399694442749,
        0.022184379398822784,
        0.0232910867780447,
        0.02295808307826519,
        0.022587807849049568,
        0.022285496816039085,
        0.02259090542793274,
        0.02265891060233116,
        0.02277861349284649
    ],
    "mean_squared_error":[
        0.0033756387419998646,
        0.001617209054529667,
        0.0013756072148680687,
        0.0013360159937292337,
        0.001347701414488256,
        0.0012984537752345204,
        0.001200188766233623,
        0.00127993558999151,
        0.0012275207554921508,
        0.0012066643685102463,
        0.0011469003511592746,
        0.001204168889671564,
        0.001139422063715756,
        0.001158505561761558,
        0.0011738803004845977,
        0.0011679517338052392,
        0.0011367837432771921,
        0.0011736024171113968,
        0.0011454776395112276,
        0.0011416444322094321,
        0.0011161724105477333,
        0.0011381714139133692,
        0.0010981090599671006,
        0.0011217010905966163,
        0.0010723285377025604,
        0.0011167798656970263,
        0.0011226065689697862,
        0.0011088746832683682,
        0.0011202837340533733,
        0.0010701374849304557,
        0.00110724032856524,
        0.0010941385990008712,
        0.001048070378601551,
        0.0011217599967494607,
        0.0010794650297611952,
        0.0010807150974869728,
        0.0010796126443892717,
        0.0010634376667439938,
        0.001003232435323298,
        0.0011202384484931827,
        0.0010699802078306675,
        0.001066539902240038,
        0.0010244003497064114,
        0.0010449817636981606,
        0.0010558515787124634,
        0.0010697201360017061
    ],