{"Strategy Metrics": {"Daily Swing Trade Return": 6.289999999999999, "Buy & Hold Return": -2.8150000000000004, "Auto13($22000) Return": 2079.939999999995}, "Model Metrics": {"loss": 176.37022399902344, "mean_squared_error": 176.37022399902344, "mean_absolute_error": 12.976396560668945, "accuracy": 0.07692307978868484, "cosine_similarity": 0.9458096623420715}, "Class Metrics": {"f1_monark": 0.6046511627906976, "accuracy": 0.5641025641025641, "precision": 0.5416666666666666, "recall": 0.6842105263157895, "roc auc": 0.5671052631578948}}