{"Strategy Metrics": {"Daily Swing Trade Return": 95.93999299999994, "Buy & Hold Return": -3.459999999999998, "Auto13($22000) Return": 31260.886976999944}, "Model Metrics": {"loss": 144.96868896484375, "mean_squared_error": 144.96868896484375, "mean_absolute_error": 11.661230087280273, "accuracy": 0.3745059370994568, "cosine_similarity": 0.9997337460517883}, "Class Metrics": {"f1_monark": 0.7937743190661479, "accuracy": 0.790720631786772, "precision": 0.7861271676300579, "recall": 0.8015717092337917, "roc auc": 0.7906668069978482}}