{"Strategy Metrics": {"Daily Swing Trade Return": 20.6, "Buy & Hold Return": -25.770000000000003, "Auto13($22000) Return": 5948.459974999994}, "Model Metrics": {"loss": 188.03863525390625, "mean_squared_error": 188.03863525390625, "mean_absolute_error": 12.565698623657227, "accuracy": 0.2514970004558563, "cosine_proximity": 0.9899795651435852}, "Class Metrics": {"f1_monark": 0.6459627329192547, "accuracy": 0.6647058823529411, "precision": 0.6190476190476191, "recall": 0.6753246753246753, "roc auc": 0.6656193269096495}}