{"Strategy Metrics": {"Daily Swing Trade Return": 31.46999999999999, "Buy & Hold Return": -23.78000200000001, "Auto13($22000) Return": 8706.400067999988}, "Model Metrics": {"loss": 152.30133056640625, "mean_squared_error": 152.30133056640625, "mean_absolute_error": 11.696680068969727, "accuracy": 0.16129031777381897, "cosine_proximity": 0.9028874635696411}, "Class Metrics": {"f1_monark": 0.7317073170731708, "accuracy": 0.7380952380952381, "precision": 0.6896551724137931, "recall": 0.7792207792207793, "roc auc": 0.7412587412587412}}