{"Strategy Metrics": {"Daily Swing Trade Return": 1229.9480430000003, "Buy & Hold Return": 370.56400299999996, "Auto13($22000) Return": 42711.99504199999}, "Model Metrics": {"loss": 26806.0390625, "mean_squared_error": 26806.0390625, "mean_absolute_error": 122.00182342529297, "accuracy": 0.09859155118465424, "cosine_similarity": 0.9917356371879578}, "Class Metrics": {"f1_monark": 0.8650646950092422, "accuracy": 0.8568627450980392, "precision": 0.8863636363636364, "recall": 0.8447653429602888, "roc auc": 0.858004989076711}}