{
    "accuracy":[
        0.08120337873697281,
        0.08707349747419357,
        0.08144796639680862,
        0.08242631703615189,
        0.08010272681713104,
        0.07826831191778183,
        0.08010272681713104,
        0.07741225510835648,
        0.08352696895599365,
        0.08316008001565933,
        0.08132567256689072,
        0.08389385044574738,
        0.08279319852590561,
        0.08792956173419952,
        0.08854103088378906,
        0.08401614427566528,
        0.08707349747419357,
        0.08536137640476227,
        0.08169255405664444
    ],
    "cosine_similarity":[
        0.9346815347671509,
        0.9402266144752502,
        0.9443063735961914,
        0.9553312063217163,
        0.9477673768997192,
        0.9524199366569519,
        0.9553470015525818,
        0.9516467452049255,
        0.9521148800849915,
        0.9510380029678345,
        0.9522143006324768,
        0.9570899605751038,
        0.9528283476829529,
        0.9528035521507263,
        0.9524951577186584,
        0.9530379772186279,
        0.9535461664199829,
        0.9509100914001465,
        0.95259028673172
    ],
    "loss":[
        0.0010882738279178739,
        0.0004897019825875759,
        0.0004292018711566925,
        0.0003981849877163768,
        0.0003770706825889647,
        0.0003706839052028954,
        0.0003577812749426812,
        0.0003467306960374117,
        0.00035101055982522666,
        0.00033676749444566667,
        0.00033889361657202244,
        0.00033161623287014663,
        0.00033338851062580943,
        0.0003291448811069131,
        0.00033114696270786226,
        0.0003296211361885071,
        0.000324248248944059,
        0.0003260799858253449,
        0.000327806657878682
    ],
    "mean_absolute_error":[
        0.01710987091064453,
        0.012413610704243183,
        0.01156996563076973,
        0.011064915917813778,
        0.010686478577554226,
        0.010642047971487045,
        0.010386033914983273,
        0.010323063470423222,
        0.010245472192764282,
        0.0101062236353755,
        0.010070317424833775,
        0.009929090738296509,
        0.009994334541261196,
        0.009965144097805023,
        0.009947013109922409,
        0.009837153367698193,
        0.009843694046139717,
        0.009830303490161896,
        0.00977723766118288
    ],
    "mean_squared_error":[
        0.0010882738279178739,
        0.0004897019825875759,
        0.0004292018711566925,
        0.0003981849877163768,
        0.0003770706825889647,
        0.0003706839052028954,
        0.0003577812749426812,
        0.0003467306960374117,
        0.00035101055982522666,
        0.00033676749444566667,
        0.00033889361657202244,
        0.00033161623287014663,
        0.00033338851062580943,
        0.0003291448811069131,
        0.00033114696270786226,
        0.0003296211361885071,
        0.000324248248944059,
        0.0003260799858253449,
        0.000327806657878682
    ],
    "val_accuracy":[
        0.08948655426502228,
        0.09339853376150131,
        0.06601466983556747,
        0.08899755775928497,
        0.07872860878705978,
        0.04498777538537979,
        0.049877751618623734,
        0.08997555077075958,
        0.08557457476854324,
        0.06308068335056305,
        0.08997555077075958,
        0.13594132661819458,
        0.09633252024650574,
        0.06552567332983017,
        0.10171148926019669,
        0.08655256778001785,
        0.0914425402879715,
        0.06454768031835556,
        0.09388753026723862
    ],
    "val_cosine_similarity":[
        0.9925820827484131,
        0.9633196592330933,
        0.9979409575462341,
        0.9948291778564453,
        0.9923794865608215,
        0.997676432132721,
        0.9770399928092957,
        0.9986972808837891,
        0.9742127656936646,
        0.9967811107635498,
        0.9842042922973633,
        0.9947253465652466,
        0.997909665107727,
        0.9984244704246521,
        0.9965099096298218,
        0.9848851561546326,
        0.9958701133728027,
        0.950042188167572,
        0.9961324334144592
    ],
    "val_loss":[
        0.00042464345460757613,
        0.00029415241442620754,
        0.00030081646400503814,
        0.00028192499303258955,
        0.00027167313965037465,
        0.0003004336904268712,
        0.00027977541321888566,
        0.0002645253553055227,
        0.00023648735077586025,
        0.00024592599947936833,
        0.0002609168004710227,
        0.00027328109717927873,
        0.0003042945172637701,
        0.00025658152299001813,
        0.00037569020059891045,
        0.00025459323660470545,
        0.00028070539701730013,
        0.0004920743522234261,
        0.00023980712285265326
    ],
    "val_mean_absolute_error":[
        0.010570531710982323,
        0.009731444530189037,
        0.008629105985164642,
        0.00845074001699686,
        0.008498468436300755,
        0.009287727996706963,
        0.008647765032947063,
        0.008526653982698917,
        0.007949313148856163,
        0.007729592267423868,
        0.008081906475126743,
        0.009121617302298546,
        0.008690773509442806,
        0.008749669417738914,
        0.010105415247380733,
        0.008022062480449677,
        0.010954592376947403,
        0.012035299092531204,
        0.0074466317892074585
    ],
    "val_mean_squared_error":[
        0.00042464345460757613,
        0.00029415241442620754,
        0.00030081646400503814,
        0.00028192499303258955,
        0.00027167313965037465,
        0.0003004336904268712,
        0.00027977541321888566,
        0.0002645253553055227,
        0.00023648735077586025,
        0.00024592599947936833,
        0.0002609168004710227,
        0.00027328109717927873,
        0.0003042945172637701,
        0.00025658152299001813,
        0.00037569020059891045,
        0.00025459323660470545,
        0.00028070539701730013,
        0.0004920743522234261,
        0.00023980712285265326
    ]
}