{"Strategy Metrics": {"Daily Swing Trade Return": 69.94001600000007, "Buy & Hold Return": -3.7700010000000006, "Auto13($22000) Return": 8384.341558000036}, "Model Metrics": {"loss": 1112.517822265625, "mean_squared_error": 1112.517822265625, "mean_absolute_error": 33.16370391845703, "accuracy": 0.07323943823575974, "cosine_similarity": 0.9993371963500977}, "Class Metrics": {"f1_monark": 0.9396325459317585, "accuracy": 0.9375, "precision": 0.9322916666666666, "recall": 0.9470899470899471, "roc auc": 0.9372321243829623}}