{"Strategy Metrics": {"Daily Swing Trade Return": 555.3849759999997, "Buy & Hold Return": 98.304645, "Auto13($22000) Return": 99217.80371599991}, "Model Metrics": {"loss": 1909.5333251953125, "mean_squared_error": 1909.5333251953125, "mean_absolute_error": 38.25360870361328, "accuracy": 0.12934070825576782, "cosine_similarity": 0.9994341731071472}, "Class Metrics": {"f1_monark": 0.9068788020589612, "accuracy": 0.9005, "precision": 0.8939114391143912, "recall": 0.9202279202279202, "roc auc": 0.8993959030917847}}