{"Strategy Metrics": {"Daily Swing Trade Return": 34385.84814600003, "Buy & Hold Return": 1048.1904300000006, "Auto13($22000) Return": 68771.69629200004}, "Model Metrics": {"loss": 86224216.0, "mean_squared_error": 86224216.0, "mean_absolute_error": 9158.40625, "accuracy": 0.380952388048172, "cosine_similarity": 0.9996961355209351}, "Class Metrics": {"f1_monark": 0.7882882882882883, "accuracy": 0.7873303167420814, "precision": 0.7918552036199095, "recall": 0.7847533632286996, "roc auc": 0.7873538505641215}}