{"Strategy Metrics": {"Daily Swing Trade Return": 4.139999999999999, "Buy & Hold Return": -0.2649999999999988, "Auto13($22000) Return": 719.2000000000007}, "Model Metrics": {"loss": 141.88070678710938, "mean_squared_error": 141.88070678710938, "mean_absolute_error": 11.795655250549316, "accuracy": 0.0, "cosine_similarity": 0.9681181907653809}, "Class Metrics": {"f1_monark": 0.4444444444444445, "accuracy": 0.5833333333333334, "precision": 0.6, "recall": 0.35294117647058826, "roc auc": 0.5712074303405573}}