{
    "accuracy":[
        0.19607120752334595,
        0.19914057850837708,
        0.19914057850837708,
        0.20159606635570526,
        0.1981583833694458,
        0.18723143637180328,
        0.19116021692752838,
        0.19484345614910126,
        0.2007366418838501,
        0.19042357802391052,
        0.19373849034309387,
        0.19742172956466675,
        0.2007366418838501,
        0.19582566618919373,
        0.20527930557727814,
        0.20392878353595734,
        0.20724371075630188,
        0.20454266667366028,
        0.20994475483894348,
        0.21068139374256134
    ],
    "cosine_similarity":[
        0.8677042722702026,
        0.81986403465271,
        0.7998770475387573,
        0.7945300936698914,
        0.7838784456253052,
        0.7955176830291748,
        0.7982938885688782,
        0.7974885702133179,
        0.7913941144943237,
        0.798606276512146,
        0.8033541440963745,
        0.8023608326911926,
        0.806095540523529,
        0.8111368417739868,
        0.8171555995941162,
        0.8187798261642456,
        0.8100469708442688,
        0.8081028461456299,
        0.8216378688812256,
        0.8155419826507568
    ],
    "loss":[
        0.003977094776928425,
        0.0016068322584033012,
        0.0012811193009838462,
        0.0012105931527912617,
        0.0011100646806880832,
        0.0009660435607656837,
        0.0009309572633355856,
        0.0010382228065282106,
        0.0008794513996690512,
        0.0009042167221195996,
        0.000895777833648026,
        0.00085595523705706,
        0.0007939444622024894,
        0.0007666314486414194,
        0.0008530436898581684,
        0.0007811192772351205,
        0.0007476027240045369,
        0.0008172339294105768,
        0.0007764374022372067,
        0.0008006711723282933
    ],
    "mean_absolute_error":[
        0.03313680738210678,
        0.02514789253473282,
        0.023687275126576424,
        0.023313123732805252,
        0.023091230541467667,
        0.02167615294456482,
        0.021001752465963364,
        0.02210298925638199,
        0.020844971761107445,
        0.02097000926733017,
        0.020926352590322495,
        0.02037131041288376,
        0.019785476848483086,
        0.019387470558285713,
        0.020295962691307068,
        0.01959197223186493,
        0.019357949495315552,
        0.019927721470594406,
        0.01942353881895542,
        0.019708460196852684
    ],
    "mean_squared_error":[
        0.003977094776928425,
        0.0016068322584033012,
        0.0012811193009838462,
        0.0012105931527912617,
        0.0011100646806880832,
        0.0009660434443503618,
        0.0009309572633355856,
        0.0010382228065282106,
        0.0008794513414613903,
        0.0009042167221195996,
        0.000895777833648026,
        0.00085595523705706,
        0.0007939444622024894,
        0.0007666314486414194,
        0.0008530436898581684,
        0.0007811192772351205,
        0.0007476027240045369,
        0.0008172339294105768,
        0.0007764374022372067,
        0.0008006711723282933
    ],
    "val_accuracy":[
        0.21993127465248108,
        0.22385860979557037,
        0.2076583206653595,
        0.21404024958610535,
        0.16543936729431152,
        0.21894943714141846,
        0.16543936729431152,
        0.16691212356090546,
        0.25331369042396545,
        0.21305841207504272,
        0.17525772750377655,
        0.24545900523662567,
        0.26264113187789917,
        0.2866961359977722,
        0.19685812294483185,
        0.2331860512495041,
        0.20962199568748474,
        0.18065783381462097,
        0.2886597812175751,
        0.24054983258247375
    ],
    "val_cosine_similarity":[
        0.9966856241226196,
        0.9990594387054443,
        0.9970964789390564,
        0.9991711974143982,
        0.9991135597229004,
        0.9560114741325378,
        0.4027063548564911,
        0.8261514902114868,
        0.9990135431289673,
        0.9599691033363342,
        0.6524977087974548,
        0.9992433786392212,
        0.9990710616111755,
        0.9992080926895142,
        0.9162169694900513,
        0.9980657696723938,
        0.9775565266609192,
        0.999224841594696,
        0.9992783069610596,
        0.9992721080780029
    ],
    "val_loss":[
        0.001036513363942504,
        0.00041580424294807017,
        0.00043250175076536834,
        0.0006278509390540421,
        0.00045535422395914793,
        0.00018699842621572316,
        0.0004940243088640273,
        0.000194496926269494,
        0.00017899902013596147,
        0.00016861545736901462,
        0.00020639202557504177,
        0.0002726176171563566,
        0.00026972065097652376,
        0.00019474845612421632,
        0.00018098362488672137,
        0.0005859048687852919,
        0.00022558638011105359,
        0.0003175468009430915,
        0.00017924149869941175,
        0.000331643910612911
    ],
    "val_mean_absolute_error":[
        0.02001361921429634,
        0.012442255392670631,
        0.012991718016564846,
        0.01818622089922428,
        0.017776578664779663,
        0.008226314559578896,
        0.018139785155653954,
        0.009230783209204674,
        0.009346187114715576,
        0.007790557574480772,
        0.011324728839099407,
        0.011240828782320023,
        0.009530412033200264,
        0.010014166124165058,
        0.009151972830295563,
        0.015116915106773376,
        0.009485204704105854,
        0.012092492543160915,
        0.009781095199286938,
        0.014835471287369728
    ],
    "val_mean_squared_error":[
        0.001036513363942504,
        0.00041580424294807017,
        0.00043250175076536834,
        0.0006278509390540421,
        0.00045535422395914793,
        0.00018699842621572316,
        0.0004940243088640273,
        0.00019449695537332445,
        0.00017899902013596147,
        0.00016861545736901462,
        0.00020639202557504177,
        0.0002726176171563566,
        0.00026972065097652376,
        0.00019474845612421632,
        0.00018098362488672137,
        0.0005859048687852919,
        0.00022558638011105359,
        0.0003175468009430915,
        0.00017924149869941175,
        0.00033164393971674144
    ]
}