{"Strategy Metrics": {"Daily Swing Trade Return": 22.24999999999999, "Buy & Hold Return": -1.8499999999999996, "Auto13($22000) Return": 27443.40000000001}, "Model Metrics": {"loss": 23.008041381835938, "mean_squared_error": 23.008041381835938, "mean_absolute_error": 4.670041084289551, "accuracy": 0.1690140813589096, "cosine_similarity": 0.979882538318634}, "Class Metrics": {"f1_monark": 0.9623655913978495, "accuracy": 0.9619565217391305, "precision": 0.9675675675675676, "recall": 0.9572192513368984, "roc auc": 0.96203504003309}}