{"Strategy Metrics": {"Daily Swing Trade Return": 98.50999999999999, "Buy & Hold Return": 0.6299999999999972, "Auto13($22000) Return": 48306.22000000003}, "Model Metrics": {"loss": 135.4403839111328, "mean_squared_error": 135.4403839111328, "mean_absolute_error": 11.484166145324707, "accuracy": 0.1619870364665985, "cosine_similarity": 0.9997066259384155}, "Class Metrics": {"f1_monark": 0.8956158663883089, "accuracy": 0.8923573735199138, "precision": 0.89937106918239, "recall": 0.8918918918918919, "roc auc": 0.8923745173745175}}