{"Strategy Metrics": {"Daily Swing Trade Return": 39342.95751699999, "Buy & Hold Return": 1048.1904300000006, "Auto13($22000) Return": 78685.91503400006}, "Model Metrics": {"loss": 86224680.0, "mean_squared_error": 86224680.0, "mean_absolute_error": 9158.4306640625, "accuracy": 0.3469387888908386, "cosine_similarity": 0.9996539950370789}, "Class Metrics": {"f1_monark": 0.8883928571428572, "accuracy": 0.8868778280542986, "precision": 0.8844444444444445, "recall": 0.8923766816143498, "roc auc": 0.8868276102135676}}