{"Strategy Metrics": {"Daily Swing Trade Return": 77.02999299999989, "Buy & Hold Return": -3.459999999999998, "Auto13($22000) Return": 19226.40763400004}, "Model Metrics": {"loss": 144.78384399414062, "mean_squared_error": 144.78384399414062, "mean_absolute_error": 11.652084350585938, "accuracy": 0.24604743719100952, "cosine_similarity": 0.9997308254241943}, "Class Metrics": {"f1_monark": 0.705078125, "accuracy": 0.7018756169792695, "precision": 0.7009708737864078, "recall": 0.7092337917485265, "roc auc": 0.7018391180964855}}