{
    "accuracy":[
        0.3373596966266632,
        0.3279648721218109,
        0.33003905415534973,
        0.32223036885261536,
        0.3358955681324005,
        0.33748170733451843,
        0.34602245688438416,
        0.3367496430873871,
        0.3477306067943573,
        0.3315031826496124,
        0.33748170733451843,
        0.33906784653663635,
        0.33955588936805725,
        0.33748170733451843,
        0.337237685918808,
        0.34699854254722595,
        0.3417520821094513,
        0.34114202857017517,
        0.3318692147731781,
        0.3423621356487274,
        0.3357735574245453
    ],
    "cosine_similarity":[
        0.7760282158851624,
        0.7810624241828918,
        0.7878379821777344,
        0.800365686416626,
        0.8005964756011963,
        0.805616021156311,
        0.7995918393135071,
        0.8055936098098755,
        0.8068747520446777,
        0.8132945895195007,
        0.8203480839729309,
        0.815881609916687,
        0.8192015290260315,
        0.8191405534744263,
        0.8138725757598877,
        0.8129160404205322,
        0.8117964267730713,
        0.8126769065856934,
        0.8139066696166992,
        0.8121815323829651,
        0.8145456314086914
    ],
    "loss":[
        0.0024572534020990133,
        0.0013148320140317082,
        0.001061154413037002,
        0.001016258611343801,
        0.0008744748774915934,
        0.000871251686476171,
        0.0008363360539078712,
        0.0008187608327716589,
        0.0007678415277041495,
        0.0007582600228488445,
        0.0006898446590639651,
        0.0006992067210376263,
        0.0006719070952385664,
        0.0006916653364896774,
        0.0006676071207039058,
        0.0006362850544974208,
        0.0006606526440009475,
        0.0006389893242157996,
        0.0006676677730865777,
        0.000632062612567097,
        0.0006376007222570479
    ],
    "mean_absolute_error":[
        0.03194364160299301,
        0.02583984099328518,
        0.023384347558021545,
        0.022878961637616158,
        0.02117401361465454,
        0.021353712305426598,
        0.020619859918951988,
        0.020530281588435173,
        0.019689712673425674,
        0.019496042281389236,
        0.01879977434873581,
        0.01873898319900036,
        0.018441660329699516,
        0.018615251407027245,
        0.018337814137339592,
        0.01793128065764904,
        0.018037857487797737,
        0.01800205186009407,
        0.01821202225983143,
        0.01773964799940586,
        0.018082091584801674
    ],
    "mean_squared_error":[
        0.0024572534020990133,
        0.0013148320140317082,
        0.001061154413037002,
        0.001016258611343801,
        0.0008744748774915934,
        0.000871251686476171,
        0.0008363360539078712,
        0.0008187608327716589,
        0.0007678415277041495,
        0.0007582600228488445,
        0.0006898446590639651,
        0.0006992067210376263,
        0.0006719070952385664,
        0.0006916653364896774,
        0.0006676071207039058,
        0.0006362850544974208,
        0.0006606526440009475,
        0.0006389893242157996,
        0.0006676677730865777,
        0.000632062612567097,
        0.0006376007222570479
    ],
    "val_accuracy":[
        0.32926830649375916,
        0.3551219403743744,
        0.30390244722366333,
        0.3209756016731262,
        0.3385365903377533,
        0.37317073345184326,
        0.3639024496078491,
        0.3921951353549957,
        0.39024388790130615,
        0.3829268217086792,
        0.4000000059604645,
        0.3219512104988098,
        0.37707316875457764,
        0.3531707227230072,
        0.3526829183101654,
        0.3702439069747925,
        0.3926829397678375,
        0.37219512462615967,
        0.3941463530063629,
        0.40292683243751526,
        0.3643902540206909
    ],
    "val_cosine_similarity":[
        0.38930633664131165,
        0.9990071654319763,
        0.997847318649292,
        0.9995241165161133,
        0.9761356711387634,
        0.9993075728416443,
        0.484035462141037,
        0.9993587136268616,
        0.999150276184082,
        0.9853744506835938,
        0.9989888668060303,
        0.9991912245750427,
        0.9992241263389587,
        0.9985247850418091,
        0.968007504940033,
        0.7620470523834229,
        0.9995527863502502,
        0.9993996620178223,
        0.36631929874420166,
        0.9992580413818359,
        0.9995453953742981
    ],
    "val_loss":[
        0.0005194239784032106,
        0.00045559293357655406,
        0.00031279405811801553,
        0.0008571723592467606,
        0.00018341014219913632,
        0.0003911260573659092,
        0.0015651179710403085,
        0.00016992256860248744,
        0.00039897349779494107,
        0.00023193249944597483,
        0.00014869584992993623,
        0.0002115146053256467,
        0.0003118211170658469,
        0.0003816762182395905,
        0.0003937130968552083,
        0.00020493721240200102,
        0.00019179657101631165,
        0.00037079339381307364,
        0.00026257996796630323,
        0.00015822896966710687,
        0.0002500579576008022
    ],
    "val_mean_absolute_error":[
        0.01989140175282955,
        0.01711386628448963,
        0.010159390978515148,
        0.021186746656894684,
        0.008756657131016254,
        0.012249591760337353,
        0.02719094604253769,
        0.007131262682378292,
        0.010916007682681084,
        0.010341628454625607,
        0.006593484431505203,
        0.007436536718159914,
        0.009239130653440952,
        0.011679841205477715,
        0.014143572188913822,
        0.010916683822870255,
        0.010420139878988266,
        0.011670516803860664,
        0.013926934450864792,
        0.00804809294641018,
        0.012789796106517315
    ],
    "val_mean_squared_error":[
        0.0005194239784032106,
        0.00045559293357655406,
        0.00031279405811801553,
        0.0008571723592467606,
        0.00018341014219913632,
        0.0003911260573659092,
        0.0015651179710403085,
        0.00016992256860248744,
        0.00039897349779494107,
        0.00023193249944597483,
        0.00014869584992993623,
        0.0002115146053256467,
        0.0003118211170658469,
        0.0003816762182395905,
        0.0003937130968552083,
        0.00020493721240200102,
        0.00019179657101631165,
        0.00037079339381307364,
        0.00026257996796630323,
        0.00015822896966710687,
        0.0002500579576008022
    ]
}