{"Strategy Metrics": {"Daily Swing Trade Return": 93.33999099999993, "Buy & Hold Return": -4.949999999999998, "Auto13($22000) Return": 32011.046681999986}, "Model Metrics": {"loss": 145.31658935546875, "mean_squared_error": 145.31658935546875, "mean_absolute_error": 11.67102336883545, "accuracy": 0.07070706784725189, "cosine_similarity": 0.9983686804771423}, "Class Metrics": {"f1_monark": 0.7782178217821782, "accuracy": 0.7766699900299102, "precision": 0.7721021611001965, "recall": 0.7844311377245509, "roc auc": 0.7766777202566977}}