{
    "accuracy":[
        0.34504684805870056,
        0.33601072430610657,
        0.3380187451839447,
        0.34036144614219666,
        0.33266398310661316,
        0.3437081575393677,
        0.332998663187027,
        0.33266398310661316,
        0.3313252925872803,
        0.3483935594558716,
        0.351740300655365,
        0.327309250831604,
        0.3567603826522827,
        0.35240963101387024,
        0.34036144614219666,
        0.34772422909736633,
        0.3313252925872803,
        0.34805890917778015,
        0.3470548987388611
    ],
    "cosine_similarity":[
        0.9317140579223633,
        0.9314137101173401,
        0.9235194325447083,
        0.9274750351905823,
        0.9310723543167114,
        0.9297565221786499,
        0.937820553779602,
        0.9359902739524841,
        0.9413478970527649,
        0.9406337738037109,
        0.9429541826248169,
        0.9371038675308228,
        0.9341188073158264,
        0.9476840496063232,
        0.9368611574172974,
        0.9382867813110352,
        0.9369714260101318,
        0.9415109157562256,
        0.9407480955123901
    ],
    "loss":[
        0.00446913531050086,
        0.0021677943877875805,
        0.001911360421217978,
        0.0017349363770335913,
        0.001451171119697392,
        0.001426794333383441,
        0.0013744253665208817,
        0.0012342247646301985,
        0.0012220746139064431,
        0.0012566407676786184,
        0.0011665980564430356,
        0.0011281679617241025,
        0.0011916077928617597,
        0.001166140311397612,
        0.0011352836154401302,
        0.001082603121176362,
        0.0010614095954224467,
        0.0010590506717562675,
        0.0010664619039744139
    ],
    "mean_absolute_error":[
        0.04478925094008446,
        0.03312180936336517,
        0.03205946832895279,
        0.030509276315569878,
        0.028311623260378838,
        0.028078347444534302,
        0.027447272092103958,
        0.026329128071665764,
        0.026070961728692055,
        0.02635069005191326,
        0.02557295747101307,
        0.02519775740802288,
        0.02563074231147766,
        0.025004176422953606,
        0.02483995258808136,
        0.024511544033885002,
        0.02453031949698925,
        0.02395743690431118,
        0.024373210966587067
    ],
    "mean_squared_error":[
        0.00446913531050086,
        0.0021677943877875805,
        0.001911360421217978,
        0.0017349363770335913,
        0.001451171119697392,
        0.001426794333383441,
        0.0013744253665208817,
        0.0012342247646301985,
        0.0012220746139064431,
        0.0012566407676786184,
        0.0011665980564430356,
        0.0011281679617241025,
        0.0011916077928617597,
        0.001166140311397612,
        0.0011352836154401302,
        0.001082603121176362,
        0.0010614095954224467,
        0.0010590506717562675,
        0.0010664619039744139
    ],
    "val_accuracy":[
        0.37165775895118713,
        0.3863636255264282,
        0.25267380475997925,
        0.2981283366680145,
        0.31550800800323486,
        0.33556148409843445,
        0.29010695219039917,
        0.3395721912384033,
        0.3636363744735718,
        0.28877004981040955,
        0.35160428285598755,
        0.29411765933036804,
        0.3743315637111664,
        0.4157753884792328,
        0.4157753884792328,
        0.3475935757160187,
        0.3114973306655884,
        0.38903743028640747,
        0.35561496019363403
    ],
    "val_cosine_similarity":[
        0.94797682762146,
        0.7747265696525574,
        0.9982805848121643,
        0.9983268976211548,
        0.9982229471206665,
        0.9983648061752319,
        0.9847905039787292,
        0.8581137657165527,
        0.9984055757522583,
        0.9984471201896667,
        0.9979581832885742,
        0.9984150528907776,
        0.9984315037727356,
        0.9984197616577148,
        0.9984294176101685,
        0.9855630397796631,
        0.9901394248008728,
        0.8420369625091553,
        0.9983825087547302
    ],
    "val_loss":[
        0.000890844501554966,
        0.0021302555687725544,
        0.001147806760855019,
        0.0028383757453411818,
        0.0007377571891993284,
        0.0005244426429271698,
        0.00047614253708161414,
        0.0006338480743579566,
        0.00036994184483774006,
        0.0004013444122392684,
        0.0011523073771968484,
        0.000489552563522011,
        0.00047917908523231745,
        0.0006387514877133071,
        0.0005972090293653309,
        0.00040613923920318484,
        0.00039163537439890206,
        0.0005338048795238137,
        0.0005964458105154335
    ],
    "val_mean_absolute_error":[
        0.023286813870072365,
        0.03601602837443352,
        0.026110785081982613,
        0.04031912237405777,
        0.023034200072288513,
        0.018599754199385643,
        0.0159493125975132,
        0.019248763099312782,
        0.013619170524179935,
        0.01335697527974844,
        0.021795189008116722,
        0.01723228208720684,
        0.016025759279727936,
        0.019287873059511185,
        0.018913809210062027,
        0.013751894235610962,
        0.013033934868872166,
        0.018091965466737747,
        0.02052505686879158
    ],
    "val_mean_squared_error":[
        0.000890844501554966,
        0.0021302555687725544,
        0.001147806760855019,
        0.0028383757453411818,
        0.0007377571891993284,
        0.0005244426429271698,
        0.00047614253708161414,
        0.0006338480743579566,
        0.00036994184483774006,
        0.0004013444122392684,
        0.0011523073771968484,
        0.000489552563522011,
        0.00047917908523231745,
        0.0006387514877133071,
        0.0005972090293653309,
        0.00040613923920318484,
        0.00039163537439890206,
        0.0005338048795238137,
        0.0005964458105154335
    ]
}