{"Strategy Metrics": {"Daily Swing Trade Return": 93.09460099999997, "Buy & Hold Return": -6.977307000000008, "Auto13($22000) Return": 14552.804761999985}, "Model Metrics": {"loss": 418.5560302734375, "mean_squared_error": 418.5560302734375, "mean_absolute_error": 19.2476749420166, "accuracy": 0.09843137115240097, "cosine_similarity": 0.999671220779419}, "Class Metrics": {"f1_monark": 0.596169193934557, "accuracy": 0.6043784206411259, "precision": 0.5895816890292028, "recall": 0.6029055690072639, "roc auc": 0.6043337549357775}}