{"Strategy Metrics": {"Daily Swing Trade Return": 37377.423337, "Buy & Hold Return": 1499.8193360000005, "Auto13($22000) Return": 74754.84667400003}, "Model Metrics": {"loss": 84536656.0, "mean_squared_error": 84536656.0, "mean_absolute_error": 9072.076171875, "accuracy": 0.09198113530874252, "cosine_similarity": 0.9984166026115417}, "Class Metrics": {"f1_monark": 0.8486238532110093, "accuracy": 0.8489702517162472, "precision": 0.8604651162790697, "recall": 0.8371040723981901, "roc auc": 0.8491075917546507}}