{"Strategy Metrics": {"Daily Swing Trade Return": 89.84000000000005, "Buy & Hold Return": 3.169999999999998, "Auto13($22000) Return": 36164.05000000002}, "Model Metrics": {"loss": 101.29878234863281, "mean_squared_error": 101.29878234863281, "mean_absolute_error": 9.464975357055664, "accuracy": 0.13197968900203705, "cosine_proximity": 0.999437689781189}, "Class Metrics": {"f1_monark": 0.703757225433526, "accuracy": 0.7035430224150397, "precision": 0.7161764705882353, "recall": 0.6917613636363636, "roc auc": 0.7037599159860758}}