{"Strategy Metrics": {"Daily Swing Trade Return": 278.7826999999998, "Buy & Hold Return": -25.84269299999994, "Auto13($22000) Return": 71057.90058699997}, "Model Metrics": {"loss": 530.4912719726562, "mean_squared_error": 530.4912719726562, "mean_absolute_error": 21.422473907470703, "accuracy": 0.1164921447634697, "cosine_similarity": 0.9997749328613281}, "Class Metrics": {"f1_monark": 0.6951018161805174, "accuracy": 0.7102510460251046, "precision": 0.7107484524479459, "recall": 0.6801292407108239, "roc auc": 0.7094087993081318}}