{
    "accuracy":[
        0.22578348219394684,
        0.21794871985912323,
        0.20512820780277252,
        0.20512820780277252,
        0.20584045350551605,
        0.20014244318008423,
        0.19373218715190887,
        0.20085470378398895,
        0.20370370149612427,
        0.20584045350551605,
        0.22364673018455505,
        0.20584045350551605,
        0.21296297013759613,
        0.20655269920825958,
        0.21011395752429962,
        0.2300569862127304,
        0.23575498163700104,
        0.21652421355247498,
        0.2350427359342575,
        0.2222222238779068,
        0.20370370149612427,
        0.22792023420333862,
        0.21652421355247498,
        0.2371794879436493,
        0.23361822962760925,
        0.24715100228786469,
        0.2450142502784729,
        0.24430198967456818,
        0.22435897588729858,
        0.23361822962760925,
        0.23860399425029755,
        0.2578347623348236,
        0.2321937382221222,
        0.2350427359342575,
        0.25,
        0.25071224570274353,
        0.24145299196243286,
        0.25427350401878357,
        0.24145299196243286,
        0.2578347623348236,
        0.23789173364639282,
        0.24358974397182465,
        0.24430198967456818,
        0.23931623995304108,
        0.21652421355247498,
        0.2528490126132965,
        0.25569799542427063,
        0.23433049023151398,
        0.2421652376651764,
        0.2578347623348236,
        0.26424500346183777,
        0.24857549369335175,
        0.25569799542427063,
        0.23575498163700104,
        0.2400284856557846,
        0.2321937382221222,
        0.25,
        0.23148147761821747,
        0.22435897588729858,
        0.2400284856557846,
        0.2272079735994339,
        0.24145299196243286,
        0.2656695246696472,
        0.24572649598121643
    ],
    "cosine_similarity":[
        0.8386054039001465,
        0.8121695518493652,
        0.7672416567802429,
        0.7527682185173035,
        0.7350612282752991,
        0.7403285503387451,
        0.7371038198471069,
        0.7355233430862427,
        0.7330073714256287,
        0.7208422422409058,
        0.7230940461158752,
        0.7369105815887451,
        0.7159914374351501,
        0.7326048016548157,
        0.7377484440803528,
        0.7291023135185242,
        0.733113706111908,
        0.7464267611503601,
        0.7293593287467957,
        0.7194596529006958,
        0.7503128051757812,
        0.7377000451087952,
        0.7476245760917664,
        0.7346178293228149,
        0.7394556999206543,
        0.7516000270843506,
        0.7283214330673218,
        0.7452942132949829,
        0.7503756880760193,
        0.7543291449546814,
        0.7361547350883484,
        0.7450727820396423,
        0.7385175824165344,
        0.7833998203277588,
        0.7462348341941833,
        0.744910717010498,
        0.7548913955688477,
        0.7464231252670288,
        0.7457491159439087,
        0.7506433725357056,
        0.7373093962669373,
        0.7538435459136963,
        0.7467318177223206,
        0.7570133209228516,
        0.7471370697021484,
        0.7400701642036438,
        0.7551551461219788,
        0.7533129453659058,
        0.7502310872077942,
        0.7329881191253662,
        0.7657383680343628,
        0.7567047476768494,
        0.75055330991745,
        0.7444755434989929,
        0.7567113637924194,
        0.7493032217025757,
        0.7381561994552612,
        0.7488187551498413,
        0.7420946359634399,
        0.7574476003646851,
        0.7571614384651184,
        0.7380477786064148,
        0.7694990038871765,
        0.752511739730835
    ],
    "loss":[
        0.007691271137446165,
        0.0035832535941153765,
        0.0032407690305262804,
        0.00245984666980803,
        0.002340115839615464,
        0.0022736990358680487,
        0.0024366106372326612,
        0.0020819634664803743,
        0.0021266392432153225,
        0.001925441320054233,
        0.001890102168545127,
        0.00186741235665977,
        0.0017869084840640426,
        0.0020784582011401653,
        0.0015778752276673913,
        0.0017454528715461493,
        0.0018347741570323706,
        0.0018066520569846034,
        0.0015668347477912903,
        0.0018112629186362028,
        0.0016614310443401337,
        0.0017872615717351437,
        0.0015853942604735494,
        0.0016055417945608497,
        0.001518120290711522,
        0.001723328372463584,
        0.0015421661082655191,
        0.0015337136574089527,
        0.0014772223075851798,
        0.0016761583974584937,
        0.0016520966310054064,
        0.0015986057696864009,
        0.001440912252292037,
        0.0016702493885532022,
        0.0014706883812323213,
        0.0015811689663678408,
        0.0014440232189372182,
        0.0017144595040008426,
        0.0015157938469201326,
        0.0015073090326040983,
        0.0014765466330572963,
        0.0016749175265431404,
        0.0013686773600056767,
        0.0016596353380009532,
        0.0014577837428078055,
        0.0014153949450701475,
        0.0013807746581733227,
        0.001540916389785707,
        0.0015098837902769446,
        0.0014898506924510002,
        0.0015619975747540593,
        0.0014341844944283366,
        0.0013940157368779182,
        0.0014924254501238465,
        0.001451956806704402,
        0.0016656533116474748,
        0.0015563752967864275,
        0.0014491607435047626,
        0.0015787300653755665,
        0.0014519940596073866,
        0.0014013891341164708,
        0.0015285691479220986,
        0.0015745599521324039,
        0.0015597642632201314
    ],
    "mean_absolute_error":[
        0.04947952926158905,
        0.034763094037771225,
        0.03382418677210808,
        0.03136623650789261,
        0.030801039189100266,
        0.03090617246925831,
        0.03106389008462429,
        0.02887737564742565,
        0.028795845806598663,
        0.029033036902546883,
        0.028469881042838097,
        0.027659617364406586,
        0.027431098744273186,
        0.028791746124625206,
        0.02608892321586609,
        0.027812398970127106,
        0.02728579379618168,
        0.027421768754720688,
        0.025559687986969948,
        0.027607424184679985,
        0.026862747967243195,
        0.026740729808807373,
        0.02614099532365799,
        0.025579610839486122,
        0.0258938055485487,
        0.02669898234307766,
        0.025482768192887306,
        0.025598308071494102,
        0.02491065301001072,
        0.02576547861099243,
        0.025761455297470093,
        0.025041859596967697,
        0.024760643020272255,
        0.025401679798960686,
        0.024856483563780785,
        0.025247225537896156,
        0.024309270083904266,
        0.02617054618895054,
        0.02503172867000103,
        0.024682406336069107,
        0.024716028943657875,
        0.025993164628744125,
        0.02428700588643551,
        0.02530408464372158,
        0.024754825979471207,
        0.024752723053097725,
        0.024423126131296158,
        0.02550479955971241,
        0.024751046672463417,
        0.02473302185535431,
        0.025215059518814087,
        0.02433137781918049,
        0.02451111376285553,
        0.025002242997288704,
        0.02457151748239994,
        0.02589366026222706,
        0.02528613992035389,
        0.02466914989054203,
        0.025311041623353958,
        0.025076210498809814,
        0.023954428732395172,
        0.025141693651676178,
        0.025021813809871674,
        0.024869635701179504
    ],