{"Strategy Metrics": {"Daily Swing Trade Return": 50.68000100000002, "Buy & Hold Return": -26.240001, "Auto13($22000) Return": 19226.139822999976}, "Model Metrics": {"loss": 234.59060668945312, "mean_squared_error": 234.59060668945312, "mean_absolute_error": 13.503540992736816, "accuracy": 0.3333333432674408, "cosine_similarity": 0.9972943663597107}, "Class Metrics": {"f1_monark": 0.8395061728395061, "accuracy": 0.8514285714285714, "precision": 0.8292682926829268, "recall": 0.85, "roc auc": 0.8513157894736841}}