{"Strategy Metrics": {"Daily Swing Trade Return": 1338.390047000001, "Buy & Hold Return": 370.56400299999996, "Auto13($22000) Return": 62062.81219899998}, "Model Metrics": {"loss": 26787.80859375, "mean_squared_error": 26787.80859375, "mean_absolute_error": 121.97298431396484, "accuracy": 0.07243460416793823, "cosine_similarity": 0.9960541725158691}, "Class Metrics": {"f1_monark": 0.9732620320855616, "accuracy": 0.9705882352941176, "precision": 0.9612676056338029, "recall": 0.9855595667870036, "roc auc": 0.9691746331789096}}