{
    "accuracy":[
        0.35067734122276306,
        0.3235837519168854,
        0.32912561297416687,
        0.3448275923728943,
        0.33435961604118347,
        0.32266008853912354,
        0.33158865571022034,
        0.33836206793785095,
        0.34513548016548157,
        0.33682265877723694,
        0.3426724076271057,
        0.3405172526836395,
        0.32450738549232483,
        0.3322044312953949,
        0.3322044312953949,
        0.3300492465496063,
        0.32912561297416687,
        0.3177340030670166,
        0.3358990252017975,
        0.33497536182403564,
        0.3355911374092102,
        0.32974138855934143,
        0.3395935893058777,
        0.32204434275627136,
        0.3352832496166229,
        0.34020936489105225,
        0.32450738549232483,
        0.3571428656578064,
        0.3303571343421936,
        0.33866995573043823,
        0.3352832496166229,
        0.3469827473163605,
        0.35314038395881653,
        0.33990147709846497,
        0.342980295419693,
        0.34913793206214905,
        0.3300492465496063,
        0.33466747403144836,
        0.3371305465698242,
        0.34729063510894775,
        0.3623768389225006,
        0.3358990252017975,
        0.3232758641242981
    ],
    "cosine_similarity":[
        0.9839003086090088,
        0.9826504588127136,
        0.9729276895523071,
        0.9703580141067505,
        0.9692502617835999,
        0.9675813913345337,
        0.9618688821792603,
        0.9642218947410583,
        0.9635257124900818,
        0.9656369686126709,
        0.9607045650482178,
        0.9647876620292664,
        0.9620150327682495,
        0.961431622505188,
        0.962623119354248,
        0.9604835510253906,
        0.9611969590187073,
        0.9625039100646973,
        0.9596540331840515,
        0.968001127243042,
        0.9601160287857056,
        0.9668187499046326,
        0.9605981707572937,
        0.9673593640327454,
        0.9675007462501526,
        0.9612329602241516,
        0.9664763808250427,
        0.9563105702400208,
        0.9635380506515503,
        0.9699647426605225,
        0.9696708917617798,
        0.9616225957870483,
        0.9700565934181213,
        0.9672583341598511,
        0.9661528468132019,
        0.9703129529953003,
        0.9657455086708069,
        0.9645977020263672,
        0.9631564021110535,
        0.9645833969116211,
        0.9654178023338318,
        0.971332848072052,
        0.964448094367981
    ],
    "loss":[
        0.004316725302487612,
        0.0018165886867791414,
        0.0015382281271740794,
        0.0012985803186893463,
        0.0011522183194756508,
        0.0010036841267719865,
        0.0011973015498369932,
        0.001022480195388198,
        0.0009358640527352691,
        0.0009952522814273834,
        0.0008936296217143536,
        0.0008806046680547297,
        0.0008252384141087532,
        0.0008763617370277643,
        0.0008515389054082334,
        0.000884285313077271,
        0.0008039669482968748,
        0.0008052699849940836,
        0.0008910132455639541,
        0.0008075527148321271,
        0.0007977045024745166,
        0.0008012084872461855,
        0.0008479567477479577,
        0.0007543278043158352,
        0.0008643842884339392,
        0.0008119893027469516,
        0.0007542651146650314,
        0.0007921921205706894,
        0.000702724966686219,
        0.0007762087625451386,
        0.0007590317400172353,
        0.0007626588921993971,
        0.0007597287185490131,
        0.0007921239011920989,
        0.0007903074729256332,
        0.0007188590243458748,
        0.0007905260426923633,
        0.0006875203689560294,
        0.0007596731884405017,
        0.0007362436153925955,
        0.0007408885867334902,
        0.0007342370809055865,
        0.0007900142227299511
    ],
    "mean_absolute_error":[
        0.038897912949323654,
        0.027426952496170998,
        0.02585211955010891,
        0.02391834743320942,
        0.022514399141073227,
        0.021268555894494057,
        0.023381317034363747,
        0.022088924422860146,
        0.021104222163558006,
        0.021681778132915497,
        0.020851003006100655,
        0.020684782415628433,
        0.02009858377277851,
        0.02060387283563614,
        0.02034609578549862,
        0.020806651562452316,
        0.01992502436041832,
        0.01961587183177471,
        0.02078906260430813,
        0.019685741513967514,
        0.01988331228494644,
        0.019934142008423805,
        0.020119786262512207,
        0.019211741164326668,
        0.020130930468440056,
        0.019994430243968964,
        0.01927836611866951,
        0.019352799281477928,
        0.018760710954666138,
        0.01938660629093647,
        0.019166983664035797,
        0.01887599378824234,
        0.01894196681678295,
        0.019005434587597847,
        0.01943935453891754,
        0.018717054277658463,
        0.01948224939405918,
        0.018388928845524788,
        0.01883077248930931,
        0.018818862736225128,
        0.018856536597013474,
        0.01891481503844261,
        0.019165243953466415
    ],
    "mean_squared_error":[
        0.004316725302487612,
        0.0018165886867791414,
        0.0015382281271740794,
        0.0012985804351046681,
        0.0011522183194756508,
        0.0010036841267719865,
        0.0011973015498369932,
        0.001022480195388198,
        0.0009358640527352691,
        0.0009952522814273834,
        0.0008936295635066926,
        0.0008806046680547297,
        0.0008252384141087532,
        0.0008763617370277643,
        0.0008515389054082334,
        0.000884285313077271,
        0.0008039669482968748,
        0.0008052699849940836,
        0.0008910132455639541,
        0.0008075527148321271,
        0.0007977045024745166,
        0.0008012084872461855,
        0.0008479567477479577,
        0.0007543278043158352,
        0.0008643842884339392,
        0.0008119893027469516,
        0.0007542651146650314,
        0.0007921921205706894,
        0.000702724966686219,
        0.0007762087625451386,
        0.0007590317400172353,
        0.0007626588921993971,
        0.0007597287185490131,
        0.0007921239011920989,
        0.0007903074729256332,
        0.0007188590243458748,
        0.0007905260426923633,
        0.0006875203689560294,
        0.0007596731884405017,
        0.0007362436153925955,
        0.0007408885867334902,
        0.0007342370809055865,
        0.0007900142227299511
    ],
    "val_accuracy":[
        0.21182265877723694,
        0.32389163970947266,
        0.3977832496166229,
        0.28694581985473633,
        0.3411329984664917,
        0.24876847863197327,
        0.3165024518966675,
        0.3177340030670166,
        0.4002462923526764,
        0.28817734122276306,
        0.3017241358757019,
        0.42733991146087646,
        0.41871920228004456,
        0.37931033968925476,
        0.403940886259079,
        0.3817734122276306,
        0.3091132938861847,
        0.39162561297416687,
        0.28694581985473633,
        0.31896552443504333,
        0.3177340030670166,
        0.3251231610774994,
        0.38669949769973755,
        0.4211822748184204,
        0.3325123190879822,
        0.3103448152542114,
        0.4014778435230255,
        0.3251231610774994,
        0.3854679763317108,
        0.3977832496166229,
        0.38669949769973755,
        0.3965517282485962,
        0.38793104887008667,
        0.39039409160614014,
        0.3448275923728943,
        0.30418717861175537,
        0.2783251106739044,
        0.22044335305690765,
        0.2536945939064026,
        0.36330050230026245,
        0.3128078877925873,
        0.38669949769973755,
        0.4248768389225006
    ],