{"Strategy Metrics": {"Daily Swing Trade Return": 230.70141499999994, "Buy & Hold Return": 96.69393099999999, "Auto13($22000) Return": 12505.848314000039}, "Model Metrics": {"loss": 1902.27197265625, "mean_squared_error": 1902.27197265625, "mean_absolute_error": 38.18107986450195, "accuracy": 0.03821015730500221, "cosine_proximity": 0.9996113181114197}, "Class Metrics": {"f1_monark": 0.6476868327402135, "accuracy": 0.6043956043956044, "precision": 0.6092050209205021, "recall": 0.691358024691358, "roc auc": 0.5996305402698097}}