{
    "accuracy":[
        0.06784841418266296,
        0.08251833915710449,
        0.08496332168579102,
        0.08985330164432526,
        0.08312958478927612,
        0.08618582040071487,
        0.10024449974298477,
        0.08801955729722977,
        0.08435207605361938,
        0.09352078288793564,
        0.10330073535442352,
        0.09902200847864151,
        0.09596577286720276,
        0.10452322661876678,
        0.10757946223020554,
        0.08496332168579102,
        0.08801955729722977,
        0.08924205601215363,
        0.10574571788311005
    ],
    "cosine_similarity":[
        0.9049805998802185,
        0.8943381309509277,
        0.9161720275878906,
        0.9031002521514893,
        0.9034370183944702,
        0.9181605577468872,
        0.9072913527488708,
        0.9147095084190369,
        0.9137212038040161,
        0.9143281579017639,
        0.9161584973335266,
        0.9136161804199219,
        0.9288226962089539,
        0.9225892424583435,
        0.9176664352416992,
        0.9106796979904175,
        0.9250879883766174,
        0.9277769327163696,
        0.921358048915863
    ],
    "loss":[
        0.00012522800534497947,
        7.33842171030119e-05,
        6.300949462456629e-05,
        6.032621240592562e-05,
        5.56566083105281e-05,
        5.1437938964227214e-05,
        5.17127409693785e-05,
        4.874619480688125e-05,
        4.920276114717126e-05,
        4.809191887034103e-05,
        5.0188726163469255e-05,
        4.681438076659106e-05,
        4.703018203144893e-05,
        4.6403787564486265e-05,
        4.5856279029976577e-05,
        4.627046291716397e-05,
        4.4538144720718265e-05,
        4.4939672079635784e-05,
        4.381102917250246e-05
    ],
    "mean_absolute_error":[
        0.0075859553180634975,
        0.006296826526522636,
        0.005723427981138229,
        0.005697715096175671,
        0.00541582889854908,
        0.005115075968205929,
        0.005261208396404982,
        0.005050920881330967,
        0.005027142819017172,
        0.004984469152987003,
        0.005121760535985231,
        0.004965982865542173,
        0.004844156559556723,
        0.004851245321333408,
        0.004898197017610073,
        0.004901312757283449,
        0.0048218294978141785,
        0.004740973934531212,
        0.004746859427541494
    ],
    "mean_squared_error":[
        0.00012522800534497947,
        7.33842171030119e-05,
        6.300949462456629e-05,
        6.032621240592562e-05,
        5.56566083105281e-05,
        5.1437938964227214e-05,
        5.17127409693785e-05,
        4.874619480688125e-05,
        4.920276114717126e-05,
        4.809191887034103e-05,
        5.0188726163469255e-05,
        4.681438076659106e-05,
        4.703018203144893e-05,
        4.6403787564486265e-05,
        4.5856279029976577e-05,
        4.627046291716397e-05,
        4.4538144720718265e-05,
        4.4939672079635784e-05,
        4.381102917250246e-05
    ],
    "val_accuracy":[
        0.07804878056049347,
        0.17560975253582,
        0.060975611209869385,
        0.053658537566661835,
        0.08780487626791,
        0.043902438133955,
        0.15609756112098694,
        0.043902438133955,
        0.08780487626791,
        0.06585365533828735,
        0.11951219290494919,
        0.16585366427898407,
        0.11951219290494919,
        0.11219511926174164,
        0.11219511926174164,
        0.05121951177716255,
        0.08536585420370102,
        0.06341463327407837,
        0.10975609719753265
    ],
    "val_cosine_similarity":[
        0.6089893579483032,
        0.9856823682785034,
        0.9774485230445862,
        0.764796793460846,
        0.9873135685920715,
        0.8783174753189087,
        0.6724113821983337,
        0.9833068251609802,
        0.9910687804222107,
        0.9875203371047974,
        0.9867230653762817,
        0.9885642528533936,
        0.9429333806037903,
        0.935126781463623,
        0.9491998553276062,
        0.949472188949585,
        0.9902271032333374,
        0.9214304685592651,
        0.9037888050079346
    ],
    "val_loss":[
        6.38796846033074e-05,
        6.0940070397919044e-05,
        6.17538025835529e-05,
        5.930419865762815e-05,
        4.849066317547113e-05,
        5.24662209500093e-05,
        5.558943303185515e-05,
        5.111493373988196e-05,
        4.137954238103703e-05,
        4.196889858576469e-05,
        4.454988811630756e-05,
        4.564502523862757e-05,
        4.3716227082768455e-05,
        4.220684422762133e-05,
        5.237287041381933e-05,
        5.3351628594100475e-05,
        4.2069139453815296e-05,
        4.2829775338759646e-05,
        5.5726926802890375e-05
    ],
    "val_mean_absolute_error":[
        0.0063129598274827,
        0.005628582555800676,
        0.005618208087980747,
        0.005795968230813742,
        0.0050102886743843555,
        0.005362050142139196,
        0.005923790391534567,
        0.004881404805928469,
        0.004357225261628628,
        0.004619484767317772,
        0.004709611646831036,
        0.004864837974309921,
        0.004619221203029156,
        0.004471323452889919,
        0.004889298230409622,
        0.0050093038007617,
        0.004676643293350935,
        0.004650369752198458,
        0.0051375702023506165
    ],
    "val_mean_squared_error":[
        6.38796846033074e-05,
        6.0940070397919044e-05,
        6.17538025835529e-05,
        5.930419865762815e-05,
        4.849066317547113e-05,
        5.24662209500093e-05,
        5.558943303185515e-05,
        5.111493373988196e-05,
        4.137954238103703e-05,
        4.196889858576469e-05,
        4.454988811630756e-05,
        4.564502523862757e-05,
        4.3716227082768455e-05,
        4.220684422762133e-05,
        5.237287041381933e-05,
        5.3351628594100475e-05,
        4.2069139453815296e-05,
        4.2829775338759646e-05,
        5.5726926802890375e-05
    ]
}