{
    "accuracy":[
        0.07532548159360886,
        0.08896466344594955,
        0.07563546299934387,
        0.07842529565095901,
        0.07439553737640381,
        0.08307501673698425,
        0.08028518408536911,
        0.08555486798286438,
        0.08958462625741959,
        0.09330440312623978,
        0.09299442172050476,
        0.08741475641727448,
        0.08059516549110413,
        0.08710477501153946,
        0.08121512830257416,
        0.0898946076631546,
        0.09702417999505997,
        0.09485431015491486,
        0.08865468204021454,
        0.09082455188035965,
        0.09361438453197479,
        0.08741475641727448,
        0.09795412421226501,
        0.08493490517139435,
        0.08896466344594955,
        0.09733416140079498,
        0.08710477501153946
    ],
    "cosine_similarity":[
        0.9871823191642761,
        0.9888449907302856,
        0.9897028207778931,
        0.9880855679512024,
        0.9904341697692871,
        0.9925563335418701,
        0.9884869456291199,
        0.9906182885169983,
        0.9899677634239197,
        0.9894076585769653,
        0.9877740740776062,
        0.9900986552238464,
        0.9917035102844238,
        0.9931738972663879,
        0.9901199340820312,
        0.9908401370048523,
        0.9909575581550598,
        0.9922040700912476,
        0.9918362498283386,
        0.9915934205055237,
        0.9891209602355957,
        0.9892128109931946,
        0.9914871454238892,
        0.9896674156188965,
        0.9902001023292542,
        0.9905169010162354,
        0.9891484379768372
    ],
    "loss":[
        0.002401491394266486,
        0.001338748261332512,
        0.001139711937867105,
        0.0011020611273124814,
        0.0010388783412054181,
        0.0009859040146693587,
        0.000996690709143877,
        0.000997262541204691,
        0.0009692204766906798,
        0.0009709098376333714,
        0.0009582478669472039,
        0.0009685578406788409,
        0.0009432611986994743,
        0.0009438597480766475,
        0.0009302464895881712,
        0.0009210548014380038,
        0.0009313264745287597,
        0.0009084644261747599,
        0.0009127585799433291,
        0.0009219396160915494,
        0.00091217749286443,
        0.0009055064292624593,
        0.0009007535991258919,
        0.0009047113708220422,
        0.000907930254470557,
        0.0009134378633461893,
        0.000899018079508096
    ],
    "mean_absolute_error":[
        0.03038966655731201,
        0.023702135309576988,
        0.021679632365703583,
        0.021025074645876884,
        0.020547345280647278,
        0.01991700753569603,
        0.019908728078007698,
        0.019978297874331474,
        0.019582966342568398,
        0.019704729318618774,
        0.01962299458682537,
        0.019280152395367622,
        0.019055914133787155,
        0.019033128395676613,
        0.019186008721590042,
        0.019064225256443024,
        0.019088616594672203,
        0.018875548616051674,
        0.018876301124691963,
        0.019039636477828026,
        0.01893940381705761,
        0.018747732043266296,
        0.01881316676735878,
        0.018779577687382698,
        0.018883569166064262,
        0.01884545385837555,
        0.01874752901494503
    ],
    "mean_squared_error":[
        0.002401491394266486,
        0.001338748261332512,
        0.001139711937867105,
        0.0011020611273124814,
        0.0010388783412054181,
        0.0009859040146693587,
        0.000996690709143877,
        0.000997262541204691,
        0.0009692204766906798,
        0.0009709098376333714,
        0.0009582478669472039,
        0.0009685578406788409,
        0.0009432611986994743,
        0.0009438597480766475,
        0.0009302464895881712,
        0.0009210548014380038,
        0.0009313264745287597,
        0.0009084644261747599,
        0.0009127585799433291,
        0.0009219396160915494,
        0.00091217749286443,
        0.0009055064292624593,
        0.0009007535991258919,
        0.0009047113708220422,
        0.000907930254470557,
        0.0009134378633461893,
        0.000899018079508096
    ],
    "val_accuracy":[
        0.06815365701913834,
        0.06567534059286118,
        0.08798017352819443,
        0.05947955325245857,
        0.08426269888877869,
        0.05576208233833313,
        0.07930607348680496,
        0.0706319734454155,
        0.06319702416658401,
        0.10037174820899963,
        0.11276332288980484,
        0.11028500646352768,
        0.07806691527366638,
        0.05824039503931999,
        0.03345724940299988,
        0.05080545321106911,
        0.0830235406756401,
        0.12515489757061005,
        0.14993804693222046,
        0.03965303674340248,
        0.10780669003725052,
        0.09541511535644531,
        0.11276332288980484,
        0.14374224841594696,
        0.13135068118572235,
        0.06815365701913834,
        0.1090458482503891
    ],
    "val_cosine_similarity":[
        0.9957295060157776,
        0.994495689868927,
        0.9963183999061584,
        0.9952490329742432,
        0.9955351948738098,
        0.9962769150733948,
        0.9958291053771973,
        0.9964244365692139,
        0.9962307810783386,
        0.9956270456314087,
        0.9964937567710876,
        0.9964786171913147,
        0.9799776077270508,
        0.9967347979545593,
        0.9962139129638672,
        0.9959277510643005,
        0.996248722076416,
        0.9964532256126404,
        0.9918316602706909,
        0.9965404868125916,
        0.9963915348052979,
        0.9917259812355042,
        0.9959290027618408,
        0.9908737540245056,
        0.9350368976593018,
        0.989469051361084,
        0.9945029020309448
    ],
    "val_loss":[
        0.0020431075245141983,
        0.0009251873125322163,
        0.0009409667691215873,
        0.0007989424047991633,
        0.0011619130382314324,
        0.0009081161115318537,
        0.0008237648289650679,
        0.0009574532159604132,
        0.0008303195354528725,
        0.0007984404801391065,
        0.0009226254769600928,
        0.0008401761297136545,
        0.0008266076329164207,
        0.0007807746878825128,
        0.0007944377139210701,
        0.0007651519263163209,
        0.000762275536544621,
        0.000871422584168613,
        0.0007964161923155189,
        0.0011008833535015583,
        0.0008413385367020965,
        0.000983304693363607,
        0.0008371997391805053,
        0.0007695890963077545,
        0.0010833758860826492,
        0.0007788758957758546,
        0.000831661163829267
    ],
    "val_mean_absolute_error":[
        0.029281925410032272,
        0.01900448091328144,
        0.020807895809412003,
        0.016963081434369087,
        0.02051665261387825,
        0.01848727837204933,
        0.019036097452044487,
        0.019585222005844116,
        0.017477432265877724,
        0.018257003277540207,
        0.019754773005843163,
        0.017892932519316673,
        0.01875828206539154,
        0.016657168045639992,
        0.017754171043634415,
        0.01639336161315441,
        0.016404464840888977,
        0.01877298392355442,
        0.01717585325241089,
        0.020724961534142494,
        0.018062764778733253,
        0.018848353996872902,
        0.01795768551528454,
        0.017167391255497932,
        0.02277798019349575,
        0.017757242545485497,
        0.017050212249159813
    ],