{"Strategy Metrics": {"Daily Swing Trade Return": 79.99999399999996, "Buy & Hold Return": -3.459999999999998, "Auto13($22000) Return": 20458.617831999938}, "Model Metrics": {"loss": 144.92276000976562, "mean_squared_error": 144.92276000976562, "mean_absolute_error": 11.659392356872559, "accuracy": 0.3231225311756134, "cosine_similarity": 0.9996650218963623}, "Class Metrics": {"f1_monark": 0.7189030362389814, "accuracy": 0.7166831194471865, "precision": 0.716796875, "recall": 0.7210216110019646, "roc auc": 0.716661599151776}}