{
    "accuracy":[
        0.06460190564393997,
        0.06460190564393997,
        0.06428906321525574,
        0.06381980329751968,
        0.06428906321525574,
        0.06913811713457108,
        0.07461285591125488,
        0.07633349299430847,
        0.07914906740188599,
        0.0810261219739914,
        0.08368527889251709,
        0.08243390917778015,
        0.08243390917778015,
        0.08712654560804367,
        0.09025496989488602,
        0.09572970122098923,
        0.08540591597557068,
        0.09932739287614822,
        0.09088064730167389,
        0.08962928503751755,
        0.09932739287614822,
        0.08399812132120132,
        0.08994212746620178,
        0.08900360018014908
    ],
    "cosine_similarity":[
        0.6093928217887878,
        0.575134813785553,
        0.5975390672683716,
        0.5881163477897644,
        0.5931328535079956,
        0.5936282873153687,
        0.599180281162262,
        0.6259989142417908,
        0.6175420880317688,
        0.6363182067871094,
        0.6316049098968506,
        0.6378247141838074,
        0.6682167649269104,
        0.660430908203125,
        0.6524681448936462,
        0.6895141005516052,
        0.6768131256103516,
        0.66642165184021,
        0.6960936784744263,
        0.6897367238998413,
        0.7027005553245544,
        0.7041319012641907,
        0.680577278137207,
        0.6833018064498901
    ],
    "loss":[
        9.397509711561725e-05,
        4.44068900833372e-05,
        4.305602124077268e-05,
        4.261287540430203e-05,
        3.1145460525294766e-05,
        2.8951048079761676e-05,
        3.190006100339815e-05,
        2.4641591153340414e-05,
        2.9016140615567565e-05,
        2.4953205866040662e-05,
        2.4378576199524105e-05,
        2.6139785404666327e-05,
        2.02633164008148e-05,
        2.1445874153869227e-05,
        2.4995042622322217e-05,
        1.9021332263946533e-05,
        2.041641164396424e-05,
        2.124101411027368e-05,
        1.778474688762799e-05,
        2.1754069166490808e-05,
        1.621370029170066e-05,
        1.8310627638129517e-05,
        2.1682752048945986e-05,
        1.8688468117034063e-05
    ],
    "mean_absolute_error":[
        0.005268824752420187,
        0.00424127047881484,
        0.004002653993666172,
        0.004016384016722441,
        0.0036061673890799284,
        0.0034645148552954197,
        0.0036047555040568113,
        0.003126436145976186,
        0.0033716573379933834,
        0.0031240868847817183,
        0.0030997758731245995,
        0.0031839164439588785,
        0.0028131441213190556,
        0.002834475599229336,
        0.0030405460856854916,
        0.0026478769723325968,
        0.002716589020565152,
        0.0028285346925258636,
        0.0026220795698463917,
        0.002830268582329154,
        0.002463060198351741,
        0.0026287196669727564,
        0.002824708353728056,
        0.00263440259732306
    ],
    "mean_squared_error":[
        9.397509711561725e-05,
        4.44068900833372e-05,
        4.305602124077268e-05,
        4.261287540430203e-05,
        3.1145460525294766e-05,
        2.8951048079761676e-05,
        3.190006100339815e-05,
        2.4641591153340414e-05,
        2.9016140615567565e-05,
        2.4953205866040662e-05,
        2.4378576199524105e-05,
        2.6139785404666327e-05,
        2.02633164008148e-05,
        2.1445874153869227e-05,
        2.4995042622322217e-05,
        1.9021332263946533e-05,
        2.041641164396424e-05,
        2.124101411027368e-05,
        1.778474688762799e-05,
        2.1754069166490808e-05,
        1.621370029170066e-05,
        1.8310627638129517e-05,
        2.1682752048945986e-05,
        1.8688468117034063e-05
    ],
    "val_accuracy":[
        0.06378986686468124,
        0.08380237966775894,
        0.055659785866737366,
        0.05003127083182335,
        0.06941838562488556,
        0.08818010985851288,
        0.06378986686468124,
        0.12070044130086899,
        0.04815509542822838,
        0.08567854762077332,
        0.07942464202642441,
        0.06253908574581146,
        0.057535961270332336,
        0.11882426589727402,
        0.10193870961666107,
        0.11632270365953445,
        0.12445278465747833,
        0.06316448003053665,
        0.06128830462694168,
        0.07129456102848053,
        0.09505940973758698,
        0.07191994786262512,
        0.0863039419054985,
        0.13195747137069702
    ],
    "val_cosine_similarity":[
        0.8641875982284546,
        -0.23591814935207367,
        0.6439637541770935,
        -0.0561477355659008,
        0.992222011089325,
        0.6082506775856018,
        0.981947124004364,
        0.9931983947753906,
        0.3699272572994232,
        0.9816454648971558,
        0.5838282108306885,
        -0.31868046522140503,
        0.9641478061676025,
        0.9112619757652283,
        0.8212372064590454,
        0.9951527714729309,
        0.24967606365680695,
        0.9970443844795227,
        0.9969501495361328,
        0.8184388279914856,
        0.653750479221344,
        0.9073087573051453,
        0.5939432382583618,
        -0.17659780383110046
    ],
    "val_loss":[
        7.755881233606488e-05,
        0.00010474496957613155,
        2.322078034922015e-05,
        1.971927849808708e-05,
        2.541239700803999e-05,
        1.1447796168795321e-05,
        5.993643753754441e-06,
        1.0544862561800983e-05,
        6.559277608175762e-06,
        9.575832336849999e-06,
        2.657708500919398e-05,
        1.591558611835353e-05,
        4.997225914848968e-06,
        4.602725311997347e-06,
        4.6134000513120554e-06,
        1.5198570508800913e-05,
        2.797928755171597e-05,
        1.567934850754682e-05,
        2.1242909497232176e-05,
        2.3697937649558298e-05,
        7.842833838367369e-06,
        1.463835815229686e-05,
        6.536081400554394e-06,
        1.2023739145661239e-05
    ],
    "val_mean_absolute_error":[
        0.004303178749978542,
        0.006521129980683327,
        0.002499014139175415,
        0.003413266269490123,
        0.0038961938116699457,
        0.0018028505146503448,
        0.0013049737317487597,
        0.0024946024641394615,
        0.0020164658781141043,
        0.0011867198627442122,
        0.0028467869851738214,
        0.0036598469596356153,
        0.0009571778355166316,
        0.0009723067632876337,
        0.0011389440624043345,
        0.001947892364114523,
        0.0032346071675419807,
        0.0028295961674302816,
        0.0030470199417322874,
        0.002211514161899686,
        0.0016866447404026985,
        0.0015395728405565023,
        0.0016278306720778346,
        0.003110850928351283
    ],
    "val_mean_squared_error":[
        7.755881233606488e-05,
        0.00010474496957613155,
        2.322078034922015e-05,
        1.971927849808708e-05,
        2.541239700803999e-05,
        1.1447796168795321e-05,
        5.993643753754441e-06,
        1.0544862561800983e-05,
        6.559277608175762e-06,
        9.575832336849999e-06,
        2.657708500919398e-05,
        1.591558611835353e-05,
        4.997225914848968e-06,
        4.602725311997347e-06,
        4.6134000513120554e-06,
        1.5198570508800913e-05,
        2.797928755171597e-05,
        1.567934850754682e-05,
        2.1242909497232176e-05,
        2.3697937649558298e-05,
        7.842833838367369e-06,
        1.463835815229686e-05,
        6.536081400554394e-06,
        1.2023739145661239e-05
    ]
}