{
    "accuracy":[
        0.06666667014360428,
        0.1388888955116272,
        0.1111111119389534,
        0.17222222685813904,
        0.17222222685813904,
        0.10555555671453476,
        0.17222222685813904,
        0.25,
        0.17777778208255768,
        0.2666666805744171,
        0.25,
        0.1944444477558136,
        0.21666666865348816,
        0.23333333432674408,
        0.22777777910232544,
        0.22777777910232544,
        0.2222222238779068,
        0.18333333730697632,
        0.21111111342906952,
        0.27222222089767456,
        0.23888888955116272,
        0.2222222238779068,
        0.22777777910232544,
        0.25555557012557983,
        0.25555557012557983,
        0.23333333432674408,
        0.2222222238779068,
        0.2222222238779068,
        0.27222222089767456,
        0.20555555820465088,
        0.2222222238779068,
        0.21111111342906952,
        0.25555557012557983,
        0.2222222238779068,
        0.25555557012557983,
        0.22777777910232544,
        0.25,
        0.18888889253139496,
        0.25,
        0.23888888955116272,
        0.23888888955116272,
        0.22777777910232544,
        0.21666666865348816,
        0.23888888955116272,
        0.23333333432674408,
        0.2222222238779068,
        0.2222222238779068,
        0.25,
        0.2777777910232544,
        0.23888888955116272,
        0.21111111342906952,
        0.2666666805744171
    ],
    "cosine_similarity":[
        0.9101378321647644,
        0.7429922223091125,
        0.7469073534011841,
        0.7055425643920898,
        0.7755442261695862,
        0.7821542620658875,
        0.806805431842804,
        0.8770464658737183,
        0.8731107711791992,
        0.8880285620689392,
        0.8807129859924316,
        0.8642997741699219,
        0.9071207642555237,
        0.8618529438972473,
        0.8879340887069702,
        0.8882488012313843,
        0.8544517755508423,
        0.924263060092926,
        0.895580530166626,
        0.9179091453552246,
        0.8843542337417603,
        0.9024516344070435,
        0.9132140874862671,
        0.9256645441055298,
        0.8886498212814331,
        0.9154624342918396,
        0.8950563073158264,
        0.8760349750518799,
        0.8920424580574036,
        0.9252855777740479,
        0.9421567916870117,
        0.9225889444351196,
        0.8580679297447205,
        0.8925096988677979,
        0.9032367467880249,
        0.9160346984863281,
        0.9322339296340942,
        0.8440333008766174,
        0.9231701493263245,
        0.9129797220230103,
        0.8967819809913635,
        0.8945046067237854,
        0.9018546342849731,
        0.9161710143089294,
        0.9099855422973633,
        0.8976542353630066,
        0.9088014960289001,
        0.9151384234428406,
        0.9399901628494263,
        0.9242416620254517,
        0.8818506002426147,
        0.9172516465187073
    ],
    "loss":[
        0.026782888919115067,
        0.013193893246352673,
        0.011695249006152153,
        0.00794444140046835,
        0.007477680221199989,
        0.00562997255474329,
        0.005856939125806093,
        0.0046536666341125965,
        0.004458087962120771,
        0.004327494651079178,
        0.005777325946837664,
        0.004266047850251198,
        0.00423901854082942,
        0.0038667689077556133,
        0.0038438630290329456,
        0.003776550991460681,
        0.0048663862980902195,
        0.003243054263293743,
        0.0035031612496823072,
        0.003129534190520644,
        0.0031144479289650917,
        0.002919703722000122,
        0.0030061884317547083,
        0.0034121698699891567,
        0.003061245894059539,
        0.0028198722284287214,
        0.002897784346714616,
        0.0035892261657863855,
        0.0028697066009044647,
        0.0025806655175983906,
        0.0024856075178831816,
        0.002677149837836623,
        0.0035804423969238997,
        0.0022212136536836624,
        0.0023146080784499645,
        0.002566478680819273,
        0.002216890687122941,
        0.0024788849987089634,
        0.0022206921130418777,
        0.0021777760703116655,
        0.0021776745561510324,
        0.001804416417144239,
        0.0023592475336045027,
        0.002072450239211321,
        0.002457476919516921,
        0.00273332791402936,
        0.001907575293444097,
        0.001797710545361042,
        0.0015903626335784793,
        0.0017176051624119282,
        0.002435653004795313,
        0.0021695424802601337
    ],
    "mean_absolute_error":[
        0.1094183698296547,
        0.07623989880084991,
        0.06818228960037231,
        0.055778149515390396,
        0.053591761738061905,
        0.046966537833213806,
        0.04839502274990082,
        0.042671240866184235,
        0.04292455315589905,
        0.04141843318939209,
        0.046086013317108154,
        0.042269542813301086,
        0.041730400174856186,
        0.03960011154413223,
        0.039221446961164474,
        0.039881352335214615,
        0.045018333941698074,
        0.03613723814487457,
        0.03871472179889679,
        0.03558838367462158,
        0.03577042371034622,
        0.034739334136247635,
        0.034632936120033264,
        0.037118878215551376,
        0.036011721938848495,
        0.03421467915177345,
        0.034786567091941833,
        0.038965266197919846,
        0.03594059497117996,
        0.03237432986497879,
        0.03146076574921608,
        0.03253110125660896,
        0.03932824358344078,
        0.031283311545848846,
        0.03171330317854881,
        0.03192653879523277,
        0.030380230396986008,
        0.03208039700984955,
        0.029837198555469513,
        0.031637661159038544,
        0.031162023544311523,
        0.027587832883000374,
        0.03164542838931084,
        0.03067834861576557,
        0.03044772893190384,
        0.03395453840494156,
        0.028613440692424774,
        0.028330225497484207,
        0.026100998744368553,
        0.027588261291384697,
        0.0313391350209713,
        0.03003658913075924
    ],
    "mean_squared_error":[
        0.026782888919115067,
        0.013193893246352673,
        0.011695249006152153,
        0.00794444140046835,
        0.007477680221199989,
        0.00562997255474329,
        0.005856939125806093,
        0.0046536666341125965,
        0.004458087962120771,
        0.004327494651079178,
        0.005777325946837664,
        0.004266047850251198,
        0.00423901854082942,
        0.0038667689077556133,
        0.0038438630290329456,
        0.003776550991460681,
        0.0048663862980902195,
        0.003243054263293743,
        0.0035031612496823072,
        0.003129534190520644,
        0.0031144479289650917,
        0.002919703722000122,
        0.0030061884317547083,
        0.0034121698699891567,
        0.003061245894059539,
        0.0028198722284287214,
        0.002897784346714616,
        0.0035892261657863855,
        0.0028697066009044647,
        0.0025806655175983906,
        0.0024856075178831816,
        0.002677149837836623,
        0.0035804423969238997,
        0.0022212136536836624,
        0.0023146080784499645,
        0.002566478680819273,
        0.002216890687122941,
        0.0024788849987089634,
        0.0022206921130418777,
        0.0021777760703116655,
        0.0021776745561510324,
        0.001804416417144239,
        0.0023592475336045027,
        0.002072450239211321,
        0.002457476919516921,
        0.00273332791402936,
        0.001907575293444097,
        0.001797710545361042,
        0.0015903626335784793,
        0.0017176051624119282,
        0.002435653004795313,
        0.0021695424802601337
    ],