{"Strategy Metrics": {"Daily Swing Trade Return": 192.2838359999998, "Buy & Hold Return": -7.756154000000005, "Auto13($22000) Return": 43884.567739000035}, "Model Metrics": {"loss": 419.2989196777344, "mean_squared_error": 419.2989196777344, "mean_absolute_error": 19.260128021240234, "accuracy": 0.38593751192092896, "cosine_similarity": 0.9999090433120728}, "Class Metrics": {"f1_monark": 0.760998810939358, "accuracy": 0.7645450995704803, "precision": 0.7476635514018691, "recall": 0.774818401937046, "roc auc": 0.7648675973376607}}