{"Strategy Metrics": {"Daily Swing Trade Return": 44.39400000000006, "Buy & Hold Return": -27.79000000000002, "Auto13($22000) Return": 196.01299999998446}, "Model Metrics": {"loss": 189033.78125, "mean_squared_error": 189033.78125, "mean_absolute_error": 434.66961669921875, "accuracy": 0.4444444477558136, "cosine_proximity": 0.9559239149093628}, "Class Metrics": {"f1_monark": 0.46341463414634154, "accuracy": 0.5319148936170213, "precision": 0.4418604651162791, "recall": 0.48717948717948717, "roc auc": 0.5254079254079255}}