{
    "accuracy":[
        0.17860648036003113,
        0.1678115725517273,
        0.1776251196861267,
        0.181550532579422,
        0.1687929332256317,
        0.17860648036003113,
        0.1776251196861267,
        0.1864573061466217,
        0.17468105256557465,
        0.15603533387184143,
        0.18351325392723083,
        0.2051030397415161,
        0.17566241323947906,
        0.18056918680667877,
        0.17958782613277435,
        0.1864573061466217,
        0.1864573061466217,
        0.19430814683437347,
        0.17369970679283142,
        0.181550532579422,
        0.16683022677898407,
        0.17075563967227936,
        0.17664377391338348,
        0.163886159658432,
        0.16290481388568878,
        0.20117762684822083,
        0.2041216939687729,
        0.19332678616046906,
        0.19234544038772583,
        0.21000981330871582,
        0.19038273394107819,
        0.2139352262020111,
        0.20706574618816376,
        0.2041216939687729,
        0.20608440041542053,
        0.21982336044311523,
        0.2139352262020111,
        0.2139352262020111,
        0.21295388042926788,
        0.2227674126625061
    ],
    "cosine_similarity":[
        0.9390613436698914,
        0.9641294479370117,
        0.9523290395736694,
        0.9484949111938477,
        0.961533784866333,
        0.9481583833694458,
        0.9452776908874512,
        0.943579375743866,
        0.932942807674408,
        0.9345081448554993,
        0.9393177628517151,
        0.930862307548523,
        0.9450128078460693,
        0.9369271397590637,
        0.9419756531715393,
        0.9362747669219971,
        0.9388870000839233,
        0.945206880569458,
        0.9271517992019653,
        0.9530143141746521,
        0.9350565075874329,
        0.9349064230918884,
        0.9459272623062134,
        0.9440398216247559,
        0.9383183121681213,
        0.9441898465156555,
        0.9442040324211121,
        0.951622724533081,
        0.944509744644165,
        0.9510430693626404,
        0.9570154547691345,
        0.9425168037414551,
        0.9456473588943481,
        0.9545391201972961,
        0.956974446773529,
        0.9544386267662048,
        0.9455491900444031,
        0.9574756622314453,
        0.9486261606216431,
        0.9369575381278992
    ],
    "loss":[
        0.003970231395214796,
        0.0014947624877095222,
        0.0012734737247228622,
        0.0008248630329035223,
        0.0008219096343964338,
        0.0008008130826056004,
        0.0007163848495110869,
        0.000698389601893723,
        0.0006243154057301581,
        0.000525845040101558,
        0.0005935034714639187,
        0.0005203356267884374,
        0.0005723185604438186,
        0.0004710234352387488,
        0.0004855879524257034,
        0.0005351160652935505,
        0.000499797344673425,
        0.00044701164006255567,
        0.0005498055252246559,
        0.00046817807015031576,
        0.0004807251098100096,
        0.00044043303932994604,
        0.0005287130479700863,
        0.00044945007539354265,
        0.0004673775692936033,
        0.0003972235135734081,
        0.00047840800834819674,
        0.00043031820678152144,
        0.0004381418402772397,
        0.0004262952716089785,
        0.00038588137249462306,
        0.00042501281131990254,
        0.0004525548138190061,
        0.00047900204663164914,
        0.0003671706363093108,
        0.0003493801923468709,
        0.0004786356585100293,
        0.00041554641211405396,
        0.0003485287888906896,
        0.000441773678176105
    ],
    "mean_absolute_error":[
        0.038744017481803894,
        0.024912510067224503,
        0.02284090779721737,
        0.018886564299464226,
        0.018547000363469124,
        0.018807481974363327,
        0.01770179532468319,
        0.01799626462161541,
        0.01698153279721737,
        0.015869885683059692,
        0.01688186451792717,
        0.01596936210989952,
        0.016325324773788452,
        0.015500018373131752,
        0.01582726091146469,
        0.015992525964975357,
        0.01584269292652607,
        0.014949753880500793,
        0.016552645713090897,
        0.015057842247188091,
        0.015627790242433548,
        0.015156706795096397,
        0.015962809324264526,
        0.015071953646838665,
        0.015679869800806046,
        0.014334687031805515,
        0.01569174975156784,
        0.014133146964013577,
        0.015338446944952011,
        0.014619716443121433,
        0.013891867361962795,
        0.014870569109916687,
        0.015021849423646927,
        0.015102329663932323,
        0.013979385606944561,
        0.013569076545536518,
        0.015147688798606396,
        0.014520522207021713,
        0.013134922832250595,
        0.015062793157994747
    ],
    "mean_squared_error":[
        0.003970231395214796,
        0.0014947624877095222,
        0.0012734737247228622,
        0.0008248630329035223,
        0.0008219096343964338,
        0.0008008130826056004,
        0.0007163848495110869,
        0.000698389601893723,
        0.0006243154057301581,
        0.000525845040101558,
        0.0005935034714639187,
        0.0005203356267884374,
        0.0005723185604438186,
        0.0004710234352387488,
        0.0004855879524257034,
        0.0005351160652935505,
        0.000499797344673425,
        0.00044701164006255567,
        0.0005498055252246559,
        0.00046817807015031576,
        0.0004807251098100096,
        0.00044043303932994604,
        0.0005287130479700863,
        0.00044945007539354265,
        0.0004673775692936033,
        0.0003972235135734081,
        0.00047840795014053583,
        0.00043031820678152144,
        0.0004381418402772397,
        0.0004262952716089785,
        0.00038588137249462306,
        0.00042501281131990254,
        0.0004525548138190061,
        0.00047900204663164914,
        0.0003671706363093108,
        0.0003493801923468709,
        0.0004786356585100293,
        0.00041554641211405396,
        0.0003485287888906896,
        0.000441773678176105
    ],
    "val_accuracy":[
        0.11764705926179886,
        0.1411764770746231,
        0.16470588743686676,
        0.21568627655506134,
        0.11764705926179886,
        0.21176470816135406,
        0.12941177189350128,
        0.15294118225574493,
        0.1411764770746231,
        0.18431372940540314,
        0.24313725531101227,
        0.20392157137393951,
        0.11764705926179886,
        0.11764705926179886,
        0.3333333432674408,
        0.16862745583057404,
        0.16862745583057404,
        0.22745098173618317,
        0.13333334028720856,
        0.239215686917305,
        0.16862745583057404,
        0.23137255012989044,
        0.33725491166114807,
        0.29019609093666077,
        0.33725491166114807,
        0.21176470816135406,
        0.25882354378700256,
        0.1921568661928177,
        0.1882352977991104,
        0.30588236451148987,
        0.33725491166114807,
        0.24705882370471954,
        0.250980406999588,
        0.21568627655506134,
        0.32156863808631897,
        0.250980406999588,
        0.2823529541492462,
        0.30980393290519714,
        0.2980392277240753,
        0.2549019753932953
    ],