{
    "accuracy":[
        0.07166442275047302,
        0.07594472169876099,
        0.08059190213680267,
        0.08682890981435776,
        0.07900208234786987,
        0.08609514683485031,
        0.0858505591750145,
        0.08193714171648026,
        0.08670661598443985,
        0.0858505591750145,
        0.08964167535305023,
        0.08805185556411743,
        0.08951938152313232,
        0.08279319852590561,
        0.08768496662378311,
        0.0940442681312561,
        0.08658432215452194,
        0.0859728530049324,
        0.0891525000333786,
        0.08536137640476227,
        0.09318821132183075,
        0.09624556452035904,
        0.08474990725517273,
        0.08854103088378906,
        0.0890302062034607
    ],
    "cosine_similarity":[
        0.9052049517631531,
        0.9315615892410278,
        0.9330676794052124,
        0.9427313804626465,
        0.9462498426437378,
        0.9465269446372986,
        0.9442818760871887,
        0.9478334784507751,
        0.9389638304710388,
        0.9462781548500061,
        0.9498575925827026,
        0.9440891146659851,
        0.9567140340805054,
        0.9490398168563843,
        0.944685161113739,
        0.9419242739677429,
        0.9453595876693726,
        0.9501647353172302,
        0.9524359107017517,
        0.9478985071182251,
        0.951532781124115,
        0.950296938419342,
        0.945442795753479,
        0.9485763907432556,
        0.9512637257575989
    ],
    "loss":[
        0.0005547967157326639,
        0.0002656450087670237,
        0.00022446562070399523,
        0.00021097503486089408,
        0.00019613350741565228,
        0.00019186150166206062,
        0.00018871149222832173,
        0.00018685903341975063,
        0.00018576273578219116,
        0.00018226203974336386,
        0.0001765515626175329,
        0.0001787391520338133,
        0.00017411050794180483,
        0.0001783501502359286,
        0.00017372261208947748,
        0.00017486872093286365,
        0.00017465886776335537,
        0.0001736161793814972,
        0.00017387473781127483,
        0.00017208821373060346,
        0.00017065413703676313,
        0.00017253428814001381,
        0.00017282551561947912,
        0.00017149487393908203,
        0.00016872765263542533
    ],
    "mean_absolute_error":[
        0.013319650664925575,
        0.009651550091803074,
        0.00892297737300396,
        0.008650235831737518,
        0.008205868303775787,
        0.008100081235170364,
        0.008108129724860191,
        0.007947712205350399,
        0.008064625784754753,
        0.007828467525541782,
        0.007790169212967157,
        0.007834427058696747,
        0.007582319434732199,
        0.007805491331964731,
        0.007691115140914917,
        0.007716217543929815,
        0.007685428485274315,
        0.007678459398448467,
        0.007593144662678242,
        0.007616408634930849,
        0.007532790303230286,
        0.007645478937774897,
        0.007624656427651644,
        0.007568566594272852,
        0.007502005435526371
    ],
    "mean_squared_error":[
        0.0005547967157326639,
        0.0002656450087670237,
        0.00022446562070399523,
        0.00021097503486089408,
        0.00019613350741565228,
        0.00019186150166206062,
        0.00018871149222832173,
        0.00018685903341975063,
        0.00018576273578219116,
        0.00018226203974336386,
        0.0001765515626175329,
        0.0001787391520338133,
        0.00017411050794180483,
        0.0001783501502359286,
        0.00017372261208947748,
        0.00017486872093286365,
        0.00017465886776335537,
        0.0001736161793814972,
        0.00017387473781127483,
        0.00017208821373060346,
        0.00017065413703676313,
        0.00017253428814001381,
        0.00017282551561947912,
        0.00017149487393908203,
        0.00016872765263542533
    ],
    "val_accuracy":[
        0.059168703854084015,
        0.0689486563205719,
        0.05281173437833786,
        0.07334963232278824,
        0.1031784862279892,
        0.10611247271299362,
        0.06210269033908844,
        0.042053788900375366,
        0.0919315367937088,
        0.11344743520021439,
        0.080684594810009,
        0.11833740770816803,
        0.054767727851867676,
        0.15403422713279724,
        0.12127139419317245,
        0.08557457476854324,
        0.06699266284704208,
        0.12078239768743515,
        0.11784841120243073,
        0.07677261531352997,
        0.08166259527206421,
        0.05525672435760498,
        0.15256723761558533,
        0.10562346875667572,
        0.08410757780075073
    ],
    "val_cosine_similarity":[
        0.993894100189209,
        0.9633422493934631,
        0.9515865445137024,
        0.9862836599349976,
        0.5554898977279663,
        0.9966099858283997,
        0.9939075112342834,
        0.9964529871940613,
        0.9871702194213867,
        0.8355572819709778,
        0.9926060438156128,
        0.9862760305404663,
        0.9974722266197205,
        0.9915264248847961,
        0.995351254940033,
        0.9938592314720154,
        0.847801685333252,
        0.9597514867782593,
        0.9903502464294434,
        0.9957925081253052,
        0.4628373980522156,
        0.9897376298904419,
        0.9722753167152405,
        0.995997965335846,
        0.9936437606811523
    ],
    "val_loss":[
        0.0002480347757227719,
        0.0003716674109455198,
        0.000265603099251166,
        0.00018201775674242526,
        0.00023589977354276925,
        0.00021486326295416802,
        0.0001793305273167789,
        0.0002091085334541276,
        0.00017931259935721755,
        0.00021121899771969765,
        0.0002078212273772806,
        0.00019460580369923264,
        0.00020557169045787305,
        0.00022638124937657267,
        0.00017765552911441773,
        0.00018713876488618553,
        0.00020753880380652845,
        0.00017891559400595725,
        0.00018852694483939558,
        0.00018488931527826935,
        0.0002473610802553594,
        0.00017960004333872348,
        0.00018120773893315345,
        0.00022966986580286175,
        0.0001864507794380188
    ],
    "val_mean_absolute_error":[
        0.008486304432153702,
        0.01107093133032322,
        0.008902604691684246,
        0.006746961735188961,
        0.01105512585490942,
        0.00720220198854804,
        0.006719745695590973,
        0.007071989588439465,
        0.006495921406894922,
        0.009253238327801228,
        0.007354263681918383,
        0.007482423447072506,
        0.009118336252868176,
        0.00833933986723423,
        0.006514622829854488,
        0.007452425546944141,
        0.008437560871243477,
        0.006968840956687927,
        0.006982767954468727,
        0.007359681650996208,
        0.011865672655403614,
        0.006646177265793085,
        0.007012668997049332,
        0.00863699521869421,
        0.006690455134958029
    ],
    "val_mean_squared_error":[
        0.0002480347757227719,
        0.0003716674109455198,
        0.000265603099251166,
        0.00018201775674242526,
        0.00023589977354276925,
        0.00021486326295416802,
        0.0001793305273167789,
        0.0002091085334541276,
        0.00017931259935721755,
        0.00021121899771969765,
        0.0002078212273772806,
        0.00019460580369923264,
        0.00020557169045787305,
        0.00022638124937657267,
        0.00017765552911441773,
        0.00018713876488618553,
        0.00020753880380652845,
        0.00017891559400595725,
        0.00018852694483939558,
        0.00018488931527826935,
        0.0002473610802553594,
        0.00017960004333872348,
        0.00018120773893315345,
        0.00022966986580286175,
        0.0001864507794380188
    ]
}