{
    "accuracy":[
        0.07847759872674942,
        0.07780397683382034,
        0.07578308880329132,
        0.08454024791717529,
        0.08858201652765274,
        0.08319299668073654,
        0.07679353654384613,
        0.08454024791717529,
        0.0791512280702591,
        0.07780397683382034,
        0.09026608616113663,
        0.08521387726068497,
        0.08858201652765274,
        0.09228696674108505,
        0.08959245681762695,
        0.08959245681762695,
        0.0828561782836914,
        0.10003367811441422,
        0.08790838718414307,
        0.08689794689416885,
        0.10373863577842712,
        0.09498147666454315
    ],
    "cosine_similarity":[
        0.9857571125030518,
        0.9846599102020264,
        0.9858731627464294,
        0.980684757232666,
        0.9821437001228333,
        0.9824030995368958,
        0.9823371171951294,
        0.984209418296814,
        0.9840704798698425,
        0.9831268191337585,
        0.9852063655853271,
        0.9844469428062439,
        0.9806186556816101,
        0.9828066229820251,
        0.9795591235160828,
        0.9830026030540466,
        0.9840246438980103,
        0.9839636087417603,
        0.9770734906196594,
        0.9821950197219849,
        0.9831135869026184,
        0.9818227291107178
    ],
    "loss":[
        0.0029755476862192154,
        0.0016222873236984015,
        0.0014559179544448853,
        0.0013323657913133502,
        0.0013017520541325212,
        0.0012884606840088964,
        0.001266935491003096,
        0.0012221216456964612,
        0.001233499962836504,
        0.001187971094623208,
        0.0012201248900964856,
        0.0011957413516938686,
        0.0011793830199167132,
        0.0011690394021570683,
        0.001189336646348238,
        0.00116264377720654,
        0.0011949134059250355,
        0.0011517637176439166,
        0.001174229895696044,
        0.0011685033096000552,
        0.0011481959372758865,
        0.0011443446855992079
    ],
    "mean_absolute_error":[
        0.035137586295604706,
        0.02731381542980671,
        0.025852428749203682,
        0.024449527263641357,
        0.02443568967282772,
        0.02397976443171501,
        0.023971211165189743,
        0.02351842261850834,
        0.0234262403100729,
        0.023013239726424217,
        0.023522593080997467,
        0.023017333820462227,
        0.02298647351562977,
        0.02291065827012062,
        0.02304110862314701,
        0.022885916754603386,
        0.02314659021794796,
        0.02270437963306904,
        0.023006679490208626,
        0.02291497215628624,
        0.022655339911580086,
        0.022597189992666245
    ],
    "mean_squared_error":[
        0.0029755476862192154,
        0.0016222873236984015,
        0.0014559179544448853,
        0.0013323657913133502,
        0.0013017520541325212,
        0.0012884606840088964,
        0.001266935491003096,
        0.0012221216456964612,
        0.001233499962836504,
        0.001187971094623208,
        0.0012201248900964856,
        0.0011957413516938686,
        0.0011793830199167132,
        0.0011690394021570683,
        0.001189336646348238,
        0.00116264377720654,
        0.0011949134059250355,
        0.0011517637176439166,
        0.001174229895696044,
        0.0011685033096000552,
        0.0011481959372758865,
        0.0011443446855992079
    ],
    "val_accuracy":[
        0.05518169701099396,
        0.06729475408792496,
        0.12247644364833832,
        0.10632570832967758,
        0.15343202650547028,
        0.13593539595603943,
        0.030955584719777107,
        0.1090174987912178,
        0.08748317509889603,
        0.11170928925275803,
        0.0484522208571434,
        0.08075369894504547,
        0.12920592725276947,
        0.07671601325273514,
        0.08748317509889603,
        0.11036339402198792,
        0.11305518448352814,
        0.10363391786813736,
        0.09959623217582703,
        0.10497981309890747,
        0.07940780371427536,
        0.11036339402198792
    ],
    "val_cosine_similarity":[
        0.9940237998962402,
        0.9930283427238464,
        0.994552731513977,
        0.9915887117385864,
        0.9857398867607117,
        0.9885473847389221,
        0.9963189959526062,
        0.9957818984985352,
        0.9938889145851135,
        0.996463418006897,
        0.9959092736244202,
        0.9941845536231995,
        0.9963217973709106,
        0.9964897632598877,
        0.9675863981246948,
        0.9416213035583496,
        0.9960992336273193,
        0.9952453970909119,
        0.995667576789856,
        0.9576342701911926,
        0.8674051761627197,
        0.9955690503120422
    ],
    "val_loss":[
        0.0013079341733828187,
        0.0011768083786591887,
        0.0010802897159010172,
        0.0010719065321609378,
        0.0010762994643300772,
        0.0013343698810786009,
        0.001352585037238896,
        0.0010173371993005276,
        0.0010189424501731992,
        0.0010494632879272103,
        0.0010439988691359758,
        0.0009768843883648515,
        0.0010466353269293904,
        0.0011318977922201157,
        0.0010034069418907166,
        0.0010745585896074772,
        0.0011120863491669297,
        0.0010213956702500582,
        0.000994164147414267,
        0.0010604675626382232,
        0.001155583537183702,
        0.0009941949974745512
    ],
    "val_mean_absolute_error":[
        0.023506851866841316,
        0.022356195375323296,
        0.021374104544520378,
        0.021191900596022606,
        0.02167787030339241,
        0.02238999679684639,
        0.026121316477656364,
        0.020418426021933556,
        0.020672263577580452,
        0.02125380001962185,
        0.021866923198103905,
        0.019741954281926155,
        0.022343814373016357,
        0.02302798442542553,
        0.02102225087583065,
        0.0227514635771513,
        0.022724878042936325,
        0.020097000524401665,
        0.02029392682015896,
        0.02184734307229519,
        0.02353053167462349,
        0.020667409524321556
    ],
    "val_mean_squared_error":[
        0.0013079341733828187,
        0.0011768083786591887,
        0.0010802897159010172,
        0.0010719065321609378,
        0.0010762994643300772,
        0.0013343698810786009,
        0.001352585037238896,
        0.0010173371993005276,
        0.0010189424501731992,
        0.0010494632879272103,
        0.0010439988691359758,
        0.0009768843883648515,
        0.0010466353269293904,
        0.0011318977922201157,
        0.0010034069418907166,
        0.0010745585896074772,
        0.0011120863491669297,
        0.0010213956702500582,
        0.000994164147414267,
        0.0010604675626382232,
        0.001155583537183702,
        0.0009941949974745512
    ]
}