{
    "accuracy":[
        0.16683022677898407,
        0.17860648036003113,
        0.16192345321178436,
        0.15701667964458466,
        0.18253189325332642,
        0.163886159658432,
        0.19234544038772583,
        0.17566241323947906,
        0.1687929332256317,
        0.16584886610507965,
        0.17566241323947906,
        0.17369970679283142,
        0.16290481388568878,
        0.16486752033233643,
        0.17958782613277435,
        0.17664377391338348,
        0.18743866682052612,
        0.15799804031848907,
        0.1776251196861267,
        0.17664377391338348,
        0.19038273394107819,
        0.1501471996307373,
        0.17075563967227936,
        0.19332678616046906,
        0.1776251196861267,
        0.17369970679283142,
        0.16584886610507965,
        0.17173700034618378,
        0.17566241323947906,
        0.18743866682052612,
        0.15603533387184143,
        0.1776251196861267,
        0.1952894926071167,
        0.181550532579422,
        0.1913640797138214,
        0.1864573061466217,
        0.19430814683437347,
        0.19234544038772583,
        0.20117762684822083,
        0.18743866682052612,
        0.17369970679283142,
        0.19332678616046906,
        0.19332678616046906,
        0.21197251975536346,
        0.1864573061466217,
        0.18351325392723083,
        0.2001962661743164,
        0.2090284526348114,
        0.1864573061466217,
        0.181550532579422,
        0.22178606688976288,
        0.21491658687591553,
        0.22473013401031494,
        0.2227674126625061
    ],
    "cosine_similarity":[
        0.9526673555374146,
        0.9701403975486755,
        0.9721044301986694,
        0.9656450748443604,
        0.9621715545654297,
        0.9545775651931763,
        0.9572864174842834,
        0.9599864482879639,
        0.9630647897720337,
        0.9544072151184082,
        0.9638376235961914,
        0.9684246182441711,
        0.9581959843635559,
        0.9640687108039856,
        0.9554359316825867,
        0.9592760801315308,
        0.9680029153823853,
        0.9629664421081543,
        0.9657091498374939,
        0.9638738632202148,
        0.9511553049087524,
        0.9685589075088501,
        0.9624821543693542,
        0.9673737287521362,
        0.9635560512542725,
        0.9636833071708679,
        0.9610530138015747,
        0.9596520066261292,
        0.9748324751853943,
        0.9673677682876587,
        0.9676750302314758,
        0.9678145051002502,
        0.9602075815200806,
        0.9613273739814758,
        0.9603138566017151,
        0.9686474204063416,
        0.9598249197006226,
        0.9675002098083496,
        0.9655541181564331,
        0.9705976247787476,
        0.9691193699836731,
        0.9618874788284302,
        0.9624781608581543,
        0.976416826248169,
        0.960801899433136,
        0.9720622301101685,
        0.9748396873474121,
        0.9667742252349854,
        0.9683272242546082,
        0.9655490517616272,
        0.9778382778167725,
        0.9661673307418823,
        0.9716525077819824,
        0.9631215333938599
    ],
    "loss":[
        0.0026976377703249454,
        0.0011032612528651953,
        0.0008000720990821719,
        0.0006101163453422487,
        0.0005419965018518269,
        0.00043729081517085433,
        0.0004373171541374177,
        0.00043254750198684633,
        0.0004781437455676496,
        0.00039413030026480556,
        0.0003483473265077919,
        0.00033728688140399754,
        0.0003884852339979261,
        0.000344059313647449,
        0.0003210646682418883,
        0.0003444496833253652,
        0.0003177940670866519,
        0.00032778221066109836,
        0.000315392593620345,
        0.00033029273618012667,
        0.00031453068368136883,
        0.0003119045286439359,
        0.00030651871929876506,
        0.0002786889672279358,
        0.00028941870550625026,
        0.0002985885366797447,
        0.00031211349414661527,
        0.0002993293746840209,
        0.0002518075634725392,
        0.0002470570325385779,
        0.0003165060479659587,
        0.00025147947599180043,
        0.000256670406088233,
        0.0002517965331207961,
        0.00027294608298689127,
        0.0002618868020363152,
        0.0002758790797088295,
        0.00029684361652471125,
        0.00022269469627644867,
        0.0002901257830671966,
        0.00030431002960540354,
        0.00026116755907423794,
        0.00029083876870572567,
        0.00027864010189659894,
        0.0002535084495320916,
        0.00023875298211351037,
        0.0002641798055265099,
        0.00026232670643366873,
        0.00025693984935060143,
        0.00024851629859767854,
        0.0002561360306572169,
        0.0002812274033203721,
        0.00026757147861644626,
        0.00023816140310373157
    ],
    "mean_absolute_error":[
        0.03287889435887337,
        0.022213980555534363,
        0.01853032410144806,
        0.016770483925938606,
        0.01621783711016178,
        0.014754025265574455,
        0.014739508740603924,
        0.014888624660670757,
        0.01587088406085968,
        0.014391999691724777,
        0.013178152963519096,
        0.01329419482499361,
        0.014476018957793713,
        0.013517208397388458,
        0.012893530540168285,
        0.013191118836402893,
        0.0130558330565691,
        0.013213000260293484,
        0.012960805557668209,
        0.01316391583532095,
        0.012926784344017506,
        0.012839495204389095,
        0.012916961684823036,
        0.012205224484205246,
        0.012677597813308239,
        0.01268731988966465,
        0.01265404000878334,
        0.012758897617459297,
        0.011504131369292736,
        0.011452662758529186,
        0.012844369746744633,
        0.011663173325359821,
        0.011645570397377014,
        0.011687341146171093,
        0.012053225189447403,
        0.011806636117398739,
        0.012133420445024967,
        0.012540953233838081,
        0.011316677555441856,
        0.012083248235285282,
        0.012582603842020035,
        0.011564375832676888,
        0.012592724524438381,
        0.012342694215476513,
        0.011505190283060074,
        0.011361387558281422,
        0.011708883568644524,
        0.01187057700008154,
        0.011783055029809475,
        0.011395754292607307,
        0.01165337860584259,
        0.012066596187651157,
        0.011871067807078362,
        0.01133778691291809
    ],