{"Strategy Metrics": {"Daily Swing Trade Return": 116.25000000000003, "Buy & Hold Return": 3.169999999999998, "Auto13($22000) Return": 82695.06000000006}, "Model Metrics": {"loss": 101.42610931396484, "mean_squared_error": 101.42610931396484, "mean_absolute_error": 9.469155311584473, "accuracy": 0.22625090181827545, "cosine_similarity": 0.9994301795959473}, "Class Metrics": {"f1_monark": 0.7919655667144908, "accuracy": 0.7903109182935647, "precision": 0.8, "recall": 0.7840909090909091, "roc auc": 0.7904254250903736}}