{
    "accuracy":[
        0.33048078417778015,
        0.3325034976005554,
        0.3269021213054657,
        0.3405943810939789,
        0.3264353573322296,
        0.339349627494812,
        0.3507079482078552,
        0.3499299883842468,
        0.3524194657802582,
        0.34650692343711853,
        0.34572896361351013,
        0.34417301416397095,
        0.3519527018070221,
        0.3493075966835022,
        0.34604012966156006,
        0.3374824821949005,
        0.34261709451675415,
        0.3595767915248871,
        0.3390384316444397,
        0.33966079354286194,
        0.34448421001434326,
        0.3409055471420288,
        0.3522638976573944,
        0.3496187925338745,
        0.3507079482078552,
        0.3507079482078552,
        0.3491520285606384,
        0.34572896361351013,
        0.3522638976573944,
        0.3446398079395294,
        0.3556869328022003,
        0.3359265625476837,
        0.35553136467933655,
        0.3401275873184204,
        0.33623775839805603,
        0.34977439045906067
    ],
    "cosine_similarity":[
        0.5406181216239929,
        0.5520461797714233,
        0.5774648189544678,
        0.5901491641998291,
        0.6012909412384033,
        0.6003424525260925,
        0.6200386881828308,
        0.6262525320053101,
        0.6193090677261353,
        0.6149871349334717,
        0.6307643055915833,
        0.6357728242874146,
        0.6345599889755249,
        0.6627039313316345,
        0.6534669399261475,
        0.6690786480903625,
        0.6445035338401794,
        0.6626837253570557,
        0.66839998960495,
        0.6608644127845764,
        0.6569819450378418,
        0.6623921394348145,
        0.6639224886894226,
        0.6648169755935669,
        0.6648968458175659,
        0.6824371218681335,
        0.6722841262817383,
        0.6693838238716125,
        0.6826082468032837,
        0.6780738234519958,
        0.6780815124511719,
        0.6713574528694153,
        0.6984850168228149,
        0.6899422407150269,
        0.6935989260673523,
        0.6844413876533508
    ],
    "loss":[
        0.00011025460116798058,
        6.0438418586272746e-05,
        4.720915967482142e-05,
        3.777521487791091e-05,
        3.8807855162303895e-05,
        3.502314939396456e-05,
        3.206082692486234e-05,
        2.894572935474571e-05,
        3.188846676493995e-05,
        2.7263393349130638e-05,
        2.46849322138587e-05,
        2.431396751489956e-05,
        2.3612697987118736e-05,
        2.1395677322288975e-05,
        2.1583617126452737e-05,
        1.9515937310643494e-05,
        2.047109774139244e-05,
        1.985066046472639e-05,
        1.9850380340358242e-05,
        2.1819028916070238e-05,
        1.8962467947858386e-05,
        1.9904799046344124e-05,
        1.8560607713880017e-05,
        1.9006158254342154e-05,
        1.913922642415855e-05,
        1.6850613974384032e-05,
        1.8988133888342418e-05,
        1.8274004105478525e-05,
        1.7923979612533003e-05,
        1.698055893939454e-05,
        1.7544933143653907e-05,
        1.700200118648354e-05,
        1.5497731510549784e-05,
        1.5952009562170133e-05,
        1.6687063180143014e-05,
        1.638433059270028e-05
    ],
    "mean_absolute_error":[
        0.006665002088993788,
        0.004962687846273184,
        0.004487103316932917,
        0.004020337015390396,
        0.003958127461373806,
        0.0037708072923123837,
        0.003580511314794421,
        0.003453622804954648,
        0.003477312857285142,
        0.003321395255625248,
        0.003175998106598854,
        0.0031611549202352762,
        0.003018717747181654,
        0.0028984469827264547,
        0.0029041399247944355,
        0.0027885264717042446,
        0.0029009573627263308,
        0.0027926310431212187,
        0.00283879810012877,
        0.002856108359992504,
        0.002749777864664793,
        0.0028131643775850534,
        0.0027091160882264376,
        0.0027311008889228106,
        0.0027179839089512825,
        0.0025906788650900126,
        0.0026875745970755816,
        0.002628869842737913,
        0.0026651578955352306,
        0.002580287167802453,
        0.002645814325660467,
        0.0025426046922802925,
        0.002489835722371936,
        0.0024836831726133823,
        0.002522473456338048,
        0.0025595328770577908
    ],
    "mean_squared_error":[
        0.00011025460116798058,
        6.0438418586272746e-05,
        4.720915967482142e-05,
        3.777521487791091e-05,
        3.8807855162303895e-05,
        3.502314939396456e-05,
        3.206082692486234e-05,
        2.894572935474571e-05,
        3.188846676493995e-05,
        2.7263393349130638e-05,
        2.46849322138587e-05,
        2.431396751489956e-05,
        2.3612697987118736e-05,
        2.1395677322288975e-05,
        2.1583617126452737e-05,
        1.9515937310643494e-05,
        2.047109774139244e-05,
        1.985066046472639e-05,
        1.9850380340358242e-05,
        2.1819028916070238e-05,
        1.8962467947858386e-05,
        1.9904799046344124e-05,
        1.8560607713880017e-05,
        1.9006158254342154e-05,
        1.913922642415855e-05,
        1.6850613974384032e-05,
        1.8988133888342418e-05,
        1.8274004105478525e-05,
        1.7923979612533003e-05,
        1.698055893939454e-05,
        1.7544933143653907e-05,
        1.700200118648354e-05,
        1.5497731510549784e-05,
        1.5952009562170133e-05,
        1.6687063180143014e-05,
        1.638433059270028e-05
    ],
    "val_accuracy":[
        0.40945860743522644,
        0.24517734348773956,
        0.2856253981590271,
        0.3092719316482544,
        0.3708774149417877,
        0.3920348584651947,
        0.30740511417388916,
        0.2514001131057739,
        0.3951462209224701,
        0.33105164766311646,
        0.31362786889076233,
        0.40945860743522644,
        0.3976353406906128,
        0.311138778924942,
        0.29433727264404297,
        0.39639079570770264,
        0.36714375019073486,
        0.2862476706504822,
        0.39887988567352295,
        0.40883633494377136,
        0.34411948919296265,
        0.38830119371414185,
        0.3590541481971741,
        0.24517734348773956,
        0.273179829120636,
        0.4057249426841736,
        0.39576852321624756,
        0.3590541481971741,
        0.3590541481971741,
        0.40945860743522644,
        0.40696951746940613,
        0.3584318459033966,
        0.3478531539440155,
        0.27442440390586853,
        0.40696951746940613,
        0.40634724497795105
    ],
    "val_cosine_similarity":[
        0.9966719746589661,
        0.8336012363433838,
        0.48709240555763245,
        0.9954500794410706,
        0.1552211046218872,
        0.9994383454322815,
        0.6016518473625183,
        0.9992351531982422,
        0.8949435949325562,
        0.9991339445114136,
        0.9696144461631775,
        0.9993749260902405,
        -0.3497975170612335,
        0.24544642865657806,
        0.999316394329071,
        0.9055165648460388,
        0.9195366501808167,
        0.9944877624511719,
        0.012571402825415134,
        0.9980748891830444,
        0.9530646800994873,
        0.9987098574638367,
        0.9972077012062073,
        0.9867087602615356,
        0.9992108345031738,
        0.9778956174850464,
        0.5378084778785706,
        0.9993270039558411,
        0.8053146600723267,
        0.9978638291358948,
        0.6846001148223877,
        0.5413181781768799,
        0.6458247900009155,
        0.9862470626831055,
        0.30916088819503784,
        0.4370163381099701
    ],