{
    "accuracy":[
        0.07473309338092804,
        0.09395017474889755,
        0.08896797150373459,
        0.07758007198572159,
        0.08967971801757812,
        0.09964412450790405,
        0.0911032035946846,
        0.10106761753559113,
        0.0911032035946846,
        0.09323843568563461,
        0.08967971801757812,
        0.10035587102174759,
        0.1024911031126976,
        0.10391458868980408,
        0.1138790026307106,
        0.10747330635786057,
        0.11459074914455414,
        0.11814946681261063,
        0.11601423472166061,
        0.10320284962654114,
        0.11601423472166061,
        0.1366548091173172,
        0.1252669095993042,
        0.12597864866256714,
        0.12669038772583008,
        0.12170818448066711,
        0.11672598123550415,
        0.13024911284446716,
        0.11672598123550415,
        0.1252669095993042,
        0.12811388075351715,
        0.10747330635786057,
        0.12669038772583008,
        0.1345195770263672,
        0.1288256198167801,
        0.11245551705360413,
        0.1309608519077301,
        0.12028469890356064,
        0.12953737378120422,
        0.12313167005777359,
        0.12811388075351715,
        0.13238434493541718,
        0.15516014397144318,
        0.12811388075351715,
        0.12811388075351715,
        0.13238434493541718,
        0.12669038772583008,
        0.1345195770263672,
        0.12028469890356064,
        0.1288256198167801,
        0.1345195770263672,
        0.1274021416902542,
        0.1480427086353302,
        0.12384341657161713,
        0.12953737378120422
    ],
    "cosine_similarity":[
        0.7809606194496155,
        0.7478264570236206,
        0.7327741980552673,
        0.7372925281524658,
        0.7375444769859314,
        0.726402997970581,
        0.7431245446205139,
        0.7419660091400146,
        0.7374404072761536,
        0.7470515370368958,
        0.7361195087432861,
        0.7441394925117493,
        0.7510451078414917,
        0.7541754245758057,
        0.7533807754516602,
        0.772095263004303,
        0.7335209250450134,
        0.7700730562210083,
        0.7764748334884644,
        0.7899051904678345,
        0.7888845801353455,
        0.7953745126724243,
        0.7942363023757935,
        0.7851936221122742,
        0.8023824095726013,
        0.7994307279586792,
        0.7995267510414124,
        0.7853240370750427,
        0.8065109848976135,
        0.812395453453064,
        0.7903603315353394,
        0.7977444529533386,
        0.8073137998580933,
        0.8065740466117859,
        0.7851205468177795,
        0.8116608262062073,
        0.8082866072654724,
        0.8157858848571777,
        0.8065131902694702,
        0.8067581653594971,
        0.7895357608795166,
        0.8136787414550781,
        0.7994661331176758,
        0.7915052771568298,
        0.7955510020256042,
        0.8129047155380249,
        0.8128361701965332,
        0.799462080001831,
        0.799452543258667,
        0.8102550506591797,
        0.8092553615570068,
        0.777587890625,
        0.7968866229057312,
        0.793002188205719,
        0.7950860261917114
    ],
    "loss":[
        0.007119196467101574,
        0.0037581247743219137,
        0.0035271169617772102,
        0.00333826569840312,
        0.0032880406361073256,
        0.0031399682629853487,
        0.0030532029923051596,
        0.002758660353720188,
        0.002638042438775301,
        0.0029517672955989838,
        0.0027119116857647896,
        0.0027728036511689425,
        0.002657910343259573,
        0.002394962590187788,
        0.00246611749753356,
        0.0025177430361509323,
        0.0024570573586970568,
        0.0024395377840846777,
        0.0023762506898492575,
        0.002392638474702835,
        0.0023490104358643293,
        0.00224849465303123,
        0.002340526320040226,
        0.002376803895458579,
        0.0023022049572318792,
        0.0021632539574056864,
        0.0021691906731575727,
        0.0022663266863673925,
        0.002183754462748766,
        0.002290229080244899,
        0.002143379533663392,
        0.002197879832237959,
        0.00232147891074419,
        0.00215878221206367,
        0.002065204782411456,
        0.002087563741952181,
        0.0021514631807804108,
        0.0021356239449232817,
        0.0019873459823429585,
        0.002031011041253805,
        0.002189277671277523,
        0.0020056692883372307,
        0.0019436459988355637,
        0.0019372878596186638,
        0.002002060879021883,
        0.0020259839948266745,
        0.002143797231838107,
        0.0021485290490090847,
        0.002056667348369956,
        0.0018920289585366845,
        0.001983789261430502,
        0.001853309920988977,
        0.0019350377842783928,
        0.0018867891049012542,
        0.0019124835962429643
    ],
    "mean_absolute_error":[
        0.04792208969593048,
        0.0371757335960865,
        0.03685707226395607,
        0.03716835752129555,
        0.03530125319957733,
        0.03530581295490265,
        0.03474952280521393,
        0.03381841629743576,
        0.03247467428445816,
        0.03378183767199516,
        0.03314821422100067,
        0.03296291455626488,
        0.03233782947063446,
        0.0310414619743824,
        0.031129958108067513,
        0.03140949457883835,
        0.030499307438731194,
        0.03032425232231617,
        0.03019067831337452,
        0.030123375356197357,
        0.030301261693239212,
        0.02972412295639515,
        0.029816938564181328,
        0.029689082875847816,
        0.029085051268339157,
        0.0294108297675848,
        0.0291009359061718,
        0.029816236346960068,
        0.028515804558992386,
        0.02938043512403965,
        0.028894316405057907,
        0.02934521995484829,
        0.029056185856461525,
        0.02876879833638668,
        0.02836722880601883,
        0.028308678418397903,
        0.028782229870557785,
        0.028448784723877907,
        0.02799185737967491,
        0.027857335284352303,
        0.028257332742214203,
        0.028198877349495888,
        0.027243243530392647,
        0.02811211720108986,
        0.027942925691604614,
        0.027998408302664757,
        0.028205789625644684,
        0.028319088742136955,
        0.028501300141215324,
        0.02723214402794838,
        0.02723970264196396,
        0.02671453356742859,
        0.027340909466147423,
        0.027178829535841942,
        0.02685595490038395
    ],