{
    "accuracy":[
        0.06757594645023346,
        0.07842529565095901,
        0.07160570472478867,
        0.08927464485168457,
        0.07873527705669403,
        0.08307501673698425,
        0.08059516549110413,
        0.08555486798286438,
        0.10043397545814514,
        0.07904525846242905,
        0.08617483079433441,
        0.08152510970830917,
        0.07935523986816406,
        0.08121512830257416,
        0.08121512830257416,
        0.07563546299934387,
        0.08369497954845428,
        0.09206447750329971,
        0.07439553737640381,
        0.0840049609541893,
        0.08741475641727448,
        0.08369497954845428,
        0.08617483079433441,
        0.08431494235992432,
        0.08152510970830917,
        0.09547427296638489,
        0.08617483079433441,
        0.08059516549110413,
        0.10508369654417038,
        0.08679479360580444,
        0.0880347192287445,
        0.09547427296638489,
        0.08121512830257416,
        0.09516429156064987,
        0.08927464485168457,
        0.08090514689683914,
        0.08648481220006943,
        0.0840049609541893,
        0.09020458906888962,
        0.09082455188035965,
        0.09144451469182968
    ],
    "cosine_similarity":[
        0.9860188364982605,
        0.9945940375328064,
        0.9938841462135315,
        0.993450939655304,
        0.9945135712623596,
        0.9941034913063049,
        0.9935476183891296,
        0.9940394163131714,
        0.9918213486671448,
        0.9940392971038818,
        0.9929922819137573,
        0.9938240051269531,
        0.9934095144271851,
        0.9914235472679138,
        0.9934697151184082,
        0.9934794306755066,
        0.9940939545631409,
        0.9933745265007019,
        0.9942197203636169,
        0.9938558340072632,
        0.9919137954711914,
        0.9929684400558472,
        0.9940661787986755,
        0.9944095611572266,
        0.9952155947685242,
        0.9948525428771973,
        0.9933056831359863,
        0.99232017993927,
        0.9947591423988342,
        0.9920163750648499,
        0.994072675704956,
        0.9943557977676392,
        0.9912160634994507,
        0.992996871471405,
        0.9935320615768433,
        0.9943027496337891,
        0.9937092661857605,
        0.994604229927063,
        0.9927029609680176,
        0.9916824102401733,
        0.9944302439689636
    ],
    "loss":[
        0.0033932323567569256,
        0.001366199110634625,
        0.001263733021914959,
        0.0012040052097290754,
        0.0010925206588581204,
        0.0010206586448475718,
        0.0010540207149460912,
        0.0009838758269324899,
        0.0009362080018036067,
        0.0009278906509280205,
        0.0009106571087613702,
        0.0009120757458731532,
        0.0009536381112411618,
        0.0009446931653656065,
        0.0008982539875432849,
        0.0009233032469637692,
        0.0008709502872079611,
        0.0008729355758987367,
        0.0009025898179970682,
        0.0008870985475368798,
        0.0008768592379055917,
        0.0008772534201852977,
        0.0008630924858152866,
        0.0008850687881931663,
        0.0008461872930638492,
        0.0008648508228361607,
        0.0008567444747313857,
        0.0008773557492531836,
        0.0008285227231681347,
        0.0008488836465403438,
        0.0008511577034369111,
        0.0008354371530003846,
        0.0008553321822546422,
        0.0008474346832372248,
        0.0008241722825914621,
        0.0008267344674095511,
        0.0008373783202841878,
        0.0008079951512627304,
        0.0008227305370382965,
        0.0008523014839738607,
        0.0008128405315801501
    ],
    "mean_absolute_error":[
        0.03250940516591072,
        0.024159567430615425,
        0.02294035069644451,
        0.022472204640507698,
        0.02103240042924881,
        0.020280465483665466,
        0.02066039852797985,
        0.019862031564116478,
        0.01946139894425869,
        0.019190963357686996,
        0.018823325634002686,
        0.01885286346077919,
        0.0193527489900589,
        0.01941957138478756,
        0.018753254786133766,
        0.01916760578751564,
        0.01841113343834877,
        0.01830252818763256,
        0.018667539581656456,
        0.01856325939297676,
        0.018463188782334328,
        0.018463551998138428,
        0.018285023048520088,
        0.01848084293305874,
        0.01792999356985092,
        0.018163291737437248,
        0.01816793531179428,
        0.018326975405216217,
        0.01778384856879711,
        0.018174253404140472,
        0.01812860183417797,
        0.017848936840891838,
        0.01819220557808876,
        0.017994586378335953,
        0.01759585179388523,
        0.01775098592042923,
        0.017928797751665115,
        0.01741468347609043,
        0.017618723213672638,
        0.018170343711972237,
        0.01742185838520527
    ],
    "mean_squared_error":[
        0.0033932323567569256,
        0.001366199110634625,
        0.001263733021914959,
        0.0012040052097290754,
        0.0010925205424427986,
        0.0010206586448475718,
        0.0010540207149460912,
        0.0009838758269324899,
        0.0009362080018036067,
        0.0009278906509280205,
        0.0009106570505537093,
        0.0009120757458731532,
        0.0009536381112411618,
        0.0009446931653656065,
        0.0008982539875432849,
        0.0009233032469637692,
        0.0008709502872079611,
        0.0008729355758987367,
        0.0009025898179970682,
        0.0008870985475368798,
        0.0008768592379055917,
        0.0008772534201852977,
        0.0008630925440229475,
        0.0008850687299855053,
        0.0008461872930638492,
        0.0008648508228361607,
        0.0008567444747313857,
        0.0008773557492531836,
        0.0008285227231681347,
        0.0008488836465403438,
        0.0008511577034369111,
        0.0008354371530003846,
        0.0008553321822546422,
        0.0008474346832372248,
        0.0008241722243838012,
        0.0008267344674095511,
        0.000837378203868866,
        0.0008079951512627304,
        0.0008227305370382965,
        0.0008523014839738607,
        0.0008128405315801501
    ],
    "val_accuracy":[
        0.0768277570605278,
        0.05576208233833313,
        0.0830235406756401,
        0.07187112420797348,
        0.06195786967873573,
        0.0644361823797226,
        0.06319702416658401,
        0.10408922284841537,
        0.05204461142420769,
        0.1338289976119995,
        0.09417595714330673,
        0.05080545321106911,
        0.0830235406756401,
        0.14622056484222412,
        0.11895910650491714,
        0.0830235406756401,
        0.11152416467666626,
        0.09665427356958389,
        0.05328376591205597,
        0.10161090642213821,
        0.13754646480083466,
        0.1474597305059433,
        0.11895910650491714,
        0.06319702416658401,
        0.10037174820899963,
        0.09789343178272247,
        0.12515489757061005,
        0.14869888126850128,
        0.045848824083805084,
        0.08178438991308212,
        0.05576208233833313,
        0.06815365701913834,
        0.10780669003725052,
        0.13878563046455383,
        0.13135068118572235,
        0.10780669003725052,
        0.07806691527366638,
        0.09045848995447159,
        0.0706319734454155,
        0.0768277570605278,
        0.1214374229311943
    ],