{"Strategy Metrics": {"Daily Swing Trade Return": 256.15308099999976, "Buy & Hold Return": -6.804230999999999}, "Model Metrics": {"loss": 420.9947814941406, "mean_squared_error": 420.9947814941406, "mean_absolute_error": 19.308063507080078, "accuracy": 0.045257773250341415, "cosine_proximity": 0.9994924068450928}, "Class Metrics": {"f1_monark": 0.9492344883158742, "accuracy": 0.9506656225528582, "precision": 0.9469453376205788, "recall": 0.9515347334410339, "roc auc": 0.9506913788785715}}