{"Strategy Metrics": {"Daily Swing Trade Return": 0.26799999999999446, "Buy & Hold Return": 0.14499999999999957, "Auto13($22000) Return": 56.119000000002416}, "Model Metrics": {"loss": 42.821773529052734, "mean_squared_error": 42.821773529052734, "mean_absolute_error": 6.541666507720947, "accuracy": 0.9636363387107849, "cosine_similarity": 0.9107866883277893}, "Class Metrics": {"f1_monark": 0.31999999999999995, "accuracy": 0.5, "precision": 0.2962962962962963, "recall": 0.34782608695652173, "roc auc": 0.4628019323671497}}