{"Strategy Metrics": {"Daily Swing Trade Return": 1150.503956000001, "Buy & Hold Return": 351.81999899999994, "Auto13($22000) Return": 28281.041342999983}, "Model Metrics": {"loss": 20116.83203125, "mean_squared_error": 20116.83203125, "mean_absolute_error": 103.99569702148438, "accuracy": 0.1538461595773697, "cosine_similarity": 0.9991199970245361}, "Class Metrics": {"f1_monark": 0.7333333333333333, "accuracy": 0.7150395778364116, "precision": 0.7054631828978623, "recall": 0.7634961439588689, "roc auc": 0.7137263917626322}}