{"Strategy Metrics": {"Daily Swing Trade Return": 58608.68480299995, "Buy & Hold Return": 9192.542725000001, "Auto13($22000) Return": 117649.7817150001}, "Model Metrics": {"loss": 75110512.0, "mean_squared_error": 75110512.0, "mean_absolute_error": 8336.953125, "accuracy": 0.11819595843553543, "cosine_similarity": 0.9993047118186951}, "Class Metrics": {"f1_monark": 0.8170731707317074, "accuracy": 0.8145285935085008, "precision": 0.8617363344051447, "recall": 0.7768115942028986, "roc auc": 0.8172137441213169}}