{"Strategy Metrics": {"Daily Swing Trade Return": 1290.5120390000009, "Buy & Hold Return": 369.38000099999994, "Auto13($22000) Return": 39967.42994999998}, "Model Metrics": {"loss": 26746.794921875, "mean_squared_error": 26746.794921875, "mean_absolute_error": 121.85359191894531, "accuracy": 0.1064257025718689, "cosine_similarity": 0.9969051480293274}, "Class Metrics": {"f1_monark": 0.8566433566433566, "accuracy": 0.8395303326810176, "precision": 0.8305084745762712, "recall": 0.8844765342960289, "roc auc": 0.8354006603104077}}