{"Strategy Metrics": {"Daily Swing Trade Return": 35846.51073999998, "Buy & Hold Return": 990.9072269999997, "Auto13($22000) Return": 71693.02148000001}, "Model Metrics": {"loss": 84608440.0, "mean_squared_error": 84608440.0, "mean_absolute_error": 9075.931640625, "accuracy": 0.12705881893634796, "cosine_similarity": 0.9984456300735474}, "Class Metrics": {"f1_monark": 0.810304449648712, "accuracy": 0.815068493150685, "precision": 0.8398058252427184, "recall": 0.7828054298642534, "roc auc": 0.8153658485726797}}