{"Strategy Metrics": {"Daily Swing Trade Return": 34688.14892800004, "Buy & Hold Return": 1375.6748050000006, "Auto13($22000) Return": 69376.29785600005}, "Model Metrics": {"loss": 85855184.0, "mean_squared_error": 85855184.0, "mean_absolute_error": 9140.0859375, "accuracy": 0.26255708932876587, "cosine_proximity": 0.9994721412658691}, "Class Metrics": {"f1_monark": 0.7865168539325844, "accuracy": 0.7845804988662132, "precision": 0.7882882882882883, "recall": 0.7847533632286996, "roc auc": 0.784578516476735}}