{"Strategy Metrics": {"Daily Swing Trade Return": 138.1099930000001, "Buy & Hold Return": -4.090000000000002, "Auto13($22000) Return": 93766.6139370001}, "Model Metrics": {"loss": 113.76596069335938, "mean_squared_error": 113.76596069335938, "mean_absolute_error": 10.054581642150879, "accuracy": 0.17278185486793518, "cosine_proximity": 0.9991480112075806}, "Class Metrics": {"f1_monark": 0.7782925215089345, "accuracy": 0.7771124417831005, "precision": 0.7819148936170213, "recall": 0.7747035573122529, "roc auc": 0.7771367248926856}}