{"Strategy Metrics": {"Daily Swing Trade Return": 18815.183102000017, "Buy & Hold Return": 911.875, "Auto13($22000) Return": 37630.36620400003}, "Model Metrics": {"loss": 85213736.0, "mean_squared_error": 85213736.0, "mean_absolute_error": 9107.5546875, "accuracy": 0.08564814925193787, "cosine_similarity": 0.9989535808563232}, "Class Metrics": {"f1_monark": 0.6098654708520178, "accuracy": 0.6045454545454545, "precision": 0.6071428571428571, "recall": 0.6126126126126126, "roc auc": 0.6044714439209852}}