{"Strategy Metrics": {"Daily Swing Trade Return": 62.69999499999997, "Buy & Hold Return": -3.7699999999999987, "Auto13($22000) Return": 14502.658437999999}, "Model Metrics": {"loss": 145.4023895263672, "mean_squared_error": 145.4023895263672, "mean_absolute_error": 11.678606033325195, "accuracy": 0.10568295419216156, "cosine_similarity": 0.9989925622940063}, "Class Metrics": {"f1_monark": 0.6641000962463908, "accuracy": 0.6547972304648862, "precision": 0.6497175141242938, "recall": 0.6791338582677166, "roc auc": 0.65467627307024}}