{
    "accuracy":[
        0.21489104628562927,
        0.19128328561782837,
        0.2021791785955429,
        0.19491524994373322,
        0.21610169112682343,
        0.19854721426963806,
        0.21004842221736908,
        0.19370460510253906,
        0.19915254414081573,
        0.18523003160953522,
        0.21852299571037292,
        0.20581114292144775,
        0.2142857164144516,
        0.21065375208854675,
        0.2046004831790924,
        0.2239709496498108,
        0.20096851885318756,
        0.21791768074035645,
        0.2070217877626419,
        0.23244552314281464,
        0.21125908195972443,
        0.21549636125564575,
        0.20762711763381958,
        0.21973365545272827,
        0.1997578740119934,
        0.21368038654327393,
        0.20399515330791473,
        0.2288135588169098,
        0.21489104628562927,
        0.23062953352928162,
        0.22760289907455444,
        0.23849879205226898,
        0.22820822894573212,
        0.23728813230991364,
        0.23910412192344666,
        0.2312348634004593,
        0.24092009663581848,
        0.22578692436218262,
        0.21246972680091858,
        0.24092009663581848,
        0.21852299571037292,
        0.2046004831790924,
        0.22276028990745544,
        0.2118644118309021,
        0.22518159449100494,
        0.19854721426963806,
        0.21368038654327393,
        0.2239709496498108
    ],
    "cosine_similarity":[
        0.8864748477935791,
        0.8603547215461731,
        0.8252440690994263,
        0.8148792386054993,
        0.829221248626709,
        0.8269666433334351,
        0.8236013650894165,
        0.8192729949951172,
        0.8324311375617981,
        0.8336061239242554,
        0.8289696574211121,
        0.8441544771194458,
        0.8246408104896545,
        0.8378962278366089,
        0.8278812170028687,
        0.83429354429245,
        0.8308625221252441,
        0.8348549008369446,
        0.8342254757881165,
        0.8318580389022827,
        0.8299407362937927,
        0.8412191271781921,
        0.8417848944664001,
        0.8143258094787598,
        0.8444257974624634,
        0.8320385813713074,
        0.8323517441749573,
        0.8376237750053406,
        0.836068868637085,
        0.8410070538520813,
        0.8274670839309692,
        0.8329134583473206,
        0.8309217691421509,
        0.8351202607154846,
        0.8479833602905273,
        0.8432373404502869,
        0.827502965927124,
        0.8344400525093079,
        0.825704038143158,
        0.8386300206184387,
        0.8350042104721069,
        0.8321693539619446,
        0.842460036277771,
        0.8398811221122742,
        0.8319869637489319,
        0.8472427725791931,
        0.843891441822052,
        0.8409656882286072
    ],
    "loss":[
        0.0005388018325902522,
        0.0001833821297623217,
        0.00016115591279231012,
        0.00014481002290267497,
        0.00013740963186137378,
        0.00013349375512916595,
        0.00011815967445727438,
        0.00010860198381124064,
        0.0001023153163259849,
        0.00010542468953644857,
        0.0001046349061653018,
        9.747927106218413e-05,
        0.00010279822163283825,
        9.961357136489823e-05,
        9.662058437243104e-05,
        9.57642841967754e-05,
        0.0001025885358103551,
        0.00010022685455624014,
        9.685874101705849e-05,
        9.338693780591711e-05,
        9.69375905697234e-05,
        9.430665522813797e-05,
        9.286406566388905e-05,
        9.65239669312723e-05,
        8.98309372132644e-05,
        8.425589476246387e-05,
        9.617193427402526e-05,
        8.90793526195921e-05,
        8.517879905411974e-05,
        8.970932685770094e-05,
        8.451279427390546e-05,
        7.858857134124264e-05,
        8.499427349306643e-05,
        8.570830686949193e-05,
        8.51607255754061e-05,
        8.134279050864279e-05,
        8.034676284296438e-05,
        8.329153206432238e-05,
        7.96971216914244e-05,
        8.131256618071347e-05,
        8.073460776358843e-05,
        8.1567486631684e-05,
        8.484086720272899e-05,
        8.141572470776737e-05,
        8.04859955678694e-05,
        7.809077942511067e-05,
        8.485132275382057e-05,
        7.457452738890424e-05
    ],
    "mean_absolute_error":[
        0.016186712309718132,
        0.010219112038612366,
        0.009484116919338703,
        0.009187388233840466,
        0.008933798409998417,
        0.00888844858855009,
        0.008339408785104752,
        0.0080061424523592,
        0.007738958578556776,
        0.00784081220626831,
        0.007861969992518425,
        0.007524548098444939,
        0.00781200872734189,
        0.0075979214161634445,
        0.007563816849142313,
        0.007527305744588375,
        0.007865868508815765,
        0.007781330496072769,
        0.007477269973605871,
        0.007271316833794117,
        0.007466690149158239,
        0.0074499668553471565,
        0.007369147147983313,
        0.007576038595288992,
        0.0072270650416612625,
        0.007031244225800037,
        0.007471481338143349,
        0.007217751815915108,
        0.006978453136980534,
        0.007193042431026697,
        0.007027765270322561,
        0.006758274044841528,
        0.007023358717560768,
        0.007096986752003431,
        0.007065657991915941,
        0.006681965198367834,
        0.0067824311554431915,
        0.006921404507011175,
        0.006884374190121889,
        0.006948712281882763,
        0.006840665824711323,
        0.0069164191372692585,
        0.006964319385588169,
        0.006786520127207041,
        0.006941189058125019,
        0.006833829451352358,
        0.00695039052516222,
        0.006640535779297352
    ],
    "mean_squared_error":[
        0.0005388018325902522,
        0.0001833821297623217,
        0.00016115591279231012,
        0.00014481002290267497,
        0.00013740963186137378,
        0.00013349375512916595,
        0.00011815967445727438,
        0.00010860198381124064,
        0.0001023153163259849,
        0.00010542468953644857,
        0.0001046349061653018,
        9.747927106218413e-05,
        0.00010279822163283825,
        9.961357136489823e-05,
        9.662058437243104e-05,
        9.57642841967754e-05,
        0.0001025885358103551,
        0.00010022685455624014,
        9.685874101705849e-05,
        9.338693780591711e-05,
        9.69375905697234e-05,
        9.430665522813797e-05,
        9.286405111197382e-05,
        9.65239669312723e-05,
        8.98309372132644e-05,
        8.425589476246387e-05,
        9.617193427402526e-05,
        8.90793526195921e-05,
        8.517879177816212e-05,
        8.970932685770094e-05,
        8.451279427390546e-05,
        7.858857134124264e-05,
        8.499427349306643e-05,
        8.570830686949193e-05,
        8.51607255754061e-05,
        8.134279050864279e-05,
        8.034676284296438e-05,
        8.329153206432238e-05,
        7.96971216914244e-05,
        8.131256618071347e-05,
        8.073460776358843e-05,
        8.1567486631684e-05,
        8.484086720272899e-05,
        8.141572470776737e-05,
        8.04859955678694e-05,
        7.809077942511067e-05,
        8.485132275382057e-05,
        7.457452738890424e-05
    ],