{
    "accuracy":[
        0.36632469296455383,
        0.3240796625614166,
        0.32045865058898926,
        0.332528680562973,
        0.331321656703949,
        0.31623417139053345,
        0.34339165687561035,
        0.3494266867637634,
        0.3295111656188965,
        0.3403741717338562,
        0.32226917147636414,
        0.3421846628189087,
        0.34580567479133606,
        0.35003018379211426,
        0.332528680562973,
        0.36028969287872314,
        0.3385636806488037,
        0.34158116579055786,
        0.36692818999290466,
        0.3614966869354248,
        0.36270368099212646,
        0.3651176691055298,
        0.34520217776298523,
        0.35365116596221924,
        0.3826192021369934,
        0.3572721779346466,
        0.35184067487716675,
        0.35184067487716675,
        0.32649365067481995,
        0.3301146626472473,
        0.34339165687561035,
        0.3421846628189087,
        0.3633071780204773,
        0.32649365067481995,
        0.34761616587638855,
        0.34399518370628357,
        0.331321656703949,
        0.33735665678977966,
        0.3675316870212555,
        0.35184067487716675,
        0.3470126688480377,
        0.34399518370628357
    ],
    "cosine_similarity":[
        0.8547694683074951,
        0.8311983942985535,
        0.8420912623405457,
        0.8415718078613281,
        0.8423773050308228,
        0.846953272819519,
        0.8611342906951904,
        0.8479768633842468,
        0.8538162112236023,
        0.8596003651618958,
        0.8596744537353516,
        0.8585168123245239,
        0.867299497127533,
        0.8803832530975342,
        0.8567072153091431,
        0.867530882358551,
        0.8579496145248413,
        0.8602886199951172,
        0.8676886558532715,
        0.8728500008583069,
        0.8723819255828857,
        0.8544374704360962,
        0.8679616451263428,
        0.8887962102890015,
        0.8652687072753906,
        0.8714095950126648,
        0.8635315895080566,
        0.8706092834472656,
        0.8720106482505798,
        0.8729292750358582,
        0.8766018152236938,
        0.8682196140289307,
        0.8754214644432068,
        0.8780931830406189,
        0.8630231022834778,
        0.888839840888977,
        0.8782672882080078,
        0.8707675933837891,
        0.8577519655227661,
        0.870288610458374,
        0.8870747685432434,
        0.8945144414901733
    ],
    "loss":[
        0.0002465807774569839,
        0.00010915172606473789,
        0.00010136243508895859,
        8.523474389221519e-05,
        7.83275390858762e-05,
        7.669021579204127e-05,
        7.334777183132246e-05,
        6.327399023575708e-05,
        6.382005085470155e-05,
        5.925191362621263e-05,
        5.588672138401307e-05,
        5.701428381144069e-05,
        5.380104630603455e-05,
        5.566597974393517e-05,
        5.584328027907759e-05,
        5.42741508979816e-05,
        5.307063474901952e-05,
        5.318443800206296e-05,
        4.808571611647494e-05,
        4.690336936619133e-05,
        4.6822588046779856e-05,
        5.084447548142634e-05,
        4.5982920710230246e-05,
        4.5343775127548724e-05,
        4.642824569600634e-05,
        4.610781616065651e-05,
        4.4685373723041266e-05,
        4.507584162638523e-05,
        4.698506381828338e-05,
        4.611697659129277e-05,
        4.141011231695302e-05,
        4.724601603811607e-05,
        4.62690441054292e-05,
        4.2261715861968696e-05,
        4.286847615730949e-05,
        4.2903466237476096e-05,
        4.253633233020082e-05,
        4.433638969203457e-05,
        4.5374184992397204e-05,
        4.2704123188741505e-05,
        3.9203576307045296e-05,
        4.21957483922597e-05
    ],
    "mean_absolute_error":[
        0.011095988564193249,
        0.008192271925508976,
        0.007846971973776817,
        0.00718869362026453,
        0.00686408719047904,
        0.006818540394306183,
        0.006615363992750645,
        0.006133668124675751,
        0.006233037915080786,
        0.005985220894217491,
        0.005858815740793943,
        0.005905351135879755,
        0.005610006861388683,
        0.005777766462415457,
        0.005871321074664593,
        0.005736219231039286,
        0.005636167246848345,
        0.005699468310922384,
        0.005366101395338774,
        0.00526060676202178,
        0.005258241202682257,
        0.005547202192246914,
        0.00524141127243638,
        0.005233560223132372,
        0.005270753987133503,
        0.005287542939186096,
        0.00522744981572032,
        0.005193891003727913,
        0.005263457074761391,
        0.005222599022090435,
        0.004950876347720623,
        0.005304478574544191,
        0.005298169795423746,
        0.0050723254680633545,
        0.005080862902104855,
        0.0050465757958590984,
        0.005043109878897667,
        0.005054157227277756,
        0.005230232607573271,
        0.005004494916647673,
        0.004893885459750891,
        0.0050472598522901535
    ],
    "mean_squared_error":[
        0.0002465807774569839,
        0.00010915172606473789,
        0.00010136243508895859,
        8.523474389221519e-05,
        7.83275390858762e-05,
        7.669021579204127e-05,
        7.334777183132246e-05,
        6.327399023575708e-05,
        6.382005085470155e-05,
        5.925191362621263e-05,
        5.588672138401307e-05,
        5.701428381144069e-05,
        5.380104630603455e-05,
        5.566597974393517e-05,
        5.584328027907759e-05,
        5.42741508979816e-05,
        5.307063474901952e-05,
        5.318443800206296e-05,
        4.808571611647494e-05,
        4.690336936619133e-05,
        4.6822588046779856e-05,
        5.084447548142634e-05,
        4.5982920710230246e-05,
        4.5343775127548724e-05,
        4.642824569600634e-05,
        4.610781616065651e-05,
        4.4685373723041266e-05,
        4.507584162638523e-05,
        4.698506381828338e-05,
        4.611697659129277e-05,
        4.141011231695302e-05,
        4.724601603811607e-05,
        4.62690441054292e-05,
        4.2261715861968696e-05,
        4.286847615730949e-05,
        4.2903466237476096e-05,
        4.253633233020082e-05,
        4.433638969203457e-05,
        4.5374184992397204e-05,
        4.2704123188741505e-05,
        3.9203576307045296e-05,
        4.21957483922597e-05
    ],
    "val_accuracy":[
        0.4192771017551422,
        0.2506024241447449,
        0.27469879388809204,
        0.2554216980934143,
        0.33493974804878235,
        0.2506024241447449,
        0.36626505851745605,
        0.40722891688346863,
        0.3301204741001129,
        0.30602410435676575,
        0.3614457845687866,
        0.36385542154312134,
        0.3301204741001129,
        0.3710843324661255,
        0.2506024241447449,
        0.35421687364578247,
        0.38072288036346436,
        0.3831325173377991,
        0.3301204741001129,
        0.3855421543121338,
        0.3734939694404602,
        0.27710843086242676,
        0.3566265106201172,
        0.4192771017551422,
        0.3879518210887909,
        0.3855421543121338,
        0.24578313529491425,
        0.2506024241447449,
        0.32289156317710876,
        0.4192771017551422,
        0.2819277048110962,
        0.4192771017551422,
        0.3759036064147949,
        0.3301204741001129,
        0.3759036064147949,
        0.4192771017551422,
        0.2506024241447449,
        0.3012048304080963,
        0.33734938502311707,
        0.3710843324661255,
        0.3759036064147949,
        0.24578313529491425
    ],