{"Strategy Metrics": {"Daily Swing Trade Return": 93.74000000000002, "Buy & Hold Return": 1.5299999999999976, "Auto13($22000) Return": 40566.39000000002}, "Model Metrics": {"loss": 135.09445190429688, "mean_squared_error": 135.09445190429688, "mean_absolute_error": 11.469453811645508, "accuracy": 0.30257511138916016, "cosine_similarity": 0.9998295307159424}, "Class Metrics": {"f1_monark": 0.845679012345679, "accuracy": 0.8392282958199357, "precision": 0.8439425051334702, "recall": 0.8474226804123711, "roc auc": 0.8388899116347569}}