{"Strategy Metrics": {"Daily Swing Trade Return": 240.7276899999999, "Buy & Hold Return": -6.804230999999999, "Auto13($22000) Return": 142161.79998499982}, "Model Metrics": {"loss": 420.9309387207031, "mean_squared_error": 420.9309387207031, "mean_absolute_error": 19.304779052734375, "accuracy": 0.06768988817930222, "cosine_similarity": 0.9994930028915405}, "Class Metrics": {"f1_monark": 0.8778877887788779, "accuracy": 0.8841033672670321, "precision": 0.897133220910624, "recall": 0.8594507269789984, "roc auc": 0.883372779902873}}