{"Strategy Metrics": {"Daily Swing Trade Return": 67.97000000000003, "Buy & Hold Return": -0.2500000000000018, "Auto13($22000) Return": 17969.70000000001}, "Model Metrics": {"loss": 135.451416015625, "mean_squared_error": 135.451416015625, "mean_absolute_error": 11.482636451721191, "accuracy": 0.04590163752436638, "cosine_proximity": 0.9992268681526184}, "Class Metrics": {"f1_monark": 0.7253668763102724, "accuracy": 0.7176724137931034, "precision": 0.729957805907173, "recall": 0.7208333333333333, "roc auc": 0.7175595238095237}}