{"Strategy Metrics": {"Daily Swing Trade Return": 33733.97289500004, "Buy & Hold Return": 9192.542725000001, "Auto13($22000) Return": 67467.9457900001}, "Model Metrics": {"loss": 75110536.0, "mean_squared_error": 75110536.0, "mean_absolute_error": 8336.953125, "accuracy": 0.11819595843553543, "cosine_proximity": 0.999298632144928}, "Class Metrics": {"f1_monark": 0.6470588235294118, "accuracy": 0.6290571870170015, "precision": 0.6567164179104478, "recall": 0.6376811594202898, "roc auc": 0.6284432287167674}}