{"Strategy Metrics": {"Daily Swing Trade Return": 65.86999399999998, "Buy & Hold Return": -3.459999999999998, "Auto13($22000) Return": 14832.387957999978}, "Model Metrics": {"loss": 144.8780059814453, "mean_squared_error": 144.8780059814453, "mean_absolute_error": 11.65728759765625, "accuracy": 0.3181818127632141, "cosine_similarity": 0.9997381567955017}, "Class Metrics": {"f1_monark": 0.6711538461538462, "accuracy": 0.6623889437314906, "precision": 0.6572504708097928, "recall": 0.6856581532416502, "roc auc": 0.6622735210652695}}