{
    "accuracy":[
        0.09284935146570206,
        0.09783455729484558,
        0.09612089395523071,
        0.09222619980573654,
        0.09705561399459839,
        0.09705561399459839,
        0.10095030069351196,
        0.09643246978521347,
        0.09300514310598373,
        0.10188502818346024,
        0.10344290733337402,
        0.11388066411018372,
        0.11637326329946518,
        0.12260476499795914,
        0.12618787586688995,
        0.12634366750717163,
        0.11995638161897659,
        0.11948901414871216,
        0.12400685250759125,
        0.129459410905838,
        0.1250973641872406,
        0.1250973641872406,
        0.12899205088615417,
        0.12353949248790741
    ],
    "cosine_similarity":[
        0.6087759733200073,
        0.5790510773658752,
        0.5854836702346802,
        0.5830049514770508,
        0.5632701516151428,
        0.5906429290771484,
        0.5824334025382996,
        0.5957240462303162,
        0.6027352213859558,
        0.610092043876648,
        0.6205968260765076,
        0.6081883907318115,
        0.6232748627662659,
        0.6421114206314087,
        0.6305164098739624,
        0.6522583961486816,
        0.6296777725219727,
        0.6427441835403442,
        0.6405925750732422,
        0.6351284980773926,
        0.6573205590248108,
        0.6664934754371643,
        0.6542065143585205,
        0.6637218594551086
    ],
    "loss":[
        0.0001224067382281646,
        6.860082066850737e-05,
        5.072125350125134e-05,
        5.110676647746004e-05,
        5.385341864894144e-05,
        3.955801366828382e-05,
        3.8751790270907804e-05,
        4.101228842046112e-05,
        3.8622081774519756e-05,
        4.3990312406094745e-05,
        4.0185870602726936e-05,
        3.3303866075584665e-05,
        3.482330430415459e-05,
        3.139673208352178e-05,
        3.3136944693978876e-05,
        3.235726762795821e-05,
        3.4650962334126234e-05,
        3.2498686778126284e-05,
        2.9469725632225163e-05,
        3.510424357955344e-05,
        2.8722351999022067e-05,
        3.0251450880314223e-05,
        3.16719597321935e-05,
        2.9947288567200303e-05
    ],
    "mean_absolute_error":[
        0.006138919852674007,
        0.0050153485499322414,
        0.004470630548894405,
        0.00442355265840888,
        0.004653021227568388,
        0.003930408973246813,
        0.00394668010994792,
        0.00399108836427331,
        0.0038212628569453955,
        0.004098777659237385,
        0.0038307777140289545,
        0.0035245725885033607,
        0.0036067303735762835,
        0.003438883926719427,
        0.0035484798718243837,
        0.003392129670828581,
        0.003497882280498743,
        0.003404033835977316,
        0.003280774224549532,
        0.0035499436780810356,
        0.003184023080393672,
        0.003180895699188113,
        0.0033069131895899773,
        0.0031909665558487177
    ],
    "mean_squared_error":[
        0.0001224067382281646,
        6.860082066850737e-05,
        5.072124986327253e-05,
        5.110676647746004e-05,
        5.385341864894144e-05,
        3.955801366828382e-05,
        3.8751790270907804e-05,
        4.101228842046112e-05,
        3.8622081774519756e-05,
        4.3990312406094745e-05,
        4.0185870602726936e-05,
        3.3303866075584665e-05,
        3.482330430415459e-05,
        3.139673208352178e-05,
        3.3136944693978876e-05,
        3.235726762795821e-05,
        3.4650962334126234e-05,
        3.2498686778126284e-05,
        2.9469725632225163e-05,
        3.510424357955344e-05,
        2.8722351999022067e-05,
        3.0251450880314223e-05,
        3.16719597321935e-05,
        2.9947288567200303e-05
    ],
    "val_accuracy":[
        0.09408099949359894,
        0.06542056053876877,
        0.09221183508634567,
        0.07227414101362228,
        0.06666667014360428,
        0.06666667014360428,
        0.06168224290013313,
        0.11838006228208542,
        0.0791277289390564,
        0.10155763477087021,
        0.0959501564502716,
        0.07725856453180313,
        0.09345794469118118,
        0.08660436421632767,
        0.17320872843265533,
        0.17258566617965698,
        0.09158878773450851,
        0.090342678129673,
        0.07725856453180313,
        0.12647974491119385,
        0.10155763477087021,
        0.10467289388179779,
        0.09158878773450851,
        0.18317757546901703
    ],
    "val_cosine_similarity":[
        0.9854658842086792,
        0.8164280652999878,
        0.9647842645645142,
        0.13388755917549133,
        0.9976091980934143,
        0.6365020871162415,
        0.9966118931770325,
        0.9959998726844788,
        0.9973639845848083,
        0.9961531758308411,
        -0.4140069782733917,
        0.9827145338058472,
        0.99687659740448,
        0.9976273775100708,
        0.9980680346488953,
        0.8058268427848816,
        0.5825935006141663,
        0.8328045010566711,
        0.9973326325416565,
        0.568860650062561,
        0.997516930103302,
        0.7736937403678894,
        -0.38370200991630554,
        0.5851150155067444
    ],
    "val_loss":[
        3.286644641775638e-05,
        1.3006799235881772e-05,
        2.578691055532545e-05,
        7.901652679720428e-06,
        1.0634536010911688e-05,
        1.966798481589649e-05,
        6.870808192616096e-06,
        5.3007725000497885e-06,
        6.396189291990595e-06,
        6.57415330351796e-06,
        3.064051634282805e-05,
        1.219708974531386e-05,
        5.21486799698323e-06,
        1.2083547517249826e-05,
        1.2880581380159128e-05,
        9.086162208404858e-06,
        9.068714462046046e-06,
        3.7804272778885206e-06,
        1.1601912774494849e-05,
        1.0078300874738488e-05,
        7.116618235158967e-06,
        4.959446869179374e-06,
        2.913012394856196e-05,
        1.9120339857181534e-05
    ],
    "val_mean_absolute_error":[
        0.004917391110211611,
        0.0017695043934509158,
        0.0023786004167050123,
        0.002356580225750804,
        0.0029276744462549686,
        0.0022869063541293144,
        0.0014059350360184908,
        0.0011685305507853627,
        0.0020039279479533434,
        0.0014510202454403043,
        0.004847167991101742,
        0.001340329647064209,
        0.0013931590365245938,
        0.002012658165767789,
        0.0027518351562321186,
        0.0014100070111453533,
        0.0017448982689529657,
        0.0009551995317451656,
        0.001719249994494021,
        0.001850757165811956,
        0.0017413380555808544,
        0.0011401671217754483,
        0.004586759023368359,
        0.002287025796249509
    ],
    "val_mean_squared_error":[
        3.286644641775638e-05,
        1.3006799235881772e-05,
        2.578691055532545e-05,
        7.901652679720428e-06,
        1.0634536010911688e-05,
        1.966798481589649e-05,
        6.870808192616096e-06,
        5.3007725000497885e-06,
        6.396189291990595e-06,
        6.57415330351796e-06,
        3.064051634282805e-05,
        1.219708974531386e-05,
        5.21486799698323e-06,
        1.2083547517249826e-05,
        1.2880581380159128e-05,
        9.086162208404858e-06,
        9.068714462046046e-06,
        3.7804272778885206e-06,
        1.1601912774494849e-05,
        1.0078300874738488e-05,
        7.116618235158967e-06,
        4.959446869179374e-06,
        2.913012394856196e-05,
        1.9120339857181534e-05
    ]
}