{"Strategy Metrics": {"Daily Swing Trade Return": 31.379999999999995, "Buy & Hold Return": -23.78000200000001, "Auto13($22000) Return": 8326.510032999991}, "Model Metrics": {"loss": 152.1399383544922, "mean_squared_error": 152.1399383544922, "mean_absolute_error": 11.690230369567871, "accuracy": 0.14193548262119293, "cosine_similarity": 0.8311903476715088}, "Class Metrics": {"f1_monark": 0.7250000000000001, "accuracy": 0.7380952380952381, "precision": 0.6987951807228916, "recall": 0.7532467532467533, "roc auc": 0.7392607392607392}}