{"Strategy Metrics": {"Daily Swing Trade Return": 907.0540400000007, "Buy & Hold Return": 351.81999899999994, "Auto13($22000) Return": 19526.766316}, "Model Metrics": {"loss": 20111.833984375, "mean_squared_error": 20111.833984375, "mean_absolute_error": 103.98553466796875, "accuracy": 0.2201591581106186, "cosine_proximity": 0.9991191029548645}, "Class Metrics": {"f1_monark": 0.6831072749691739, "accuracy": 0.6609498680738787, "precision": 0.6563981042654028, "recall": 0.712082262210797, "roc auc": 0.6595641663357508}}