{"Strategy Metrics": {"Daily Swing Trade Return": 93.5, "Buy & Hold Return": 0.6299999999999972, "Auto13($22000) Return": 39335.27999999998}, "Model Metrics": {"loss": 135.16607666015625, "mean_squared_error": 135.16607666015625, "mean_absolute_error": 11.472135543823242, "accuracy": 0.24946004152297974, "cosine_proximity": 0.9996890425682068}, "Class Metrics": {"f1_monark": 0.8517745302713987, "accuracy": 0.8471474703982778, "precision": 0.8553459119496856, "recall": 0.8482328482328483, "roc auc": 0.8471074955449955}}