{"Strategy Metrics": {"Daily Swing Trade Return": 236.04382599999965, "Buy & Hold Return": -25.84269299999994, "Auto13($22000) Return": 44502.963472000076}, "Model Metrics": {"loss": 531.1881103515625, "mean_squared_error": 531.1881103515625, "mean_absolute_error": 21.440998077392578, "accuracy": 0.17722512781620026, "cosine_proximity": 0.9997773766517639}, "Class Metrics": {"f1_monark": 0.6638115631691649, "accuracy": 0.6715481171548117, "precision": 0.6599254922831294, "recall": 0.6677436725901993, "roc auc": 0.6714417397013019}}