{"Strategy Metrics": {"Daily Swing Trade Return": 139.94999299999998, "Buy & Hold Return": -4.090000000000002, "Auto13($22000) Return": 96574.47311700007}, "Model Metrics": {"loss": 113.8359603881836, "mean_squared_error": 113.8359603881836, "mean_absolute_error": 10.057987213134766, "accuracy": 0.1781187504529953, "cosine_proximity": 0.9990792870521545}, "Class Metrics": {"f1_monark": 0.7878787878787878, "accuracy": 0.7857618097139055, "precision": 0.7878787878787878, "recall": 0.7878787878787878, "roc auc": 0.7857404692082111}}