{"Strategy Metrics": {"Daily Swing Trade Return": 967.9079930000005, "Buy & Hold Return": 351.81999899999994, "Auto13($22000) Return": 20377.33999299998}, "Model Metrics": {"loss": 20113.048828125, "mean_squared_error": 20113.048828125, "mean_absolute_error": 103.98639678955078, "accuracy": 0.2519893944263458, "cosine_proximity": 0.9991138577461243}, "Class Metrics": {"f1_monark": 0.6825000000000001, "accuracy": 0.6649076517150396, "precision": 0.6642335766423357, "recall": 0.7017994858611826, "roc auc": 0.6639078730118921}}