{
    "accuracy":[
        0.09375,
        0.08639705926179886,
        0.10110294073820114,
        0.0992647036910057,
        0.10845588147640228,
        0.07904411852359772,
        0.11397058516740799,
        0.09375,
        0.0992647036910057,
        0.0992647036910057,
        0.08455882221460342,
        0.09375,
        0.10110294073820114,
        0.13235294818878174,
        0.09007352590560913,
        0.10661764442920685,
        0.125,
        0.125,
        0.12683823704719543,
        0.12316176295280457
    ],
    "cosine_similarity":[
        0.9885519742965698,
        0.9977364540100098,
        0.9978716373443604,
        0.9978720545768738,
        0.9979539513587952,
        0.9979610443115234,
        0.99803227186203,
        0.99796462059021,
        0.9980455040931702,
        0.9979990720748901,
        0.998028039932251,
        0.9980412721633911,
        0.9980898499488831,
        0.9981122612953186,
        0.9981000423431396,
        0.9980694055557251,
        0.9981676936149597,
        0.9981975555419922,
        0.9981608390808105,
        0.9978084564208984
    ],
    "loss":[
        0.014882948249578476,
        0.006432129070162773,
        0.005816500633955002,
        0.005451923701912165,
        0.005433681420981884,
        0.005513668060302734,
        0.004993884824216366,
        0.004997070878744125,
        0.004762474447488785,
        0.004814635030925274,
        0.004569076932966709,
        0.004768200218677521,
        0.004478473216295242,
        0.004332559183239937,
        0.004708134103566408,
        0.004388708621263504,
        0.004228133242577314,
        0.004398928955197334,
        0.004168379120528698,
        0.004670958500355482
    ],
    "mean_absolute_error":[
        0.08358849585056305,
        0.06193210929632187,
        0.05804664269089699,
        0.05698496475815773,
        0.056014545261859894,
        0.05607638508081436,
        0.05332843214273453,
        0.05381609871983528,
        0.052125684916973114,
        0.052204929292201996,
        0.050895221531391144,
        0.05229508504271507,
        0.050305742770433426,
        0.0498245432972908,
        0.05137859657406807,
        0.04930877685546875,
        0.04874902963638306,
        0.049769558012485504,
        0.048831239342689514,
        0.049675729125738144
    ],
    "mean_squared_error":[
        0.014882948249578476,
        0.006432129070162773,
        0.005816500633955002,
        0.005451923701912165,
        0.005433681420981884,
        0.005513668060302734,
        0.004993884824216366,
        0.004997070878744125,
        0.004762474447488785,
        0.004814635030925274,
        0.004569076932966709,
        0.004768200218677521,
        0.004478473216295242,
        0.004332559183239937,
        0.004708134103566408,
        0.004388708621263504,
        0.004228133242577314,
        0.004398928955197334,
        0.004168379120528698,
        0.004670958500355482
    ],
    "val_accuracy":[
        0.1617647111415863,
        0.04411764815449715,
        0.07352941483259201,
        0.05882352963089943,
        0.07352941483259201,
        0.04411764815449715,
        0.08088235557079315,
        0.04411764815449715,
        0.04411764815449715,
        0.036764707416296005,
        0.0882352963089943,
        0.09558823704719543,
        0.13970588147640228,
        0.18382352590560913,
        0.05882352963089943,
        0.06617647409439087,
        0.19117647409439087,
        0.11029411852359772,
        0.16911764442920685,
        0.09558823704719543
    ],
    "val_cosine_similarity":[
        0.9976144433021545,
        0.9978753328323364,
        0.9974820613861084,
        0.9978251457214355,
        0.9978719353675842,
        0.997612476348877,
        0.9977755546569824,
        0.9979291558265686,
        0.9978717565536499,
        0.997833251953125,
        0.9978833198547363,
        0.997887909412384,
        0.9979026913642883,
        0.9978876709938049,
        0.9980106353759766,
        0.9979323148727417,
        0.9980239868164062,
        0.9980852603912354,
        0.9976932406425476,
        0.9977974891662598
    ],
    "val_loss":[
        0.0059398869052529335,
        0.005688643082976341,
        0.007768330164253712,
        0.0041444976814091206,
        0.0040155332535505295,
        0.006235471460968256,
        0.004068192094564438,
        0.0037881345488131046,
        0.006208320613950491,
        0.003733871504664421,
        0.004020956344902515,
        0.006627961527556181,
        0.0046469056978821754,
        0.004209598992019892,
        0.0037831980735063553,
        0.004055453464388847,
        0.0038395205046981573,
        0.0039816126227378845,
        0.0037657637149095535,
        0.004739794880151749
    ],
    "val_mean_absolute_error":[
        0.05903187394142151,
        0.0572332963347435,
        0.07036793977022171,
        0.04820285737514496,
        0.04708939418196678,
        0.06173774600028992,
        0.048803526908159256,
        0.045894067734479904,
        0.061932627111673355,
        0.045313991606235504,
        0.04714870825409889,
        0.06421203911304474,
        0.05251851677894592,
        0.05010377988219261,
        0.04646137356758118,
        0.04914209619164467,
        0.04756903275847435,
        0.0477694496512413,
        0.04625331610441208,
        0.05182719603180885
    ],
    "val_mean_squared_error":[
        0.0059398869052529335,
        0.005688643082976341,
        0.007768330164253712,
        0.0041444976814091206,
        0.0040155332535505295,
        0.006235471460968256,
        0.004068192094564438,
        0.0037881345488131046,
        0.006208320613950491,
        0.003733871504664421,
        0.004020956344902515,
        0.006627961527556181,
        0.0046469056978821754,
        0.004209598992019892,
        0.0037831980735063553,
        0.004055453464388847,
        0.0038395205046981573,
        0.0039816126227378845,
        0.0037657637149095535,
        0.004739794880151749
    ]
}