{"Strategy Metrics": {"Daily Swing Trade Return": 437.03004599999997, "Buy & Hold Return": -27.870002, "Auto13($22000) Return": 14803.871723999997}, "Model Metrics": {"loss": 17431.41796875, "mean_squared_error": 17431.41796875, "mean_absolute_error": 131.56399536132812, "accuracy": 0.2537037134170532, "cosine_similarity": 0.999814510345459}, "Class Metrics": {"f1_monark": 0.9435897435897436, "accuracy": 0.9393382352941176, "precision": 0.9324324324324325, "recall": 0.9550173010380623, "roc auc": 0.9382929642445214}}