{"Strategy Metrics": {"Daily Swing Trade Return": 1285.0260500000009, "Buy & Hold Return": 359.80000299999995, "Auto13($22000) Return": 43685.48181000001}, "Model Metrics": {"loss": 28102.298828125, "mean_squared_error": 28102.298828125, "mean_absolute_error": 123.93304443359375, "accuracy": 0.2810077667236328, "cosine_similarity": 0.9994040727615356}, "Class Metrics": {"f1_monark": 0.8571428571428571, "accuracy": 0.8452611218568665, "precision": 0.851063829787234, "recall": 0.8633093525179856, "roc auc": 0.8437885674723818}}