{"Strategy Metrics": {"Daily Swing Trade Return": 37798.33349399998, "Buy & Hold Return": 2542.2978519999997, "Auto13($22000) Return": 75596.66698800001}, "Model Metrics": {"loss": 84242608.0, "mean_squared_error": 84242608.0, "mean_absolute_error": 9055.734375, "accuracy": 0.14558473229408264, "cosine_proximity": 0.9983903169631958}, "Class Metrics": {"f1_monark": 0.8617511520737328, "accuracy": 0.8611111111111112, "precision": 0.8697674418604651, "recall": 0.8538812785388128, "roc auc": 0.8612129397388899}}