{"Strategy Metrics": {"Daily Swing Trade Return": 515.9200970000002, "Buy & Hold Return": 89.12999699999999, "Auto13($22000) Return": 14162.882658000031}, "Model Metrics": {"loss": 28053.673828125, "mean_squared_error": 28053.673828125, "mean_absolute_error": 164.99005126953125, "accuracy": 0.08169014006853104, "cosine_similarity": 0.9995278716087341}, "Class Metrics": {"f1_monark": 0.9741176470588235, "accuracy": 0.970108695652174, "precision": 0.9627906976744186, "recall": 0.9857142857142858, "roc auc": 0.9675406871609403}}