{"Strategy Metrics": {"Daily Swing Trade Return": 1220.2900640000012, "Buy & Hold Return": 371.8280019999999, "Auto13($22000) Return": 32464.642753000022}, "Model Metrics": {"loss": 28066.4921875, "mean_squared_error": 28066.4921875, "mean_absolute_error": 124.11109161376953, "accuracy": 0.2003929316997528, "cosine_proximity": 0.9988721013069153}, "Class Metrics": {"f1_monark": 0.8269896193771626, "accuracy": 0.8046875, "precision": 0.7966666666666666, "recall": 0.8597122302158273, "roc auc": 0.7995142347660333}}