{"Strategy Metrics": {"Daily Swing Trade Return": 119.57999499999997, "Buy & Hold Return": -4.6499999999999995, "Auto13($22000) Return": 94079.10814899998}, "Model Metrics": {"loss": 145.65696716308594, "mean_squared_error": 145.65696716308594, "mean_absolute_error": 11.68885612487793, "accuracy": 0.1167002022266388, "cosine_similarity": 0.9980877041816711}, "Class Metrics": {"f1_monark": 0.9655850540806292, "accuracy": 0.9652432969215492, "precision": 0.9571150097465887, "recall": 0.9742063492063492, "roc auc": 0.9652343873268326}}