{
    "accuracy":[
        0.1521918922662735,
        0.16708023846149445,
        0.1538461595773697,
        0.16790735721588135,
        0.1852770894765854,
        0.15798179805278778,
        0.16873449087142944,
        0.17700578272342682,
        0.18858560919761658,
        0.17783291637897491,
        0.15715467929840088,
        0.1811414361000061,
        0.1505376398563385,
        0.16625310480594635,
        0.1836228221654892,
        0.1844499558210373,
        0.17204301059246063,
        0.16542597115039825,
        0.16956162452697754,
        0.1811414361000061,
        0.16377171874046326,
        0.17121587693691254,
        0.17369727790355682,
        0.16956162452697754,
        0.16129031777381897,
        0.1505376398563385,
        0.16708023846149445,
        0.17783291637897491,
        0.17783291637897491,
        0.180314302444458,
        0.15963606536388397,
        0.19685690104961395,
        0.16708023846149445,
        0.19768403470516205,
        0.17204301059246063,
        0.17452439665794373,
        0.16129031777381897,
        0.1836228221654892,
        0.19189412891864777,
        0.16542597115039825,
        0.16377171874046326,
        0.1836228221654892,
        0.18941274285316467
    ],
    "cosine_similarity":[
        0.8095793128013611,
        0.7910841107368469,
        0.771209716796875,
        0.745995819568634,
        0.7617868781089783,
        0.7363857626914978,
        0.749590277671814,
        0.7572259306907654,
        0.7385563850402832,
        0.7380307912826538,
        0.728070080280304,
        0.7516109347343445,
        0.7161027193069458,
        0.7266548275947571,
        0.7248055934906006,
        0.7492184042930603,
        0.7263539433479309,
        0.7204452753067017,
        0.7272192239761353,
        0.7337539196014404,
        0.7242400646209717,
        0.7387670278549194,
        0.7363675832748413,
        0.730177104473114,
        0.6940335631370544,
        0.7231199145317078,
        0.7288702726364136,
        0.7268844246864319,
        0.7271317839622498,
        0.7385743260383606,
        0.7369120717048645,
        0.7171474099159241,
        0.7418485879898071,
        0.7257305979728699,
        0.7447038292884827,
        0.7238737344741821,
        0.7465807795524597,
        0.7096647024154663,
        0.7140858173370361,
        0.7258154153823853,
        0.7265085577964783,
        0.7072319388389587,
        0.7244235873222351
    ],
    "loss":[
        0.009014307521283627,
        0.004629311617463827,
        0.004076404497027397,
        0.0034726164303719997,
        0.0028304383158683777,
        0.002334624994546175,
        0.002606285037472844,
        0.0022403753828257322,
        0.00217945734038949,
        0.002330816350877285,
        0.002104510786011815,
        0.0023525424767285585,
        0.0019062852952629328,
        0.002193080261349678,
        0.002073802752420306,
        0.0018078890861943364,
        0.0018416977254673839,
        0.0018270339351147413,
        0.002046197885647416,
        0.0019241581903770566,
        0.0019205957651138306,
        0.002107688458636403,
        0.0019934463780373335,
        0.002070029266178608,
        0.001817034906707704,
        0.00199196208268404,
        0.0019254684448242188,
        0.0017788481200113893,
        0.001670539379119873,
        0.0019982201047241688,
        0.0018059901194646955,
        0.0017866867128759623,
        0.0017047942383214831,
        0.0018521043239161372,
        0.0018034589011222124,
        0.0019276506500318646,
        0.0017291621770709753,
        0.0016877995803952217,
        0.0016748132184147835,
        0.0018107686191797256,
        0.0018596077570691705,
        0.001756541896611452,
        0.0018086251802742481
    ],
    "mean_absolute_error":[
        0.051279086619615555,
        0.03819854557514191,
        0.0362807996571064,
        0.03399249538779259,
        0.03038729727268219,
        0.02904677763581276,
        0.030272547155618668,
        0.028916718438267708,
        0.027593856677412987,
        0.029295796528458595,
        0.02834238111972809,
        0.029076524078845978,
        0.027394363656640053,
        0.028063440695405006,
        0.028292890638113022,
        0.026394758373498917,
        0.026670116931200027,
        0.026062216609716415,
        0.02708733268082142,
        0.02759251929819584,
        0.027495982125401497,
        0.028768742457032204,
        0.02726687863469124,
        0.02759658917784691,
        0.026836799457669258,
        0.027106542140245438,
        0.02633696235716343,
        0.0253875944763422,
        0.0257722157984972,
        0.027427127584815025,
        0.026156874373555183,
        0.026052325963974,
        0.025817112997174263,
        0.026562273502349854,
        0.025917502120137215,
        0.02673238329589367,
        0.025786954909563065,
        0.02591089904308319,
        0.02465810440480709,
        0.027134304866194725,
        0.026263609528541565,
        0.025619572028517723,
        0.02647922746837139
    ],
    "mean_squared_error":[
        0.009014307521283627,
        0.004629311617463827,
        0.00407640403136611,
        0.0034726164303719997,
        0.0028304383158683777,
        0.002334624994546175,
        0.002606285037472844,
        0.0022403753828257322,
        0.00217945734038949,
        0.002330816350877285,
        0.002104510786011815,
        0.0023525424767285585,
        0.0019062852952629328,
        0.002193080261349678,
        0.002073802752420306,
        0.0018078890861943364,
        0.0018416977254673839,
        0.0018270339351147413,
        0.0020461981184780598,
        0.0019241581903770566,
        0.0019205957651138306,
        0.002107688458636403,
        0.0019934463780373335,
        0.002070029266178608,
        0.001817034906707704,
        0.00199196208268404,
        0.0019254684448242188,
        0.0017788481200113893,
        0.001670539379119873,
        0.0019982201047241688,
        0.0018059901194646955,
        0.0017866867128759623,
        0.0017047942383214831,
        0.0018521043239161372,
        0.0018034590175375342,
        0.0019276506500318646,
        0.0017291621770709753,
        0.0016877995803952217,
        0.0016748132184147835,
        0.0018107686191797256,
        0.0018596077570691705,
        0.001756541896611452,
        0.0018086251802742481
    ],
    "val_accuracy":[
        0.11881188303232193,
        0.2211221158504486,
        0.12871287763118744,
        0.15841583907604218,
        0.1452145278453827,
        0.22772277891635895,
        0.16171617805957794,
        0.13861386477947235,
        0.18151815235614777,
        0.17161716520786285,
        0.11881188303232193,
        0.2541254162788391,
        0.12871287763118744,
        0.13861386477947235,
        0.13531352579593658,
        0.26072606444358826,
        0.15841583907604218,
        0.10561056435108185,
        0.2013201266527176,
        0.2013201266527176,
        0.1683168262243271,
        0.09570956975221634,
        0.11551155149936676,
        0.1782178282737732,
        0.16501650214195251,
        0.25082507729530334,
        0.21782177686691284,
        0.13861386477947235,
        0.14851485192775726,
        0.13531352579593658,
        0.17161716520786285,
        0.23762376606464386,
        0.20462046563625336,
        0.14191418886184692,
        0.2574257552623749,
        0.19801980257034302,
        0.19141913950443268,
        0.11221121996641159,
        0.23762376606464386,
        0.1881188154220581,
        0.2013201266527176,
        0.25082507729530334,
        0.2112211287021637
    ],