{"Strategy Metrics": {"Daily Swing Trade Return": 34560.99902100004, "Buy & Hold Return": 2715.7939449999994, "Auto13($22000) Return": 69121.99804200005}, "Model Metrics": {"loss": 84736384.0, "mean_squared_error": 84736384.0, "mean_absolute_error": 9080.60546875, "accuracy": 0.2742316722869873, "cosine_similarity": 0.9994493722915649}, "Class Metrics": {"f1_monark": 0.7981438515081207, "accuracy": 0.795774647887324, "precision": 0.8, "recall": 0.7962962962962963, "roc auc": 0.7957671957671958}}