{
    "accuracy":[
        0.06506053358316422,
        0.06738412380218506,
        0.0665280669927597,
        0.08046960830688477,
        0.07704537361860275,
        0.07863519340753555,
        0.069585420191288,
        0.07435489445924759,
        0.07741225510835648,
        0.0779014304280281,
        0.0859728530049324,
        0.08316008001565933,
        0.08071419596672058,
        0.08340467512607574,
        0.08279319852590561,
        0.07924667000770569,
        0.08352696895599365,
        0.08560597151517868,
        0.08780726790428162,
        0.08560597151517868,
        0.08401614427566528,
        0.08462761342525482
    ],
    "cosine_similarity":[
        0.9686746001243591,
        0.9588342905044556,
        0.9556589126586914,
        0.9666628837585449,
        0.9669035077095032,
        0.9605841636657715,
        0.9695653915405273,
        0.9696760177612305,
        0.9671944975852966,
        0.9683778285980225,
        0.9718440175056458,
        0.9749278426170349,
        0.9779720306396484,
        0.967030942440033,
        0.9753036499023438,
        0.9762057662010193,
        0.9777213931083679,
        0.9742438197135925,
        0.9754126667976379,
        0.9785735607147217,
        0.9770756959915161,
        0.9773381948471069
    ],
    "loss":[
        0.001988852396607399,
        0.000500622671097517,
        0.00046118523459881544,
        0.0004093951138202101,
        0.0003777861420530826,
        0.0003854734532069415,
        0.0003546220832504332,
        0.0003486119967419654,
        0.0003424279857426882,
        0.0003330870240461081,
        0.00032959243981167674,
        0.0003231907030567527,
        0.00031581605435349047,
        0.00032203071168623865,
        0.0003203236556146294,
        0.0003169008414261043,
        0.00031627839780412614,
        0.000320098566589877,
        0.0003170243580825627,
        0.0003063949407078326,
        0.00031363271409645677,
        0.0003057386202272028
    ],
    "mean_absolute_error":[
        0.01888582482933998,
        0.012826485559344292,
        0.012349281460046768,
        0.011087469756603241,
        0.010584286414086819,
        0.010856671258807182,
        0.010229877196252346,
        0.010048438794910908,
        0.010043022222816944,
        0.00984902773052454,
        0.00972347054630518,
        0.009472629055380821,
        0.009385858662426472,
        0.009761550463736057,
        0.009437951259315014,
        0.00921652466058731,
        0.009186682291328907,
        0.009381408803164959,
        0.009354737587273121,
        0.008948080241680145,
        0.009190562181174755,
        0.009082960896193981
    ],
    "mean_squared_error":[
        0.001988852396607399,
        0.000500622671097517,
        0.00046118523459881544,
        0.0004093951138202101,
        0.0003777861420530826,
        0.0003854734532069415,
        0.0003546220832504332,
        0.0003486119967419654,
        0.0003424279857426882,
        0.0003330870240461081,
        0.00032959243981167674,
        0.0003231907030567527,
        0.00031581605435349047,
        0.00032203071168623865,
        0.0003203236556146294,
        0.0003169008414261043,
        0.00031627839780412614,
        0.000320098566589877,
        0.0003170243580825627,
        0.0003063949407078326,
        0.00031363271409645677,
        0.0003057385911233723
    ],
    "val_accuracy":[
        0.05085574463009834,
        0.11882640421390533,
        0.07726161181926727,
        0.058190710842609406,
        0.04009779915213585,
        0.11393643170595169,
        0.06992664933204651,
        0.0684596598148346,
        0.1041564792394638,
        0.06601466983556747,
        0.0797066017985344,
        0.08166259527206421,
        0.06405867636203766,
        0.08899755775928497,
        0.058190710842609406,
        0.05867970734834671,
        0.05867970734834671,
        0.08459657430648804,
        0.10171148926019669,
        0.12078239768743515,
        0.0914425402879715,
        0.0919315367937088
    ],
    "val_cosine_similarity":[
        0.9371376037597656,
        0.9981313943862915,
        0.996562123298645,
        0.9509478211402893,
        0.9978621602058411,
        0.9980894327163696,
        0.9674726724624634,
        0.9977035522460938,
        0.9974393844604492,
        0.9980919361114502,
        0.997977077960968,
        0.9848659634590149,
        0.8376463651657104,
        0.9981203675270081,
        0.9964050650596619,
        0.9497617483139038,
        0.9909937381744385,
        0.8899691700935364,
        0.9974068999290466,
        0.995223879814148,
        0.983610212802887,
        0.8886422514915466
    ],
    "val_loss":[
        0.00043883553007617593,
        0.0003944030322600156,
        0.00035389006370678544,
        0.00031675887294113636,
        0.00033090615761466324,
        0.0004205433069728315,
        0.0003324360295664519,
        0.00026144529692828655,
        0.00027119892183691263,
        0.00040744556463323534,
        0.00027291179867461324,
        0.00026088516460731626,
        0.000401358469389379,
        0.00027209590189158916,
        0.0002860191452782601,
        0.00032384259975515306,
        0.0003703472902998328,
        0.0005320151685737073,
        0.00026135711232200265,
        0.0002780849172268063,
        0.00028858453151769936,
        0.00038742480683140457
    ],
    "val_mean_absolute_error":[
        0.01194046065211296,
        0.013267907314002514,
        0.009473315440118313,
        0.009405127726495266,
        0.0119166886433959,
        0.011702396906912327,
        0.009598035365343094,
        0.008340398781001568,
        0.009340103715658188,
        0.012877516448497772,
        0.008601938374340534,
        0.007862886413931847,
        0.012373166158795357,
        0.009674000553786755,
        0.008549579419195652,
        0.009634098038077354,
        0.010383480228483677,
        0.013452770188450813,
        0.007804233580827713,
        0.009482917375862598,
        0.008571574464440346,
        0.011602701619267464
    ],
    "val_mean_squared_error":[
        0.00043883553007617593,
        0.0003944030322600156,
        0.00035389006370678544,
        0.00031675887294113636,
        0.00033090615761466324,
        0.0004205433069728315,
        0.0003324360295664519,
        0.00026144529692828655,
        0.00027119892183691263,
        0.00040744556463323534,
        0.00027291179867461324,
        0.0002608851355034858,
        0.000401358469389379,
        0.00027209590189158916,
        0.0002860191452782601,
        0.00032384259975515306,
        0.0003703472902998328,
        0.0005320151685737073,
        0.00026135711232200265,
        0.0002780849172268063,
        0.00028858453151769936,
        0.00038742480683140457
    ]
}