{
    "accuracy":[
        0.0658763125538826,
        0.06990955770015717,
        0.07039843499660492,
        0.072231724858284,
        0.07259839028120041,
        0.07272060960531235,
        0.06795404851436615,
        0.06942068040370941,
        0.06880958378314972,
        0.07467611879110336,
        0.07626497000455856,
        0.07467611879110336,
        0.08164262771606445,
        0.08078709244728088,
        0.08567587286233902,
        0.08090931177139282,
        0.0859203115105629,
        0.08604253083467484,
        0.08677584677934647
    ],
    "cosine_similarity":[
        0.8620562553405762,
        0.8021512031555176,
        0.7861589193344116,
        0.7868447303771973,
        0.7813720107078552,
        0.7791372537612915,
        0.7881309986114502,
        0.7890493273735046,
        0.7782942652702332,
        0.7882091403007507,
        0.7880882024765015,
        0.7871867418289185,
        0.7890505790710449,
        0.7870063185691833,
        0.7989152669906616,
        0.787291944026947,
        0.7941239476203918,
        0.8018633723258972,
        0.7962448000907898
    ],
    "loss":[
        0.005666032433509827,
        0.0018159697065129876,
        0.0014203166356310248,
        0.001258475356735289,
        0.0011550791095942259,
        0.00114439835306257,
        0.0011175841791555285,
        0.0011164451716467738,
        0.0010661670239642262,
        0.0011068214662373066,
        0.001043329481035471,
        0.001038071815855801,
        0.0010077275801450014,
        0.0010397180449217558,
        0.00103341368958354,
        0.001026143436320126,
        0.001050559221766889,
        0.0009970531100407243,
        0.0009676394402049482
    ],
    "mean_absolute_error":[
        0.03881547972559929,
        0.02670556679368019,
        0.024868138134479523,
        0.02342754602432251,
        0.023089824244379997,
        0.02305302582681179,
        0.02272539772093296,
        0.022617150098085403,
        0.022366836667060852,
        0.02274147793650627,
        0.022319747135043144,
        0.021929575130343437,
        0.021876996383070946,
        0.02190464362502098,
        0.021760331466794014,
        0.021801460534334183,
        0.022011658176779747,
        0.021546876057982445,
        0.021157024428248405
    ],
    "mean_squared_error":[
        0.005666032433509827,
        0.0018159697065129876,
        0.0014203166356310248,
        0.001258475356735289,
        0.0011550791095942259,
        0.00114439835306257,
        0.0011175841791555285,
        0.0011164451716467738,
        0.0010661670239642262,
        0.0011068214662373066,
        0.001043329481035471,
        0.001038071815855801,
        0.0010077275801450014,
        0.0010397180449217558,
        0.00103341368958354,
        0.001026143436320126,
        0.001050559221766889,
        0.0009970531100407243,
        0.0009676394402049482
    ],
    "val_accuracy":[
        0.08211144059896469,
        0.04643206298351288,
        0.099217988550663,
        0.057673510164022446,
        0.07869012653827667,
        0.052297163754701614,
        0.0674486830830574,
        0.14271749556064606,
        0.08895405381917953,
        0.09286412596702576,
        0.05522971600294113,
        0.06451612710952759,
        0.13000977039337158,
        0.10312805324792862,
        0.05131964758038521,
        0.11143694818019867,
        0.14271749556064606,
        0.06011730059981346,
        0.11388074606657028
    ],
    "val_cosine_similarity":[
        0.8482497334480286,
        0.9758254289627075,
        0.9934187531471252,
        0.6447544097900391,
        0.9158002734184265,
        0.99639892578125,
        0.9978519082069397,
        0.9982060194015503,
        0.9248692989349365,
        0.9983071088790894,
        0.9184772372245789,
        0.9980304837226868,
        0.9979018568992615,
        0.7279995083808899,
        0.44924718141555786,
        0.8443611264228821,
        0.9982041716575623,
        0.9982720613479614,
        0.9981206655502319
    ],
    "val_loss":[
        0.0008563497103750706,
        0.000526313844602555,
        0.0003366103919688612,
        0.0005084619042463601,
        0.00029984081629663706,
        0.0003095412685070187,
        0.00033108380739577115,
        0.00039438699604943395,
        0.00029224035097286105,
        0.000379647477529943,
        0.00029958097729831934,
        0.00036866561276838183,
        0.00029558758251369,
        0.00033362998510710895,
        0.00047791015822440386,
        0.0002946917957160622,
        0.0004829682584386319,
        0.0003458464634604752,
        0.0002958691620733589
    ],
    "val_mean_absolute_error":[
        0.01715102419257164,
        0.012874361127614975,
        0.009571920149028301,
        0.014555095694959164,
        0.010128865018486977,
        0.009348656050860882,
        0.009113366715610027,
        0.015105318278074265,
        0.009388536214828491,
        0.014962691813707352,
        0.00948450155556202,
        0.011293587274849415,
        0.009946235455572605,
        0.011560147628188133,
        0.015818584710359573,
        0.010619067586958408,
        0.013516610488295555,
        0.011585392989218235,
        0.01037376094609499
    ],
    "val_mean_squared_error":[
        0.0008563497103750706,
        0.000526313844602555,
        0.0003366103919688612,
        0.0005084619042463601,
        0.00029984081629663706,
        0.0003095412685070187,
        0.00033108380739577115,
        0.00039438699604943395,
        0.00029224035097286105,
        0.000379647477529943,
        0.00029958097729831934,
        0.00036866561276838183,
        0.00029558758251369,
        0.00033362998510710895,
        0.00047791015822440386,
        0.0002946917957160622,
        0.0004829682584386319,
        0.0003458464634604752,
        0.0002958691620733589
    ]
}