{"Strategy Metrics": {"Daily Swing Trade Return": 380.9069999999774, "Buy & Hold Return": 662.5809999999983, "Auto13($22000) Return": 761.8139999999294}, "Model Metrics": {"loss": 137942080.0, "mean_squared_error": 137942080.0, "mean_absolute_error": 11736.6943359375, "accuracy": 0.3315363824367523, "cosine_similarity": 0.9858989119529724}, "Class Metrics": {"f1_monark": 0.7185185185185184, "accuracy": 0.5946666666666667, "precision": 0.5969230769230769, "recall": 0.9023255813953488, "roc auc": 0.5417877906976745}}