{"Strategy Metrics": {"Daily Swing Trade Return": -0.14799999999998903, "Buy & Hold Return": 0.07500000000000107, "Auto13($22000) Return": -28.84100000000035}, "Model Metrics": {"loss": 114.61194610595703, "mean_squared_error": 114.61194610595703, "mean_absolute_error": 10.703327178955078, "accuracy": 0.7444444298744202, "cosine_proximity": 0.8950385451316833}, "Class Metrics": {"f1_monark": 0.3880597014925373, "accuracy": 0.5638297872340425, "precision": 0.3333333333333333, "recall": 0.4642857142857143, "roc auc": 0.5351731601731602}}