{"Strategy Metrics": {"Daily Swing Trade Return": 980.4959770000003, "Buy & Hold Return": 351.81999899999994, "Auto13($22000) Return": 20657.797770999947}, "Model Metrics": {"loss": 20111.69140625, "mean_squared_error": 20111.69140625, "mean_absolute_error": 103.9874038696289, "accuracy": 0.27586206793785095, "cosine_similarity": 0.9991150498390198}, "Class Metrics": {"f1_monark": 0.6968215158924206, "accuracy": 0.6728232189973615, "precision": 0.6643356643356644, "recall": 0.7326478149100257, "roc auc": 0.6712019562355007}}