{"Strategy Metrics": {"Daily Swing Trade Return": 16.897500000000004, "Buy & Hold Return": 3.100000000000001, "Auto13($22000) Return": 22744.868000000002}, "Model Metrics": {"loss": 9.154958724975586, "mean_squared_error": 9.154958724975586, "mean_absolute_error": 2.9224958419799805, "accuracy": 0.21851852536201477, "cosine_similarity": 0.9968000650405884}, "Class Metrics": {"f1_monark": 0.8495238095238095, "accuracy": 0.8547794117647058, "precision": 0.8050541516245487, "recall": 0.8991935483870968, "roc auc": 0.8583805579773321}}