{"Strategy Metrics": {"Daily Swing Trade Return": 31941.275872000035, "Buy & Hold Return": 1330.2646480000003, "Auto13($22000) Return": 63882.5517440001}, "Model Metrics": {"loss": 84470936.0, "mean_squared_error": 84470936.0, "mean_absolute_error": 9068.4951171875, "accuracy": 0.1111111119389534, "cosine_similarity": 0.9975990056991577}, "Class Metrics": {"f1_monark": 0.7163461538461539, "accuracy": 0.7293577981651376, "precision": 0.7602040816326531, "recall": 0.6772727272727272, "roc auc": 0.7298400673400673}}