{"Strategy Metrics": {"Daily Swing Trade Return": 75.54999999999998, "Buy & Hold Return": -0.2500000000000018, "Auto13($22000) Return": 22373.559999999976}, "Model Metrics": {"loss": 135.41287231445312, "mean_squared_error": 135.41287231445312, "mean_absolute_error": 11.48067569732666, "accuracy": 0.04262294992804527, "cosine_similarity": 0.9992378354072571}, "Class Metrics": {"f1_monark": 0.7549530761209593, "accuracy": 0.7467672413793104, "precision": 0.755741127348643, "recall": 0.7541666666666667, "roc auc": 0.7465029761904762}}