{"Strategy Metrics": {"Daily Swing Trade Return": 2450.3560000000034, "Buy & Hold Return": 4963.826999999999, "Auto13($22000) Return": 4900.712000000014}, "Model Metrics": {"loss": 83054816.0, "mean_squared_error": 83054816.0, "mean_absolute_error": 8966.451171875, "accuracy": 0.095238097012043, "cosine_similarity": 0.9816272258758545}, "Class Metrics": {"f1_monark": 0.4642857142857143, "accuracy": 0.45454545454545453, "precision": 0.5, "recall": 0.43333333333333335, "roc auc": 0.45666666666666667}}