{"Strategy Metrics": {"Daily Swing Trade Return": 3058.172000000004, "Buy & Hold Return": 662.5809999999983, "Auto13($22000) Return": 6116.343999999986}, "Model Metrics": {"loss": 137488480.0, "mean_squared_error": 137488480.0, "mean_absolute_error": 11717.9169921875, "accuracy": 0.3264462947845459, "cosine_similarity": 0.9392455816268921}, "Class Metrics": {"f1_monark": 0.6909090909090909, "accuracy": 0.6, "precision": 0.6229508196721312, "recall": 0.7755102040816326, "roc auc": 0.5683106575963719}}