{"Strategy Metrics": {"Daily Swing Trade Return": 102.26999999999995, "Buy & Hold Return": -0.07000000000000206, "Auto13($22000) Return": 62782.40000000001}, "Model Metrics": {"loss": 135.4174346923828, "mean_squared_error": 135.4174346923828, "mean_absolute_error": 11.481034278869629, "accuracy": 0.12910284101963043, "cosine_similarity": 0.9991803169250488}, "Class Metrics": {"f1_monark": 0.9458333333333333, "accuracy": 0.9439050701186623, "precision": 0.9458333333333333, "recall": 0.9458333333333333, "roc auc": 0.9438338926174497}}