{
    "accuracy":[
        0.1919548362493515,
        0.16584333777427673,
        0.17078334093093872,
        0.17784050107002258,
        0.1672547608613968,
        0.16160903871059418,
        0.16090331971645355,
        0.17078334093093872,
        0.17078334093093872,
        0.17431192100048065,
        0.16019760072231293,
        0.1729004979133606,
        0.15878616273403168,
        0.16019760072231293,
        0.1729004979133606,
        0.18066337704658508,
        0.1757233589887619,
        0.17995765805244446,
        0.16372618079185486,
        0.1623147428035736,
        0.16584333777427673,
        0.1700776219367981,
        0.18772053718566895,
        0.18207480013370514,
        0.1919548362493515,
        0.1863090991973877,
        0.18419195711612701,
        0.19689485430717468,
        0.19830627739429474,
        0.19830627739429474,
        0.19266055524349213,
        0.18419195711612701,
        0.1919548362493515,
        0.19618913531303406,
        0.199717715382576,
        0.19266055524349213,
        0.1976005584001541,
        0.20465773344039917,
        0.18772053718566895,
        0.17431192100048065,
        0.19266055524349213,
        0.2110091745853424,
        0.2110091745853424,
        0.1729004979133606,
        0.20959773659706116,
        0.18842625617980957,
        0.16796047985553741,
        0.19901199638843536,
        0.2025405764579773,
        0.18701481819152832,
        0.19407197833061218,
        0.18489767611026764,
        0.18207480013370514,
        0.18278051912784576,
        0.19266055524349213,
        0.1813690960407257,
        0.20748059451580048,
        0.2110091745853424
    ],
    "cosine_similarity":[
        0.864141583442688,
        0.8167442083358765,
        0.8060819506645203,
        0.799966037273407,
        0.7963745594024658,
        0.7920454144477844,
        0.7926806807518005,
        0.7929056882858276,
        0.7907825708389282,
        0.8007073402404785,
        0.8158761262893677,
        0.8091700673103333,
        0.8041988015174866,
        0.8041359782218933,
        0.8139895796775818,
        0.817155122756958,
        0.8186144828796387,
        0.802876889705658,
        0.8167291283607483,
        0.8133771419525146,
        0.8064690828323364,
        0.8245752453804016,
        0.8258623480796814,
        0.8077104687690735,
        0.8265862464904785,
        0.8239651918411255,
        0.8190150260925293,
        0.8227751851081848,
        0.8169702291488647,
        0.8102763891220093,
        0.8228556513786316,
        0.8121248483657837,
        0.8312758207321167,
        0.8176562190055847,
        0.8353347182273865,
        0.8171462416648865,
        0.802246630191803,
        0.8282433748245239,
        0.8304203748703003,
        0.821122944355011,
        0.8092389106750488,
        0.8060252070426941,
        0.8254157900810242,
        0.8178651332855225,
        0.8171738982200623,
        0.8243675827980042,
        0.8193713426589966,
        0.8258944153785706,
        0.8232612013816833,
        0.8237208127975464,
        0.8187220692634583,
        0.8163317441940308,
        0.8259820342063904,
        0.833710253238678,
        0.8372734785079956,
        0.8177301287651062,
        0.8110777735710144,
        0.8438602685928345
    ],
    "loss":[
        0.00045484540169127285,
        0.00014900208043400198,
        0.00011719403846655041,
        0.00010136423952644691,
        9.673969179857522e-05,
        8.795069152256474e-05,
        7.953352178446949e-05,
        7.959605864016339e-05,
        7.787948561599478e-05,
        7.07094295648858e-05,
        6.793853390263394e-05,
        7.29848543414846e-05,
        6.596051389351487e-05,
        7.371229730779305e-05,
        6.47644919808954e-05,
        6.400907295756042e-05,
        6.227557605598122e-05,
        6.336025398923084e-05,
        5.934747605351731e-05,
        5.8757748774951324e-05,
        6.13975353189744e-05,
        5.740276537835598e-05,
        6.173086148919538e-05,
        6.21060244156979e-05,
        5.432697435026057e-05,
        5.7821573136607185e-05,
        5.5069765949156135e-05,
        5.55067636014428e-05,
        5.7283985370304435e-05,
        5.811332448502071e-05,
        5.483959103003144e-05,
        5.627976497635245e-05,
        5.8295103372074664e-05,
        6.0505066358018667e-05,
        4.963155515724793e-05,
        5.481025073095225e-05,
        5.298663745634258e-05,
        5.1879582315450534e-05,
        5.293894719216041e-05,
        5.877032162970863e-05,
        5.421981040854007e-05,
        5.367941048461944e-05,
        5.479341052705422e-05,
        5.2353309001773596e-05,
        5.283296559355222e-05,
        5.399679866968654e-05,
        5.423828770290129e-05,
        5.18850538355764e-05,
        5.155548205948435e-05,
        5.088106627226807e-05,
        5.3746036428492516e-05,
        5.0237886171089485e-05,
        5.202183092478663e-05,
        4.418707612785511e-05,
        5.221489482210018e-05,
        5.564781167777255e-05,
        5.263704952085391e-05,
        5.194210825720802e-05
    ],
    "mean_absolute_error":[
        0.014057192951440811,
        0.009241108782589436,
        0.00836044643074274,
        0.007827750407159328,
        0.007656186819076538,
        0.007284360937774181,
        0.006923669017851353,
        0.006834025960415602,
        0.006861165631562471,
        0.006526440382003784,
        0.006401367485523224,
        0.0066318875178694725,
        0.006198568735271692,
        0.006659004371613264,
        0.006266089156270027,
        0.006204560864716768,
        0.006083766929805279,
        0.00625048391520977,
        0.005989833734929562,
        0.0059568919241428375,
        0.0060205901972949505,
        0.005923599004745483,
        0.006113272625952959,
        0.006191237363964319,
        0.005720676388591528,
        0.005887952167540789,
        0.005757313687354326,
        0.005696667358279228,
        0.005852924659848213,
        0.005947548430413008,
        0.005705342628061771,
        0.005796966142952442,
        0.005920003168284893,
        0.0059569519944489,
        0.005479690618813038,
        0.0056694140657782555,
        0.00571971433237195,
        0.005597114097326994,
        0.005558610428124666,
        0.005875190254300833,
        0.005737376864999533,
        0.005643214099109173,
        0.005719649139791727,
        0.005519310478121042,
        0.005565970670431852,
        0.005670015700161457,
        0.0056581455282866955,
        0.005610819905996323,
        0.005650846753269434,
        0.0055892677046358585,
        0.005682470742613077,
        0.0055467854253947735,
        0.005585090722888708,
        0.005173982586711645,
        0.00557249691337347,
        0.005788989365100861,
        0.005665079690515995,
        0.005515499971807003
    ],