{
    "accuracy":[
        0.16092437505722046,
        0.1612044870853424,
        0.1721288561820984,
        0.16386555135250092,
        0.1683473438024521,
        0.16764706373214722,
        0.1612044870853424,
        0.1521008461713791,
        0.17436975240707397,
        0.18151260912418365,
        0.18893557786941528,
        0.1855742335319519,
        0.18599440157413483,
        0.17871148884296417,
        0.18543417751789093,
        0.18305322527885437,
        0.18137255311012268,
        0.18151260912418365,
        0.18473389744758606,
        0.19719888269901276,
        0.1829131692647934,
        0.18375350534915924,
        0.1953781545162201,
        0.179691880941391,
        0.18529412150382996,
        0.1791316568851471,
        0.1893557459115982,
        0.18277311325073242,
        0.18487395346164703,
        0.1920168101787567,
        0.18907563388347626,
        0.18907563388347626,
        0.19523809850215912,
        0.18361344933509827,
        0.18893557786941528,
        0.1806722730398178
    ],
    "cosine_similarity":[
        0.9515010118484497,
        0.9333996176719666,
        0.9360544681549072,
        0.9402459859848022,
        0.9454034566879272,
        0.9478248953819275,
        0.9472215175628662,
        0.9452050924301147,
        0.9445763230323792,
        0.9459704756736755,
        0.9467658400535583,
        0.9517452120780945,
        0.951945960521698,
        0.9542251229286194,
        0.9526223540306091,
        0.9541406631469727,
        0.9558974504470825,
        0.9567983746528625,
        0.954677939414978,
        0.9569680690765381,
        0.9566713571548462,
        0.9579840898513794,
        0.9572850465774536,
        0.9582582712173462,
        0.9600644707679749,
        0.9647027254104614,
        0.9610209465026855,
        0.9576457738876343,
        0.955967366695404,
        0.9604608416557312,
        0.9615045189857483,
        0.9587189555168152,
        0.9641673564910889,
        0.9644069671630859,
        0.9614410996437073,
        0.961150586605072
    ],
    "loss":[
        0.0018539343727752566,
        0.0008394269389100373,
        0.000691302353516221,
        0.0006292928592301905,
        0.0005675659631378949,
        0.0005268675158731639,
        0.0005691107362508774,
        0.0005917009548284113,
        0.0005543029983527958,
        0.000561752705834806,
        0.0005224206252023578,
        0.0005323520745150745,
        0.0005358122871257365,
        0.0005159490974619985,
        0.0005168569623492658,
        0.0005078153917565942,
        0.0005034342757426202,
        0.0005188696086406708,
        0.0005205505294725299,
        0.000486054050270468,
        0.0005171793745830655,
        0.0005004527629353106,
        0.0004602336557582021,
        0.00047128190635703504,
        0.00046317768283188343,
        0.000475709413876757,
        0.00048677591257728636,
        0.00047532463213428855,
        0.00045361448428593576,
        0.00045465354924090207,
        0.0004746636841446161,
        0.000480817659990862,
        0.0004639015533030033,
        0.00047949262079782784,
        0.0004629800678230822,
        0.0004712610971182585
    ],
    "mean_absolute_error":[
        0.023312872275710106,
        0.01820828579366207,
        0.017179764807224274,
        0.016449782997369766,
        0.015681583434343338,
        0.015213186852633953,
        0.015772109851241112,
        0.015773842111229897,
        0.01563570834696293,
        0.015523424372076988,
        0.015085391700267792,
        0.015020499005913734,
        0.014924932271242142,
        0.014844255521893501,
        0.014692908152937889,
        0.014788334257900715,
        0.014615231193602085,
        0.014933617785573006,
        0.014791812747716904,
        0.014414629898965359,
        0.014700750820338726,
        0.014555001631379128,
        0.01407515350729227,
        0.014121465384960175,
        0.013825368136167526,
        0.014041151851415634,
        0.014303215779364109,
        0.014151365496218204,
        0.013953828252851963,
        0.013637110590934753,
        0.013910255394876003,
        0.014080161228775978,
        0.013790668919682503,
        0.013956771232187748,
        0.013790776021778584,
        0.013805434107780457
    ],
    "mean_squared_error":[
        0.0018539343727752566,
        0.0008394269389100373,
        0.000691302353516221,
        0.0006292928592301905,
        0.0005675659631378949,
        0.0005268675158731639,
        0.0005691107362508774,
        0.0005917009548284113,
        0.0005543029983527958,
        0.000561752705834806,
        0.0005224206252023578,
        0.0005323520745150745,
        0.0005358122871257365,
        0.0005159490974619985,
        0.0005168569623492658,
        0.0005078153917565942,
        0.0005034342757426202,
        0.0005188696086406708,
        0.0005205505294725299,
        0.000486054050270468,
        0.0005171793745830655,
        0.0005004527629353106,
        0.0004602336557582021,
        0.00047128190635703504,
        0.00046317768283188343,
        0.000475709413876757,
        0.00048677591257728636,
        0.00047532463213428855,
        0.00045361448428593576,
        0.0004546535201370716,
        0.0004746636841446161,
        0.000480817659990862,
        0.0004639015533030033,
        0.00047949262079782784,
        0.0004629800678230822,
        0.0004712610971182585
    ],
    "val_accuracy":[
        0.14165733754634857,
        0.19876819849014282,
        0.15341545641422272,
        0.1875699907541275,
        0.18868981301784515,
        0.21724523603916168,
        0.22340425848960876,
        0.2133258730173111,
        0.19204926490783691,
        0.17805151641368866,
        0.16629339754581451,
        0.1959686428308487,
        0.18197087943553925,
        0.20324748754501343,
        0.2004479318857193,
        0.11982082575559616,
        0.19708846509456635,
        0.20100784301757812,
        0.19316908717155457,
        0.2541993260383606,
        0.19540873169898987,
        0.23012317717075348,
        0.19876819849014282,
        0.12206047028303146,
        0.19876819849014282,
        0.2541993260383606,
        0.12206047028303146,
        0.21668532490730286,
        0.12038073688745499,
        0.23628219962120056,
        0.23012317717075348,
        0.20772676169872284,
        0.19652855396270752,
        0.23012317717075348,
        0.24916014075279236,
        0.19148936867713928
    ],
    "val_cosine_similarity":[
        0.8492714762687683,
        0.9984838366508484,
        0.983521580696106,
        0.9934893250465393,
        0.9988126754760742,
        0.9796537756919861,
        0.999028205871582,
        0.9990770220756531,
        0.9989153146743774,
        0.9990586638450623,
        0.9990503787994385,
        0.9691803455352783,
        0.9990684986114502,
        0.999082624912262,
        0.9990689158439636,
        0.9990662336349487,
        0.9862451553344727,
        0.9990496039390564,
        0.9990886449813843,
        0.9990747570991516,
        0.9983775615692139,
        0.9979346990585327,
        0.9990554451942444,
        0.9963476061820984,
        0.999056339263916,
        0.9902992248535156,
        0.999030590057373,
        0.9990705251693726,
        0.9990639090538025,
        0.9977325201034546,
        0.9736387729644775,
        0.9989876747131348,
        0.9990978240966797,
        0.9977753758430481,
        0.9990712404251099,
        0.9979673624038696
    ],