{"Strategy Metrics": {"Daily Swing Trade Return": 26.639999999999993, "Buy & Hold Return": -23.78000200000001, "Auto13($22000) Return": 8205.01994999999}, "Model Metrics": {"loss": 152.21900939941406, "mean_squared_error": 152.21900939941406, "mean_absolute_error": 11.685256004333496, "accuracy": 0.13548387587070465, "cosine_similarity": 0.8523716926574707}, "Class Metrics": {"f1_monark": 0.6666666666666666, "accuracy": 0.6845238095238095, "precision": 0.6463414634146342, "recall": 0.6883116883116883, "roc auc": 0.6848151848151849}}