{"Strategy Metrics": {"Daily Swing Trade Return": 48.509999, "Buy & Hold Return": -23.78000200000001, "Auto13($22000) Return": 19418.839553999984}, "Model Metrics": {"loss": 151.62489318847656, "mean_squared_error": 151.62489318847656, "mean_absolute_error": 11.658117294311523, "accuracy": 0.0903225839138031, "cosine_similarity": 0.9766159653663635}, "Class Metrics": {"f1_monark": 0.8333333333333334, "accuracy": 0.8452380952380952, "precision": 0.8227848101265823, "recall": 0.8441558441558441, "roc auc": 0.8451548451548452}}