{"Strategy Metrics": {"Daily Swing Trade Return": 1120.3359960000007, "Buy & Hold Return": 369.38000099999994, "Auto13($22000) Return": 26544.27531100005}, "Model Metrics": {"loss": 28114.197265625, "mean_squared_error": 28114.197265625, "mean_absolute_error": 124.2547378540039, "accuracy": 0.22047244012355804, "cosine_similarity": 0.999032735824585}, "Class Metrics": {"f1_monark": 0.7795414462081129, "accuracy": 0.7553816046966731, "precision": 0.7620689655172413, "recall": 0.7978339350180506, "roc auc": 0.7514810700731277}}