{"Strategy Metrics": {"Daily Swing Trade Return": 74.35999999999999, "Buy & Hold Return": -0.4300000000000015, "Auto13($22000) Return": 21584.729999999996}, "Model Metrics": {"loss": 135.65643310546875, "mean_squared_error": 135.65643310546875, "mean_absolute_error": 11.491079330444336, "accuracy": 0.1230769231915474, "cosine_proximity": 0.9992285370826721}, "Class Metrics": {"f1_monark": 0.749738219895288, "accuracy": 0.7410617551462622, "precision": 0.750524109014675, "recall": 0.7489539748953975, "roc auc": 0.7407691222791595}}