{
    "accuracy":[
        0.07961355149745941,
        0.06787330657243729,
        0.06787330657243729,
        0.07325424998998642,
        0.07655619084835052,
        0.06897395104169846,
        0.07594472169876099,
        0.074599489569664,
        0.07349883764982224,
        0.07924667000770569,
        0.08291549235582352,
        0.06787330657243729,
        0.08046960830688477,
        0.08169255405664444,
        0.0760670155286789,
        0.07851289957761765,
        0.08242631703615189,
        0.08352696895599365,
        0.08523908257484436,
        0.08157026022672653,
        0.08413843810558319
    ],
    "cosine_similarity":[
        0.964595377445221,
        0.9476361870765686,
        0.952858030796051,
        0.96434485912323,
        0.9732896685600281,
        0.9755483865737915,
        0.9710478782653809,
        0.9640517830848694,
        0.9695807695388794,
        0.9737163186073303,
        0.9751718640327454,
        0.9707934856414795,
        0.9708827137947083,
        0.9617601037025452,
        0.9784146547317505,
        0.971965491771698,
        0.974806547164917,
        0.9755446910858154,
        0.9727838635444641,
        0.9734675884246826,
        0.9789265394210815
    ],
    "loss":[
        0.0014191666850820184,
        0.0005492315976880491,
        0.00046882673632353544,
        0.0003915635170415044,
        0.00036502472357824445,
        0.0003566591767594218,
        0.00034406527993269265,
        0.00035032175946980715,
        0.00033677913597784936,
        0.0003293147892691195,
        0.0003214892349205911,
        0.0003282429534010589,
        0.0003206801775377244,
        0.00033161748433485627,
        0.00031381333246827126,
        0.0003104707575403154,
        0.00030638949829153717,
        0.00030870671616867185,
        0.000308052112814039,
        0.0003040277224499732,
        0.000301337888231501
    ],
    "mean_absolute_error":[
        0.017680278047919273,
        0.013557233847677708,
        0.012417146936058998,
        0.011020636186003685,
        0.01046974677592516,
        0.010219467803835869,
        0.010112670250236988,
        0.010221214964985847,
        0.00986798107624054,
        0.009718882851302624,
        0.009514731355011463,
        0.009694202803075314,
        0.009615235961973667,
        0.009980977512896061,
        0.009374977089464664,
        0.009365771897137165,
        0.009270191192626953,
        0.00930220540612936,
        0.009374520741403103,
        0.009142987430095673,
        0.009057152085006237
    ],
    "mean_squared_error":[
        0.0014191666850820184,
        0.0005492315976880491,
        0.00046882673632353544,
        0.00039156354614533484,
        0.00036502472357824445,
        0.0003566591767594218,
        0.00034406527993269265,
        0.00035032175946980715,
        0.00033677913597784936,
        0.0003293147892691195,
        0.0003214892349205911,
        0.0003282429534010589,
        0.0003206801775377244,
        0.00033161748433485627,
        0.00031381333246827126,
        0.00031047072843648493,
        0.00030638949829153717,
        0.00030870671616867185,
        0.000308052112814039,
        0.0003040277224499732,
        0.000301337888231501
    ],
    "val_accuracy":[
        0.049877751618623734,
        0.10709046572446823,
        0.09633252024650574,
        0.03569682314991951,
        0.080684594810009,
        0.08801955729722977,
        0.09682151675224304,
        0.052322737872600555,
        0.08801955729722977,
        0.07432762533426285,
        0.058190710842609406,
        0.11295843869447708,
        0.080684594810009,
        0.06552567332983017,
        0.11295843869447708,
        0.05525672435760498,
        0.05036674812436104,
        0.07286063581705093,
        0.06405867636203766,
        0.12029340118169785,
        0.048899754881858826
    ],
    "val_cosine_similarity":[
        0.9830027222633362,
        0.6658952832221985,
        0.9962603449821472,
        0.9974694848060608,
        0.9788885116577148,
        0.9950585961341858,
        0.8947624564170837,
        0.9958441853523254,
        0.95050448179245,
        0.9772353768348694,
        0.985598087310791,
        0.9972525238990784,
        0.9641737341880798,
        0.9708422422409058,
        0.9962370991706848,
        0.9852765202522278,
        0.9937770366668701,
        0.9061095118522644,
        0.9973068237304688,
        0.9884921908378601,
        0.9972661733627319
    ],
    "val_loss":[
        0.000901798193808645,
        0.0004237644898239523,
        0.00034240935929119587,
        0.00032837127218954265,
        0.0004553018370643258,
        0.0003813799121417105,
        0.0003828334156423807,
        0.0003291005559731275,
        0.00038123689591884613,
        0.00029799112235195935,
        0.0002776198962237686,
        0.00029256619745865464,
        0.000298087892588228,
        0.0002864173147827387,
        0.0002963323495350778,
        0.00036318766069598496,
        0.0002794288448058069,
        0.00030530564254149795,
        0.00030738909845240414,
        0.0002878144441638142,
        0.00041672089719213545
    ],
    "val_mean_absolute_error":[
        0.017679763957858086,
        0.014117497019469738,
        0.008749343454837799,
        0.00939291063696146,
        0.011572013609111309,
        0.009594285860657692,
        0.011987072415649891,
        0.0098330182954669,
        0.011086477898061275,
        0.008426329120993614,
        0.007840393111109734,
        0.008715671487152576,
        0.008913704194128513,
        0.008652701042592525,
        0.00833840761333704,
        0.009532674215734005,
        0.00793247576802969,
        0.010782646015286446,
        0.010065460577607155,
        0.008147241547703743,
        0.01023142784833908
    ],
    "val_mean_squared_error":[
        0.000901798193808645,
        0.0004237644898239523,
        0.00034240935929119587,
        0.00032837127218954265,
        0.0004553018370643258,
        0.0003813799121417105,
        0.0003828334156423807,
        0.0003291005559731275,
        0.00038123689591884613,
        0.00029799112235195935,
        0.00027761986711993814,
        0.00029256619745865464,
        0.000298087892588228,
        0.0002864173147827387,
        0.0002963323495350778,
        0.00036318766069598496,
        0.0002794288448058069,
        0.00030530564254149795,
        0.00030738909845240414,
        0.0002878144441638142,
        0.00041672089719213545
    ]
}