{"Strategy Metrics": {"Daily Swing Trade Return": 19.980000000000004, "Buy & Hold Return": -18.49999900000001, "Auto13($22000) Return": 6238.489976000023}, "Model Metrics": {"loss": 142.05165100097656, "mean_squared_error": 142.05165100097656, "mean_absolute_error": 11.44005298614502, "accuracy": 0.11184210330247879, "cosine_similarity": 0.943211019039154}, "Class Metrics": {"f1_monark": 0.6322580645161291, "accuracy": 0.6545454545454545, "precision": 0.6282051282051282, "recall": 0.6363636363636364, "roc auc": 0.6534090909090908}}