{
    "accuracy":[
        0.07364577054977417,
        0.07181984186172485,
        0.06390748918056488,
        0.06451612710952759,
        0.06451612710952759,
        0.06147291511297226,
        0.08034083992242813,
        0.07547169923782349,
        0.08034083992242813,
        0.09616555273532867,
        0.08094948530197144,
        0.09068776667118073,
        0.09555690735578537,
        0.09616555273532867,
        0.09190504997968674,
        0.09312234073877335,
        0.09555690735578537,
        0.099208764731884,
        0.09373097866773605,
        0.08338405191898346,
        0.09494826197624207,
        0.10286062210798264,
        0.09433962404727936,
        0.08947048336267471,
        0.09068776667118073,
        0.08703590929508209,
        0.0876445546746254,
        0.09068776667118073,
        0.10103469341993332,
        0.10042604804039001,
        0.09616555273532867,
        0.09555690735578537
    ],
    "cosine_similarity":[
        0.8512167930603027,
        0.8489564657211304,
        0.8510856032371521,
        0.8455110788345337,
        0.8545399308204651,
        0.8513767719268799,
        0.8594828248023987,
        0.8629089593887329,
        0.8562024235725403,
        0.8664246201515198,
        0.8673693537712097,
        0.8666690587997437,
        0.8704884052276611,
        0.8710690140724182,
        0.869617760181427,
        0.8750190138816833,
        0.8686640858650208,
        0.8720929026603699,
        0.8708111047744751,
        0.8726774454116821,
        0.8580905795097351,
        0.8806140422821045,
        0.8803170919418335,
        0.8856332898139954,
        0.8668656945228577,
        0.8718158602714539,
        0.8737550973892212,
        0.875122606754303,
        0.8861743807792664,
        0.8716945648193359,
        0.8893367052078247,
        0.884080171585083
    ],
    "loss":[
        0.0002820335212163627,
        0.0001618376700207591,
        0.0001404575741617009,
        0.00012099237937945873,
        0.00011953053763136268,
        0.00012176191376056522,
        9.678347123553976e-05,
        0.00010514551104279235,
        0.0001005923404591158,
        9.034600952873006e-05,
        9.388471517013386e-05,
        9.623683581594378e-05,
        9.272588795283809e-05,
        9.000246791401878e-05,
        9.019170101964846e-05,
        8.86237176018767e-05,
        8.513493958162144e-05,
        8.247840742114931e-05,
        8.356597390957177e-05,
        8.107398025458679e-05,
        7.942556840134785e-05,
        8.063363202381879e-05,
        7.626127626281232e-05,
        7.576634379802272e-05,
        7.876294694142416e-05,
        8.042739500524476e-05,
        7.924644160084426e-05,
        7.296752301044762e-05,
        7.475657912436873e-05,
        7.524353713961318e-05,
        7.44800636311993e-05,
        7.184141577454284e-05
    ],
    "mean_absolute_error":[
        0.012393244542181492,
        0.009891398251056671,
        0.009271776303648949,
        0.00859891064465046,
        0.008491451852023602,
        0.008539683185517788,
        0.007716613821685314,
        0.007962680421769619,
        0.007834186777472496,
        0.007380559109151363,
        0.007434366270899773,
        0.007631096988916397,
        0.007393825799226761,
        0.007357070222496986,
        0.007355560082942247,
        0.007313210051506758,
        0.007148374803364277,
        0.007045145612210035,
        0.007009362801909447,
        0.006911647971719503,
        0.00690723629668355,
        0.00696381414309144,
        0.006761135533452034,
        0.006745828315615654,
        0.006893425714224577,
        0.006926157046109438,
        0.006946180481463671,
        0.00662436056882143,
        0.006661664694547653,
        0.006643533241003752,
        0.006636739242821932,
        0.006535009481012821
    ],
    "mean_squared_error":[
        0.0002820335212163627,
        0.0001618376700207591,
        0.0001404575741617009,
        0.00012099237937945873,
        0.00011953053763136268,
        0.00012176191376056522,
        9.678347123553976e-05,
        0.00010514551104279235,
        0.0001005923404591158,
        9.034600952873006e-05,
        9.388471517013386e-05,
        9.623683581594378e-05,
        9.272588795283809e-05,
        9.000246791401878e-05,
        9.019170101964846e-05,
        8.86237176018767e-05,
        8.513493958162144e-05,
        8.247840742114931e-05,
        8.356597390957177e-05,
        8.107398025458679e-05,
        7.942556840134785e-05,
        8.063363202381879e-05,
        7.626127626281232e-05,
        7.576634379802272e-05,
        7.876294694142416e-05,
        8.042739500524476e-05,
        7.924644160084426e-05,
        7.296752301044762e-05,
        7.475657912436873e-05,
        7.524353713961318e-05,
        7.44800636311993e-05,
        7.184141577454284e-05
    ],
    "val_accuracy":[
        0.12895376980304718,
        0.14841848611831665,
        0.08029197156429291,
        0.051094889640808105,
        0.06326033920049667,
        0.15085157752037048,
        0.06326033920049667,
        0.05352798104286194,
        0.09732360392808914,
        0.09489051252603531,
        0.13381995260715485,
        0.07299269735813141,
        0.07055961340665817,
        0.11192213743925095,
        0.07542578876018524,
        0.0656934306025505,
        0.07785888016223907,
        0.10218977928161621,
        0.08272506296634674,
        0.05596106871962547,
        0.06326033920049667,
        0.043795619159936905,
        0.15571776032447815,
        0.07542578876018524,
        0.13381995260715485,
        0.051094889640808105,
        0.04866180196404457,
        0.10462287068367004,
        0.06812652200460434,
        0.04866180196404457,
        0.058394160121679306,
        0.16545012593269348
    ],
    "val_cosine_similarity":[
        0.9942945241928101,
        0.9954345226287842,
        0.991123616695404,
        0.8751499652862549,
        0.9912381768226624,
        0.9959592223167419,
        0.9833214282989502,
        0.8963056206703186,
        0.9074447154998779,
        0.42490941286087036,
        0.9728502035140991,
        0.5961984395980835,
        0.9971168637275696,
        0.9924570918083191,
        0.9244240522384644,
        0.4657030701637268,
        0.997151255607605,
        0.9961311221122742,
        0.8946212530136108,
        0.9944784045219421,
        0.9966986179351807,
        0.992573618888855,
        0.9909712672233582,
        0.9966450929641724,
        0.99526047706604,
        0.5988508462905884,
        0.9878992438316345,
        0.7854228019714355,
        0.9353007078170776,
        0.9964481592178345,
        0.9929459095001221,
        0.954259991645813
    ],
    "val_loss":[
        8.36944964248687e-05,
        9.558215970173478e-05,
        0.00010181052493862808,
        4.656577220885083e-05,
        4.5937951654195786e-05,
        4.938882193528116e-05,
        5.762884393334389e-05,
        5.045059879194014e-05,
        4.898540646536276e-05,
        9.51784459175542e-05,
        4.375794742372818e-05,
        5.91265779803507e-05,
        5.271485497360118e-05,
        5.912111373618245e-05,
        7.697426917729899e-05,
        7.498319610022008e-05,
        6.0570779169211164e-05,
        6.843548908364028e-05,
        4.2693263822002336e-05,
        9.233761375071481e-05,
        6.602165376534685e-05,
        3.893647590302862e-05,
        4.201378033030778e-05,
        4.316327613196336e-05,
        4.1124174458673224e-05,
        6.180514174047858e-05,
        4.109620931558311e-05,
        5.21594010933768e-05,
        9.771177428774536e-05,
        4.449466723599471e-05,
        5.1674556743819267e-05,
        4.0362185245612636e-05
    ],