{"Strategy Metrics": {"Daily Swing Trade Return": 244.00460599999997, "Buy & Hold Return": -6.804230999999999, "Auto13($22000) Return": 129164.70911799982}, "Model Metrics": {"loss": 420.9352722167969, "mean_squared_error": 420.9352722167969, "mean_absolute_error": 19.30665397644043, "accuracy": 0.08067689836025238, "cosine_proximity": 0.9994751811027527}, "Class Metrics": {"f1_monark": 0.8948829829432765, "accuracy": 0.8962411902897416, "precision": 0.8791893998441154, "recall": 0.9111470113085622, "roc auc": 0.8966829281466824}}