{"Strategy Metrics": {"Daily Swing Trade Return": 19009.463863000023, "Buy & Hold Return": 1330.2646480000003, "Auto13($22000) Return": 38018.92772600004}, "Model Metrics": {"loss": 84470536.0, "mean_squared_error": 84470536.0, "mean_absolute_error": 9068.4697265625, "accuracy": 0.13475176692008972, "cosine_similarity": 0.9973413348197937}, "Class Metrics": {"f1_monark": 0.6103286384976526, "accuracy": 0.6192660550458715, "precision": 0.6310679611650486, "recall": 0.5909090909090909, "roc auc": 0.6195286195286196}}