{
    "accuracy":[
        0.07113884389400482,
        0.0631825253367424,
        0.0673946961760521,
        0.07129485160112381,
        0.06489859521389008,
        0.06957878172397614,
        0.06879875063896179,
        0.07020280510187149,
        0.06911076605319977,
        0.07254289835691452,
        0.0714508593082428,
        0.07566303014755249,
        0.08221528679132462,
        0.08081123232841492,
        0.08393135666847229,
        0.08393135666847229,
        0.08424337208271027,
        0.07940717786550522
    ],
    "cosine_similarity":[
        0.6350911259651184,
        0.6285952925682068,
        0.6366788148880005,
        0.6317411661148071,
        0.6260125041007996,
        0.6396045684814453,
        0.6384932398796082,
        0.6512505412101746,
        0.6665859222412109,
        0.6523865461349487,
        0.6569252610206604,
        0.682820200920105,
        0.6471035480499268,
        0.6627022624015808,
        0.6715802550315857,
        0.6814563870429993,
        0.6629428863525391,
        0.678087592124939
    ],
    "loss":[
        0.00011149630881845951,
        5.177273487788625e-05,
        3.37513156409841e-05,
        3.2215306418947875e-05,
        2.8902124540763907e-05,
        2.708031934162136e-05,
        2.3506985598942265e-05,
        2.3358212274615653e-05,
        2.3366899768006988e-05,
        2.4317097995663062e-05,
        2.25403255171841e-05,
        2.1840793124283664e-05,
        2.2481055566458963e-05,
        2.2565265680896118e-05,
        2.0328294340288267e-05,
        2.065965782094281e-05,
        2.2655340217170306e-05,
        1.981390050787013e-05
    ],
    "mean_absolute_error":[
        0.005511058494448662,
        0.004025253001600504,
        0.0034353435039520264,
        0.0034277434460818768,
        0.003244532737880945,
        0.0031433277763426304,
        0.003027605824172497,
        0.0029390815179795027,
        0.0029193179216235876,
        0.003004810307174921,
        0.0029253375250846148,
        0.0027611483819782734,
        0.0028952504508197308,
        0.0028462649788707495,
        0.0027166842482984066,
        0.002712199231609702,
        0.002895205281674862,
        0.002698424505069852
    ],
    "mean_squared_error":[
        0.00011149630881845951,
        5.177273487788625e-05,
        3.37513156409841e-05,
        3.2215306418947875e-05,
        2.8902124540763907e-05,
        2.708031934162136e-05,
        2.3506985598942265e-05,
        2.3358212274615653e-05,
        2.3366899768006988e-05,
        2.4317097995663062e-05,
        2.25403255171841e-05,
        2.1840793124283664e-05,
        2.2481055566458963e-05,
        2.2565265680896118e-05,
        2.0328294340288267e-05,
        2.065965782094281e-05,
        2.2655340217170306e-05,
        1.981390050787013e-05
    ],
    "val_accuracy":[
        0.046163443475961685,
        0.04179663211107254,
        0.08484092354774475,
        0.07485964149236679,
        0.18527761101722717,
        0.05302557721734047,
        0.09918902069330215,
        0.061135370284318924,
        0.052401747554540634,
        0.04803493618965149,
        0.06238303333520889,
        0.07361197471618652,
        0.04054896906018257,
        0.07985027879476547,
        0.059887710958719254,
        0.18527761101722717,
        0.046163443475961685,
        0.12788522243499756
    ],
    "val_cosine_similarity":[
        -0.5758933424949646,
        0.2603345215320587,
        0.8851515650749207,
        0.9954797625541687,
        0.9940308332443237,
        0.9917100071907043,
        0.7395035028457642,
        0.8908466100692749,
        0.9969764351844788,
        0.9348157644271851,
        0.9884011745452881,
        0.09621067345142365,
        0.9921773076057434,
        0.9973005056381226,
        0.9958482980728149,
        0.6218761205673218,
        0.6529461741447449,
        0.3067381680011749
    ],
    "val_loss":[
        0.00017692125402390957,
        8.7204734882107e-06,
        1.9329867427586578e-05,
        1.959528890438378e-05,
        1.7323996871709824e-05,
        9.306920219387393e-06,
        5.285083261696855e-06,
        4.327719580032863e-06,
        1.4678172192361671e-05,
        4.625369001587387e-06,
        9.047708772413898e-06,
        1.1404376891732682e-05,
        8.975165656011086e-06,
        8.625589543953538e-06,
        1.0161515092477202e-05,
        8.020587301871274e-06,
        4.339679890108528e-06,
        1.0966150512103923e-05
    ],
    "val_mean_absolute_error":[
        0.01270961668342352,
        0.002260033041238785,
        0.001839944045059383,
        0.0031318850815296173,
        0.0035800784826278687,
        0.002278571482747793,
        0.0011428172001615167,
        0.0009053401299752295,
        0.0034251040779054165,
        0.0008750170818530023,
        0.001393801299855113,
        0.0025870869867503643,
        0.0015875538811087608,
        0.002526498632505536,
        0.0014709075912833214,
        0.0016657942906022072,
        0.0012506087077781558,
        0.0024336890783160925
    ],
    "val_mean_squared_error":[
        0.00017692125402390957,
        8.7204734882107e-06,
        1.9329867427586578e-05,
        1.959528890438378e-05,
        1.7323996871709824e-05,
        9.306920219387393e-06,
        5.285083261696855e-06,
        4.327719580032863e-06,
        1.4678172192361671e-05,
        4.625369001587387e-06,
        9.047708772413898e-06,
        1.1404376891732682e-05,
        8.975165656011086e-06,
        8.625589543953538e-06,
        1.0161515092477202e-05,
        8.020587301871274e-06,
        4.339679890108528e-06,
        1.0966150512103923e-05
    ]
}