{"Strategy Metrics": {"Daily Swing Trade Return": 4.605000000000002, "Buy & Hold Return": 0.2550000000000008, "Auto13($22000) Return": 1103.7499999999927}, "Model Metrics": {"loss": 132.53759765625, "mean_squared_error": 132.53759765625, "mean_absolute_error": 11.372910499572754, "accuracy": 0.2380952388048172, "cosine_proximity": 0.9948430061340332}, "Class Metrics": {"f1_monark": 0.5531914893617023, "accuracy": 0.5434782608695652, "precision": 0.52, "recall": 0.5909090909090909, "roc auc": 0.5454545454545454}}