{"Strategy Metrics": {"Daily Swing Trade Return": 1259.5499920000009, "Buy & Hold Return": 370.56400299999996, "Auto13($22000) Return": 61063.07441599996}, "Model Metrics": {"loss": 26805.521484375, "mean_squared_error": 26805.521484375, "mean_absolute_error": 122.00222778320312, "accuracy": 0.09456740319728851, "cosine_similarity": 0.9949814081192017}, "Class Metrics": {"f1_monark": 0.9595588235294117, "accuracy": 0.9568627450980393, "precision": 0.9775280898876404, "recall": 0.9422382671480144, "roc auc": 0.9582435970933206}}