{"Strategy Metrics": {"Daily Swing Trade Return": 15.017500000000005, "Buy & Hold Return": 3.7975000000000003, "Auto13($22000) Return": 19296.29800000004}, "Model Metrics": {"loss": 10.746058464050293, "mean_squared_error": 10.746058464050293, "mean_absolute_error": 3.1756772994995117, "accuracy": 0.09859155118465424, "cosine_similarity": 0.9977696537971497}, "Class Metrics": {"f1_monark": 0.8860103626943004, "accuracy": 0.8804347826086957, "precision": 0.8341463414634146, "recall": 0.9447513812154696, "roc auc": 0.8814665996986437}}