{"Strategy Metrics": {"Daily Swing Trade Return": 98.39999999999996, "Buy & Hold Return": 0.6299999999999972, "Auto13($22000) Return": 51834.380000000034}, "Model Metrics": {"loss": 135.69570922851562, "mean_squared_error": 135.69570922851562, "mean_absolute_error": 11.493185997009277, "accuracy": 0.04803493618965149, "cosine_similarity": 0.9992231726646423}, "Class Metrics": {"f1_monark": 0.8879668049792531, "accuracy": 0.883745963401507, "precision": 0.8861283643892339, "recall": 0.8898128898128899, "roc auc": 0.8835225163350163}}