{"Strategy Metrics": {"Daily Swing Trade Return": 70.69000000000004, "Buy & Hold Return": 1.5299999999999976, "Auto13($22000) Return": 20006.72}, "Model Metrics": {"loss": 134.75042724609375, "mean_squared_error": 134.75042724609375, "mean_absolute_error": 11.45416259765625, "accuracy": 0.3712446391582489, "cosine_similarity": 0.9998210668563843}, "Class Metrics": {"f1_monark": 0.7357512953367875, "accuracy": 0.7266881028938906, "precision": 0.7395833333333334, "recall": 0.7319587628865979, "roc auc": 0.7264704528718704}}