{
    "accuracy":[
        0.06520414352416992,
        0.07251676172018051,
        0.06886044889688492,
        0.07190737128257751,
        0.0847044512629509,
        0.0834856778383255,
        0.0840950608253479,
        0.0883607566356659,
        0.10298598557710648,
        0.0871419832110405,
        0.0871419832110405,
        0.10176721215248108,
        0.09079829603433609,
        0.0877513736486435,
        0.0859232172369957,
        0.09811090677976608,
        0.0889701396226883,
        0.0847044512629509,
        0.0889701396226883,
        0.09323583543300629,
        0.10054844617843628,
        0.09262644499540329,
        0.10237660259008408,
        0.0895795226097107,
        0.0901889055967331,
        0.11029859632253647,
        0.09993906319141388,
        0.10176721215248108,
        0.09932968020439148,
        0.09384521842002869,
        0.09567336738109589,
        0.09323583543300629,
        0.10481413453817368,
        0.0877513736486435,
        0.10054844617843628,
        0.10603290796279907,
        0.09628275781869888,
        0.10725167393684387
    ],
    "cosine_similarity":[
        0.8606208562850952,
        0.8427879214286804,
        0.8510425090789795,
        0.851291298866272,
        0.8572987914085388,
        0.8563214540481567,
        0.8469399809837341,
        0.8695195317268372,
        0.8668321371078491,
        0.8473060131072998,
        0.8569555282592773,
        0.8675251603126526,
        0.8682335615158081,
        0.876176118850708,
        0.8698934316635132,
        0.8698337078094482,
        0.8630056381225586,
        0.8592391610145569,
        0.8684060573577881,
        0.8772863745689392,
        0.8702605366706848,
        0.8737629055976868,
        0.8761547803878784,
        0.8761117458343506,
        0.8790579438209534,
        0.8769320845603943,
        0.8756837844848633,
        0.8639743328094482,
        0.8723256587982178,
        0.8733258843421936,
        0.8702898621559143,
        0.8712601065635681,
        0.8795660138130188,
        0.8698537349700928,
        0.8747214674949646,
        0.869292676448822,
        0.8742924928665161,
        0.8692489266395569
    ],
    "loss":[
        0.0002909951435867697,
        0.00013819115702062845,
        0.00011509923206176609,
        0.00011712968989741057,
        0.00010785682388814166,
        0.00010104641842190176,
        9.675755427451804e-05,
        8.768847328610718e-05,
        9.058352588908747e-05,
        9.125006181420758e-05,
        9.142932685790583e-05,
        8.948329195845872e-05,
        8.740581688471138e-05,
        8.456229988951236e-05,
        8.424061525147408e-05,
        8.556553075322881e-05,
        8.482764678774402e-05,
        8.57075210660696e-05,
        8.785974932834506e-05,
        8.291872654808685e-05,
        8.26804680400528e-05,
        8.411455928580835e-05,
        7.577148790005594e-05,
        8.142049773596227e-05,
        7.770945376250893e-05,
        8.403223182540387e-05,
        7.939781062304974e-05,
        7.961317169247195e-05,
        7.640329567948356e-05,
        8.507187885697931e-05,
        7.751453085802495e-05,
        8.162261656252667e-05,
        7.929908315418288e-05,
        8.350097050424665e-05,
        7.417937013087794e-05,
        8.119236008496955e-05,
        8.161558798747137e-05,
        7.879341865191236e-05
    ],
    "mean_absolute_error":[
        0.012234192341566086,
        0.009226362220942974,
        0.008371609263122082,
        0.008361474610865116,
        0.008058914914727211,
        0.007847069762647152,
        0.007744729984551668,
        0.007289232220500708,
        0.007397159934043884,
        0.007481676060706377,
        0.007435795851051807,
        0.0073248716071248055,
        0.0072181085124611855,
        0.007112208288162947,
        0.0070446450263261795,
        0.007209697738289833,
        0.007063518278300762,
        0.007121684029698372,
        0.007286266889423132,
        0.007040358614176512,
        0.007035510148853064,
        0.007058160379528999,
        0.00674601411446929,
        0.006972314789891243,
        0.00682118209078908,
        0.007110885810106993,
        0.006840734276920557,
        0.006864910013973713,
        0.006735611241310835,
        0.007168561220169067,
        0.006784726399928331,
        0.006972222123295069,
        0.006862219423055649,
        0.007070593070238829,
        0.006621615961194038,
        0.007016134914010763,
        0.006937037222087383,
        0.006812575738877058
    ],
    "mean_squared_error":[
        0.0002909951435867697,
        0.00013819115702062845,
        0.00011509923206176609,
        0.00011712968989741057,
        0.00010785682388814166,
        0.00010104641842190176,
        9.675755427451804e-05,
        8.768847328610718e-05,
        9.058352588908747e-05,
        9.125006181420758e-05,
        9.142932685790583e-05,
        8.948329195845872e-05,
        8.740581688471138e-05,
        8.456229988951236e-05,
        8.424061525147408e-05,
        8.556553075322881e-05,
        8.482764678774402e-05,
        8.57075210660696e-05,
        8.785974932834506e-05,
        8.291872654808685e-05,
        8.26804680400528e-05,
        8.411455928580835e-05,
        7.577148790005594e-05,
        8.142049773596227e-05,
        7.770945376250893e-05,
        8.403223182540387e-05,
        7.939781062304974e-05,
        7.961317169247195e-05,
        7.640329567948356e-05,
        8.507187885697931e-05,
        7.751453085802495e-05,
        8.162261656252667e-05,
        7.929908315418288e-05,
        8.350097050424665e-05,
        7.417937013087794e-05,
        8.119236008496955e-05,
        8.161558798747137e-05,
        7.879341865191236e-05
    ],
    "val_accuracy":[
        0.04622871056199074,
        0.09975668787956238,
        0.04622871056199074,
        0.07055961340665817,
        0.18491484224796295,
        0.05352798104286194,
        0.09245742112398148,
        0.17031630873680115,
        0.06326033920049667,
        0.16788321733474731,
        0.043795619159936905,
        0.16301703453063965,
        0.06082725152373314,
        0.07299269735813141,
        0.09975668787956238,
        0.0656934306025505,
        0.12652067840099335,
        0.18248175084590912,
        0.06082725152373314,
        0.10948905348777771,
        0.07299269735813141,
        0.09002432972192764,
        0.14598539471626282,
        0.15085157752037048,
        0.1386861354112625,
        0.16545012593269348,
        0.11192213743925095,
        0.11678832024335861,
        0.03406326100230217,
        0.10705596208572388,
        0.058394160121679306,
        0.04866180196404457,
        0.051094889640808105,
        0.10948905348777771,
        0.17031630873680115,
        0.15085157752037048,
        0.05596106871962547,
        0.14111922681331635
    ],