{"Strategy Metrics": {"Daily Swing Trade Return": 98.76999399999995, "Buy & Hold Return": -4.179999999999999, "Auto13($22000) Return": 39212.74712999999}, "Model Metrics": {"loss": 145.33624267578125, "mean_squared_error": 145.33624267578125, "mean_absolute_error": 11.675747871398926, "accuracy": 0.05923694744706154, "cosine_similarity": 0.9982442855834961}, "Class Metrics": {"f1_monark": 0.7929342492639844, "accuracy": 0.7908820614469773, "precision": 0.7875243664717348, "recall": 0.7984189723320159, "roc auc": 0.7908595855695865}}