{"Strategy Metrics": {"Daily Swing Trade Return": 62.60000200000003, "Buy & Hold Return": -25.909999000000006, "Auto13($22000) Return": 12649.440302000003}, "Model Metrics": {"loss": 615.0133666992188, "mean_squared_error": 615.0133666992188, "mean_absolute_error": 20.94797706604004, "accuracy": 0.1900826394557953, "cosine_similarity": 0.9636080265045166}, "Class Metrics": {"f1_monark": 0.748936170212766, "accuracy": 0.7601626016260162, "precision": 0.7394957983193278, "recall": 0.7586206896551724, "roc auc": 0.7600795755968169}}