{"Strategy Metrics": {"Daily Swing Trade Return": 36830.229003000015, "Buy & Hold Return": 1375.6748050000006, "Auto13($22000) Return": 73660.45800600002}, "Model Metrics": {"loss": 85855256.0, "mean_squared_error": 85855256.0, "mean_absolute_error": 9140.08984375, "accuracy": 0.2602739632129669, "cosine_similarity": 0.9994807243347168}, "Class Metrics": {"f1_monark": 0.8314606741573034, "accuracy": 0.8299319727891157, "precision": 0.8333333333333334, "recall": 0.8295964125560538, "roc auc": 0.829935820956926}}