{"Strategy Metrics": {"Daily Swing Trade Return": 36168.49999699999, "Buy & Hold Return": 990.9072269999997, "Auto13($22000) Return": 72336.99999400003}, "Model Metrics": {"loss": 85504600.0, "mean_squared_error": 85504600.0, "mean_absolute_error": 9122.509765625, "accuracy": 0.19310344755649567, "cosine_similarity": 0.9994414448738098}, "Class Metrics": {"f1_monark": 0.8136363636363636, "accuracy": 0.8127853881278538, "precision": 0.817351598173516, "recall": 0.8099547511312217, "roc auc": 0.8128114769480993}}