{
    "accuracy":[
        0.15210990607738495,
        0.1589793860912323,
        0.16584886610507965,
        0.17369970679283142,
        0.16192345321178436,
        0.18253189325332642,
        0.17075563967227936,
        0.163886159658432,
        0.1540726274251938,
        0.18056918680667877,
        0.1364082396030426,
        0.17369970679283142,
        0.17173700034618378,
        0.15210990607738495,
        0.17468105256557465,
        0.17566241323947906,
        0.1678115725517273,
        0.16977429389953613,
        0.16290481388568878,
        0.1776251196861267,
        0.15309126675128937,
        0.18547596037387848,
        0.1776251196861267,
        0.16094210743904114,
        0.17566241323947906,
        0.14818449318408966,
        0.18056918680667877,
        0.15112856030464172,
        0.16290481388568878,
        0.1687929332256317,
        0.16683022677898407,
        0.16977429389953613,
        0.1687929332256317,
        0.17468105256557465,
        0.1501471996307373,
        0.17468105256557465,
        0.1687929332256317,
        0.172718346118927,
        0.16290481388568878,
        0.1776251196861267,
        0.17173700034618378,
        0.14916585385799408,
        0.16584886610507965,
        0.16977429389953613,
        0.18056918680667877,
        0.16683022677898407,
        0.1501471996307373,
        0.18842001259326935,
        0.17468105256557465,
        0.16683022677898407,
        0.17173700034618378,
        0.17173700034618378,
        0.181550532579422,
        0.19038273394107819,
        0.1864573061466217,
        0.17664377391338348,
        0.17958782613277435,
        0.21295388042926788,
        0.1864573061466217,
        0.19430814683437347,
        0.2001962661743164,
        0.19234544038772583,
        0.19921492040157318,
        0.17664377391338348
    ],
    "cosine_similarity":[
        0.9380783438682556,
        0.9495970606803894,
        0.9258480072021484,
        0.9304558634757996,
        0.9196160435676575,
        0.9049950242042542,
        0.8952218890190125,
        0.8914244771003723,
        0.8915332555770874,
        0.8976585865020752,
        0.8800854086875916,
        0.8777517676353455,
        0.8853499889373779,
        0.8790544867515564,
        0.8937447667121887,
        0.867387592792511,
        0.8815306425094604,
        0.8871491551399231,
        0.8766708970069885,
        0.880834698677063,
        0.870193600654602,
        0.8676630854606628,
        0.875992476940155,
        0.8691225647926331,
        0.8811743855476379,
        0.8735332489013672,
        0.8745986223220825,
        0.8586361408233643,
        0.8741195201873779,
        0.8690781593322754,
        0.8820057511329651,
        0.8819757699966431,
        0.8790789246559143,
        0.8517165184020996,
        0.8655721545219421,
        0.890868067741394,
        0.8801448345184326,
        0.8697457313537598,
        0.8864961266517639,
        0.8808459639549255,
        0.8955779671669006,
        0.8792281150817871,
        0.8700153827667236,
        0.8940128087997437,
        0.8762908577919006,
        0.858859121799469,
        0.8785443305969238,
        0.8769243955612183,
        0.8824987411499023,
        0.8750302791595459,
        0.8750582933425903,
        0.885185956954956,
        0.8777933716773987,
        0.8720071911811829,
        0.8736684918403625,
        0.8820769786834717,
        0.8928874731063843,
        0.8953432440757751,
        0.8915671110153198,
        0.8904040455818176,
        0.9032127261161804,
        0.8770918250083923,
        0.87465900182724,
        0.8866840600967407
    ],
    "loss":[
        0.020664162933826447,
        0.007458863314241171,
        0.007215844001621008,
        0.005545725114643574,
        0.004326338414102793,
        0.0036594036500900984,
        0.003997724503278732,
        0.003641873598098755,
        0.0035719473380595446,
        0.0035519266966730356,
        0.0032252920791506767,
        0.003300720127299428,
        0.0030743121169507504,
        0.002919707214459777,
        0.003000621683895588,
        0.0028207609429955482,
        0.0029093355406075716,
        0.0027769701555371284,
        0.0026370587293058634,
        0.0027279509231448174,
        0.002576342085376382,
        0.002686329884454608,
        0.0026040440425276756,
        0.0028201027307659388,
        0.002634843811392784,
        0.002728579565882683,
        0.002221213188022375,
        0.0026324703358113766,
        0.002572618192061782,
        0.0025931713171303272,
        0.002399429678916931,
        0.0024405638687312603,
        0.002330689923837781,
        0.0023900261148810387,
        0.002553180791437626,
        0.0020904000848531723,
        0.0021469222847372293,
        0.0025045564398169518,
        0.00222656037658453,
        0.002168169943615794,
        0.002226900542154908,
        0.002398063661530614,
        0.002104954095557332,
        0.00237836642190814,
        0.0022309315390884876,
        0.0024312101304531097,
        0.002284623682498932,
        0.0020264931954443455,
        0.0023279120214283466,
        0.001990777440369129,
        0.002120886230841279,
        0.002319746185094118,
        0.001980888657271862,
        0.002361871302127838,
        0.0022775151301175356,
        0.0022208308801054955,
        0.002325975801795721,
        0.002133806236088276,
        0.00227833422832191,
        0.002297708299010992,
        0.0021888306364417076,
        0.0021199011243879795,
        0.002435673028230667,
        0.002253463724628091
    ],
    "mean_absolute_error":[
        0.07935475558042526,
        0.04821342974901199,
        0.049239832907915115,
        0.041747841984033585,
        0.039127349853515625,
        0.03643832728266716,
        0.03786934167146683,
        0.03625430911779404,
        0.03661271184682846,
        0.03708649054169655,
        0.035391438752412796,
        0.03615128993988037,
        0.035574011504650116,
        0.03513467311859131,
        0.03573291748762131,
        0.03464233875274658,
        0.03564924746751785,
        0.03501545637845993,
        0.03449636325240135,
        0.03550389036536217,
        0.034313078969717026,
        0.03478831425309181,
        0.03404199331998825,
        0.03559105843305588,
        0.03488132730126381,
        0.03457500785589218,
        0.03240763768553734,
        0.03527967259287834,
        0.034988097846508026,
        0.03486539423465729,
        0.03271174058318138,
        0.03358882665634155,
        0.03317815437912941,
        0.03446424752473831,
        0.03431534394621849,
        0.03201930597424507,
        0.032209932804107666,
        0.03431243821978569,
        0.03293031081557274,
        0.03198765218257904,
        0.03270493075251579,
        0.033048130571842194,
        0.031736887991428375,
        0.03293025493621826,
        0.03190995752811432,
        0.03409261628985405,
        0.03275994211435318,
        0.03177246078848839,
        0.03287344053387642,
        0.0305115208029747,
        0.0327085517346859,
        0.03378503769636154,
        0.031404901295900345,
        0.03203786909580231,
        0.032781414687633514,
        0.03321882709860802,
        0.03305631875991821,
        0.03156669810414314,
        0.03241153061389923,
        0.03269103541970253,
        0.03164226934313774,
        0.0326017327606678,
        0.03377659246325493,
        0.032684531062841415
    ],