{"Strategy Metrics": {"Daily Swing Trade Return": 87.41999999999997, "Buy & Hold Return": -0.2500000000000018, "Auto13($22000) Return": 33811.35}, "Model Metrics": {"loss": 135.16696166992188, "mean_squared_error": 135.16696166992188, "mean_absolute_error": 11.472245216369629, "accuracy": 0.2681080996990204, "cosine_proximity": 0.999721884727478}, "Class Metrics": {"f1_monark": 0.8145833333333333, "accuracy": 0.8081896551724138, "precision": 0.8145833333333333, "recall": 0.8145833333333333, "roc auc": 0.8079613095238094}}